time [s],q1 [rad],q2 [rad],q1dot [rad/s],q2dot [rad/s],q1ddot [rad/s^2],q2ddot [rad/s^2],u1 [Nm],u2 [Nm]
0.000000,0.000000,0.000000,0.000000,0.000000,0.000000,0.000000,20.000000,-20.000000
0.005000,0.004305,-0.018623,1.640127,-7.378891,333.131999,-1444.955744,19.965159,-19.965159
0.010000,0.016031,-0.079976,3.130731,-15.484283,276.560938,-1197.684493,19.910696,-19.910696
0.015000,0.033417,-0.175998,4.196064,-20.007012,213.571520,-957.813414,19.836712,-19.836712
0.020000,0.054779,-0.263948,5.679503,-24.268523,145.999526,-702.788518,19.743330,-19.743330
0.025000,0.090280,-0.433760,5.490069,-28.840947,77.760316,-437.014401,19.630691,-19.630691
0.030000,0.109289,-0.511490,6.360533,-28.322881,22.503779,-256.882659,19.498953,-19.498953
0.035000,0.157488,-0.737980,6.298128,-32.717745,-20.192236,-82.738496,19.348295,-19.348295
0.040000,0.171549,-0.820170,6.433880,-28.513259,-48.350734,0.039803,19.178912,-19.178912
0.045000,0.223317,-1.084243,6.046004,-30.989894,-62.809639,38.513376,18.991018,-18.991018
0.050000,0.243490,-1.233135,4.787231,-27.945188,-68.779801,40.507496,18.784846,-18.784846
0.055000,0.271629,-1.417642,4.733313,-27.873444,-84.034359,27.771102,18.560644,-18.560644
0.060000,0.253859,-1.507997,4.422549,-33.216269,-94.163697,7.758221,18.318678,-18.318678
0.065000,0.308930,-1.783473,4.260570,-30.332791,-105.643209,-22.078973,18.059233,-18.059233
0.070000,0.338531,-1.682994,3.280141,-29.256780,-126.127788,-51.988832,17.782607,-17.782607
0.075000,0.305914,-2.050472,2.762647,-33.574887,-138.707305,-101.972967,17.489116,-17.489116
0.080000,0.369232,-2.183924,1.966325,-29.703963,-165.713599,-145.722642,17.179093,-17.179093
0.085000,0.334631,-2.071691,1.221502,-30.862373,-161.108133,-212.365008,16.852885,-16.852885
0.090000,0.367319,-2.468017,0.306401,-31.310138,-202.791035,-278.678255,16.510853,-16.510853
0.095000,0.353217,-2.696304,-0.643099,-31.477427,-183.689742,-323.128307,16.153377,-16.153377
0.100000,0.358675,-2.852525,-1.487445,-32.861546,-184.017459,-294.973891,15.780846,-15.780846
0.105000,0.357394,-2.756493,-2.367597,-39.843542,-94.712441,-190.584020,15.393666,-15.393666
0.110000,0.301485,-3.140176,-2.547758,-36.519117,28.374393,-19.834672,14.992257,-14.992257
0.115000,0.335230,-3.577079,-1.850698,-36.091936,148.630345,163.090458,14.577049,-14.577049
0.120000,0.321483,-3.848939,-1.067771,-34.093546,220.809926,204.138833,14.148487,-14.148487
0.125000,0.279969,-3.489385,0.106483,-32.785611,259.610427,211.206690,13.707028,-13.707028
0.130000,0.338929,-3.639664,1.243177,-34.110421,218.012607,114.799622,13.253139,-13.253139
0.135000,0.306416,-4.213519,2.399795,-34.493005,218.264777,28.515357,12.787301,-12.787301
0.140000,0.343994,-4.606373,3.579318,-33.220841,195.130690,-64.695020,12.310001,-12.310001
0.145000,0.334786,-4.764024,4.535985,-37.423692,221.534101,-159.726084,11.821741,-11.821741
0.150000,0.368802,-4.970196,5.747001,-37.562636,205.247471,-247.304932,11.323029,-11.323029
0.155000,0.413822,-4.621695,6.899110,-41.659694,190.178117,-365.047934,10.814385,-10.814385
0.160000,0.437757,-4.701521,8.445115,-37.855245,227.285368,-495.042806,10.296335,-10.296335
0.165000,0.518141,-5.113373,9.178784,-44.453908,244.891829,-656.016974,9.769413,-9.769413
0.170000,0.526457,-4.893755,10.590212,-46.256909,286.249753,-869.922254,9.234163,-9.234163
0.175000,0.618805,-5.519563,10.974903,-48.086909,272.193901,-1076.928488,8.691133,-8.691133
0.180000,0.655322,-6.447863,13.372913,-57.623390,210.139463,-733.686266,8.140879,-8.140879
0.185000,0.736132,-6.814681,14.594662,-62.880070,-46.379518,283.454853,7.583962,-7.583962
0.190000,0.865225,-6.389793,13.431755,-54.017198,-273.670610,1357.579819,7.020949,-7.020949
0.195000,0.832003,-6.952324,10.253164,-45.405728,-330.015162,1266.484754,6.452410,-6.452410
0.200000,0.948195,-6.350098,10.193010,-40.115635,-266.819569,1186.786294,5.878921,-5.878921
0.205000,0.846220,-6.529993,7.757458,-38.668886,-225.776241,846.621119,5.301061,-5.301061
0.210000,0.997044,-7.435086,7.558906,-29.216445,-198.358056,699.710965,4.719409,-4.719409
0.215000,1.054701,-6.987315,5.737408,-30.332671,-156.819892,480.518627,4.134552,-4.134552
0.220000,0.940169,-7.762761,5.498970,-24.620235,-126.356508,407.825174,3.547073,-3.547073
0.225000,1.080694,-8.247678,4.608835,-26.909794,-110.313161,343.448215,2.957559,-2.957559
0.230000,1.122852,-7.673907,4.717231,-24.606200,-102.674691,289.639555,2.366597,-2.366597
0.235000,1.178609,-7.555641,3.520639,-20.020564,-99.519470,220.848265,1.774775,-1.774775
0.240000,1.124098,-8.488289,3.283564,-22.444623,-80.948496,213.455362,1.182678,-1.182678
0.245000,1.059928,-8.637596,3.215466,-19.599035,-77.404371,193.708108,0.590892,-0.590892
0.250000,1.063742,-8.764034,2.376751,-18.048809,-75.799061,165.923255,0.000000,-0.000000
0.255000,1.072519,-9.027865,2.247640,-16.662260,-74.563080,168.102528,-0.589416,0.589416
0.260000,1.183440,-7.950519,1.931185,-18.961482,-63.988460,164.616462,-1.176779,1.176779
0.265000,1.233547,-8.009910,1.697336,-15.199019,-57.436873,164.074521,-1.761514,1.761514
0.270000,1.247023,-8.889236,1.341375,-15.879276,-59.701268,163.554693,-2.343049,2.343049
0.275000,1.297269,-8.232026,0.929789,-15.691597,-54.231752,162.427431,-2.920819,2.920819
0.280000,1.272558,-8.671851,0.754958,-12.795720,-42.591231,183.706955,-3.494264,3.494264
0.285000,1.252623,-8.346908,0.606109,-11.979256,-40.234068,191.864678,-4.062826,4.062826
0.290000,1.331352,-9.529078,0.427496,-11.515785,-30.002334,215.840539,-4.625959,4.625959
0.295000,1.188276,-9.190598,0.255697,-10.276797,-22.651602,190.998288,-5.183118,5.183118
0.300000,1.125691,-9.327213,0.161829,-9.953392,-20.248947,236.358740,-5.733770,5.733770
0.305000,1.106748,-9.388585,0.083349,-8.003304,-15.325932,246.666000,-6.277386,6.277386
0.310000,1.144012,-9.012104,0.023028,-7.250146,-10.991966,252.814224,-6.813448,6.813448
0.315000,1.228648,-8.740465,-0.020695,-7.057605,-8.316190,267.623457,-7.341445,7.341445
0.320000,1.307276,-8.782191,-0.049226,-5.011145,-5.436201,267.867181,-7.860876,7.860876
0.325000,1.195810,-9.694664,-0.086593,-4.031601,-5.488613,271.144044,-8.371250,8.371250
0.330000,1.142383,-9.846841,-0.102292,-2.899091,-4.460542,233.256221,-8.872086,8.872086
0.335000,1.227768,-8.787611,-0.124292,-1.469204,-5.036190,235.306651,-9.362912,9.362912
0.340000,1.123211,-9.480300,-0.151639,-0.110273,-6.664596,237.047367,-9.843270,9.843270
0.345000,1.331419,-8.284316,-0.193084,1.159746,-7.253469,251.312349,-10.312711,10.312711
0.350000,1.271277,-9.919600,-0.233760,2.302124,-9.770547,250.819300,-10.770799,10.770799
0.355000,1.297339,-9.436731,-0.269546,4.132806,-12.331362,272.826411,-11.217110,11.217110
0.360000,1.311314,-9.978975,-0.326213,5.179535,-15.669482,272.994570,-11.651233,11.651233
0.365000,1.149807,-9.533272,-0.473092,6.358300,-18.627815,242.884577,-12.072770,12.072770
0.370000,1.190654,-9.063450,-0.517809,7.982861,-21.752882,236.514687,-12.481337,12.481337
0.375000,1.205277,-8.275152,-0.704716,9.301650,-28.475533,253.741744,-12.876561,12.876561
0.380000,1.185387,-8.175703,-0.827070,10.281231,-29.730570,241.904806,-13.258087,13.258087
0.385000,1.263581,-9.375124,-0.970847,11.929150,-38.117958,247.080061,-13.625571,13.625571
0.390000,1.174489,-9.396575,-1.198642,13.418943,-44.440551,227.688843,-13.978687,13.978687
0.395000,1.177997,-8.516863,-1.450209,14.069219,-54.886375,207.159448,-14.317122,14.317122
0.400000,1.153987,-8.058486,-1.680690,13.861519,-61.262738,232.635617,-14.640577,14.640577
0.405000,1.185384,-9.423980,-2.171943,14.852303,-60.717436,241.733671,-14.948771,14.948771
0.410000,1.041293,-7.763855,-2.477091,17.701407,-78.546063,214.662187,-15.241439,15.241439
0.415000,1.050033,-9.035289,-2.712684,19.362517,-75.161154,243.189401,-15.518329,15.518329
0.420000,1.034584,-8.892383,-3.050167,18.526963,-88.992365,233.872878,-15.779208,15.779208
0.425000,1.204098,-8.406893,-3.592966,20.807819,-93.137619,296.638538,-16.023858,16.023858
0.430000,1.020501,-7.749402,-4.162553,21.115679,-102.224529,316.300560,-16.252079,16.252079
0.435000,1.043937,-8.190539,-4.409618,25.068152,-112.443420,341.742151,-16.463685,16.463685
0.440000,1.024199,-8.696721,-5.759946,23.122374,-143.478764,411.046920,-16.658510,16.658510
0.445000,0.933774,-8.243601,-6.754359,27.523157,-168.078693,436.668140,-16.836404,16.836404
0.450000,0.893939,-8.232669,-7.365298,31.741407,-182.067965,529.420866,-16.997232,16.997232
0.455000,0.879677,-7.459488,-7.765867,32.541244,-229.556016,755.926935,-17.140878,17.140878
0.460000,0.873180,-6.992261,-9.160788,37.523770,-278.573572,830.572201,-17.267245,17.267245
0.465000,0.770132,-7.762976,-10.199981,46.059802,-306.655741,1049.865514,-17.376249,17.376249
0.470000,0.867227,-6.520600,-12.612762,46.641785,-378.195807,1482.893591,-17.467828,17.467828
0.475000,0.684446,-6.161327,-13.149202,59.979550,-383.856695,1374.361436,-17.541933,17.541933
0.480000,0.648839,-6.868585,-15.542907,62.008417,-167.901902,598.175677,-17.598536,17.598536
0.485000,0.536034,-6.331032,-16.875813,56.998181,172.928252,-762.741739,-17.637624,17.637624
0.490000,0.519427,-6.100379,-13.444583,57.127855,282.456866,-1233.438164,-17.659203,17.659203
0.495000,0.395436,-5.133239,-13.171963,46.281448,265.223495,-957.746316,-17.663294,17.663294
0.500000,0.367226,-5.599460,-10.807361,42.941763,239.818251,-744.465624,-17.649938,17.649938
0.505000,0.327526,-4.611325,-10.560397,44.574407,191.102499,-556.038919,-17.619191,17.619191
0.510000,0.259857,-5.155497,-10.532150,42.779179,151.399309,-372.868661,-17.571127,17.571127
0.515000,0.202944,-4.919619,-9.859363,35.824723,145.345491,-233.202824,-17.505837,17.505837
0.520000,0.165896,-4.627067,-7.997504,39.666658,115.944778,-143.355026,-17.423428,17.423428
0.525000,0.120747,-4.489890,-7.307308,33.244891,114.459095,-44.913497,-17.324024,17.324024
0.530000,0.086053,-4.196456,-7.351597,36.995543,138.277292,40.235269,-17.207766,17.207766
0.535000,0.055814,-3.737885,-6.334837,36.435976,127.418379,126.083915,-17.074810,17.074810
0.540000,0.020005,-4.075545,-5.945654,38.524773,158.155073,191.578303,-16.925330,16.925330
0.545000,-0.005866,-3.846316,-5.103529,41.251402,116.137927,240.828838,-16.759515,16.759515
0.550000,-0.027714,-3.530598,-4.741126,43.380907,72.308992,164.826353,-16.577568,16.577568
0.555000,-0.056157,-3.074365,-4.524438,42.041913,-26.435573,45.513197,-16.379711,16.379711
0.560000,-0.077112,-2.797037,-4.536249,41.781832,-111.992728,-68.921085,-16.166177,16.166177
0.565000,-0.097637,-2.479575,-5.674232,41.391294,-171.524921,-107.566117,-15.937217,15.937217
0.570000,-0.143945,-2.508967,-6.007145,37.983089,-209.689128,-40.711431,-15.693095,15.693095
0.575000,-0.178439,-2.216842,-8.137800,39.258637,-205.080147,60.076107,-15.434091,15.434091
0.580000,-0.224454,-2.091683,-8.347056,36.515418,-217.552751,187.858360,-15.160496,15.160496
0.585000,-0.267658,-1.918169,-9.010458,39.234712,-201.897517,325.315522,-14.872618,14.872618
0.590000,-0.287558,-1.842871,-10.769409,41.959521,-223.329611,508.756403,-14.570777,14.570777
0.595000,-0.348244,-1.450958,-11.164479,42.884264,-281.547107,703.181926,-14.255305,14.255305
0.600000,-0.388551,-1.236036,-13.967598,53.007214,-336.176092,1088.235538,-13.926548,13.926548
0.605000,-0.475372,-0.913796,-16.784847,57.679372,-384.735440,1579.983651,-13.584863,13.584863
0.610000,-0.559001,-0.718805,-17.255916,67.209342,-521.136886,2068.813071,-13.230620,13.230620
0.615000,-0.693182,-0.285556,-20.929891,73.875466,-379.679857,1357.005732,-12.864200,12.864200
0.620000,-0.741619,0.063254,-18.607426,69.973108,261.242161,-1212.609744,-12.485996,12.485996
0.625000,-0.874526,0.397018,-19.848399,61.012738,511.097003,-2342.905383,-12.096410,12.096410
0.630000,-0.896349,0.706537,-15.573940,59.928950,476.983402,-1735.214719,-11.695854,11.695854
0.635000,-0.945045,1.012020,-13.198011,45.982504,295.828141,-1320.897759,-11.284753,11.284753
0.640000,-1.070102,1.232552,-12.156523,40.629303,260.980361,-877.287899,-10.863538,10.863538
0.645000,-1.253398,1.476743,-10.878279,38.763371,172.921629,-592.478547,-10.432650,10.432650
0.650000,-1.252599,1.606938,-9.287727,37.717417,164.550025,-413.793326,-9.992538,9.992538
0.655000,-1.268195,1.913010,-9.277332,31.401067,140.228978,-299.019234,-9.543661,9.543661
0.660000,-1.232324,2.062393,-9.337334,31.484101,120.568871,-262.726758,-9.086483,9.086483
0.665000,-1.305221,1.956543,-7.968619,30.596655,102.782889,-175.383081,-8.621477,8.621477
0.670000,-1.446003,2.228870,-8.343665,32.339635,99.728245,-110.855066,-8.149120,8.149120
0.675000,-1.419311,2.274196,-6.569679,30.354278,89.623048,-70.954606,-7.669898,7.669898
0.680000,-1.385416,2.643378,-6.658575,33.729190,86.588338,-55.486594,-7.184300,7.184300
0.685000,-1.463798,2.588632,-5.982312,31.140900,72.568043,-49.320349,-6.692823,6.692823
0.690000,-1.493622,2.802091,-6.244919,32.811067,51.593441,-67.842384,-6.195965,6.195965
0.695000,-1.418516,2.747331,-5.811198,27.362889,16.617557,-114.367734,-5.694232,5.694232
0.700000,-1.731999,3.427190,-5.769528,31.219165,-14.718708,-140.990724,-5.188130,5.188130
0.705000,-1.528008,3.453620,-5.594953,28.568110,-37.166232,-153.481918,-4.678169,4.678169
0.710000,-1.581777,3.524960,-6.110396,26.072937,-46.547416,-176.695390,-4.164864,4.164864
0.715000,-1.615420,3.289079,-6.226127,24.868996,-43.546658,-156.838544,-3.648729,3.648729
0.720000,-1.726994,3.574491,-6.767677,24.915429,-38.222355,-139.429444,-3.130281,3.130281
0.725000,-1.895520,4.166651,-6.961283,27.661552,-39.741443,-110.932721,-2.610036,2.610036
0.730000,-1.803305,3.751357,-7.721905,25.008728,-34.019130,-87.684288,-2.088515,2.088515
0.735000,-1.652203,3.974267,-7.471588,22.798187,-27.333009,-61.765292,-1.566233,1.566233
0.740000,-1.777997,4.498607,-7.784026,24.157480,-24.345424,-55.276558,-1.043709,1.043709
0.745000,-1.772484,4.402794,-7.255542,24.008017,-19.959932,-41.776210,-0.521460,0.521460
0.750000,-2.048088,4.195404,-8.005972,23.723542,-15.031972,-40.269118,-0.000000,0.000000
0.755000,-2.155940,4.483633,-6.943588,23.241007,-11.361932,-43.451259,0.520158,-0.520158
0.760000,-2.046507,4.727786,-7.213586,21.867065,-8.178693,-46.177783,1.038504,-1.038504
0.765000,-2.107375,4.835940,-8.292672,24.745402,-2.433311,-54.200397,1.554530,-1.554530
0.770000,-1.916337,4.665532,-8.411785,23.508557,4.187734,-71.052703,2.067733,-2.067733
0.775000,-2.326296,4.607745,-7.818536,23.477263,11.182696,-102.412960,2.577614,-2.577614
0.780000,-2.211493,4.971754,-8.302078,21.404700,21.878685,-136.369466,3.083677,-3.083677
0.785000,-2.352498,4.853849,-7.881712,21.737204,36.465884,-178.695387,3.585432,-3.585432
0.790000,-2.360940,5.837495,-6.940967,20.143879,49.637517,-247.760656,4.082394,-4.082394
0.795000,-2.438747,5.862455,-7.555644,18.882765,62.973179,-321.207406,4.574086,-4.574086
0.800000,-2.483377,5.690077,-7.154228,17.851359,90.083018,-363.521655,5.060034,-5.060034
0.805000,-2.229344,5.438582,-6.065435,15.921244,99.425362,-505.949607,5.539774,-5.539774
0.810000,-2.215813,6.118797,-5.417077,12.354278,111.179804,-528.151945,6.012847,-6.012847
0.815000,-2.320603,5.404908,-4.546629,10.147910,120.900603,-595.952793,6.478803,-6.478803
0.820000,-2.630464,5.633877,-4.405924,6.311966,139.474424,-635.897967,6.937199,-6.937199
0.825000,-2.437299,5.709675,-3.715078,3.211381,147.842145,-622.202704,7.387603,-7.387603
0.830000,-2.258851,5.503595,-2.669879,0.303351,125.219546,-531.119385,7.829588,-7.829588
0.835000,-2.633373,6.303394,-2.221207,-2.518495,113.957733,-552.305747,8.262741,-8.262741
0.840000,-2.709542,5.718007,-1.701833,-5.332791,124.690219,-484.319180,8.686655,-8.686655
0.845000,-2.559046,5.272890,-1.043317,-7.419978,108.145661,-482.269038,9.100935,-9.100935
0.850000,-2.310781,5.330850,-0.589090,-9.293250,94.033101,-408.393802,9.505197,-9.505197
0.855000,-2.294484,6.229230,-0.130427,-11.322174,77.916822,-410.272554,9.899065,-9.899065
0.860000,-2.518072,5.969207,0.224413,-14.534243,62.658443,-327.652502,10.282177,-10.282177
0.865000,-2.612468,5.113574,0.456261,-16.618608,51.433580,-275.123661,10.654182,-10.654182
0.870000,-2.272903,5.505294,0.785066,-17.861152,37.849150,-232.016139,11.014741,-11.014741
0.875000,-2.624761,5.658878,0.822923,-16.990441,25.166395,-187.256858,11.363525,-11.363525
0.880000,-2.627724,5.529303,0.894682,-19.518254,11.011177,-172.537324,11.700221,-11.700221
0.885000,-2.354623,5.449218,1.072799,-20.312259,-0.263563,-142.901786,12.024525,-12.024525
0.890000,-2.477093,4.882276,0.930453,-21.938171,-11.971181,-126.693587,12.336148,-12.336148
0.895000,-2.244930,5.100159,0.832592,-21.052084,-22.371730,-128.490843,12.634816,-12.634816
0.900000,-2.322172,5.088732,0.664897,-21.043637,-32.301492,-132.472909,12.920264,-12.920264
0.905000,-2.512979,5.242029,0.577629,-21.209840,-40.400466,-129.966796,13.192244,-13.192244
0.910000,-2.555014,4.916885,0.314091,-22.250017,-54.028694,-131.540472,13.450522,-13.450522
0.915000,-2.234650,4.343783,-0.004456,-23.721482,-67.575591,-159.916438,13.694877,-13.694877
0.920000,-2.248194,4.744214,-0.403928,-25.505886,-74.023574,-177.624138,13.925102,-13.925102
0.925000,-2.334502,4.220648,-0.906410,-26.708086,-108.147838,-171.090701,14.141005,-14.141005
0.930000,-2.487692,3.825762,-1.361807,-25.041932,-119.938197,-202.130716,14.342409,-14.342409
0.935000,-2.692816,4.194567,-2.180556,-28.773029,-143.708456,-250.168341,14.529151,-14.529151
0.940000,-2.364071,3.983133,-2.726728,-31.339044,-157.961095,-271.788504,14.701084,-14.701084
0.945000,-2.483200,3.627190,-3.878018,-29.585246,-179.179378,-313.850596,14.858074,-14.858074
0.950000,-2.523397,3.257482,-4.070038,-28.771181,-167.701516,-336.452275,15.000004,-15.000004
0.955000,-2.325679,3.765718,-5.241928,-34.084525,-136.525217,-297.178224,15.126772,-15.126772
0.960000,-2.313827,3.262264,-5.189733,-32.401181,-41.400520,-183.683437,15.238290,-15.238290
0.965000,-2.472063,3.082923,-5.906222,-34.932987,80.794917,-13.303291,15.334486,-15.334486
0.970000,-2.646564,3.054459,-5.219705,-37.472027,172.165908,138.425661,15.415304,-15.415304
0.975000,-2.758840,2.573226,-3.303580,-37.249060,253.863046,182.536111,15.480702,-15.480702
0.980000,-2.408288,2.690999,-2.221214,-33.050324,264.032040,187.046704,15.530654,-15.530654
0.985000,-2.559044,2.557447,-0.914520,-31.274630,283.982493,109.874365,15.565149,-15.565149
0.990000,-2.680054,2.249716,0.262885,-34.960193,269.774965,34.649189,15.584192,-15.584192
0.995000,-2.491897,2.229664,1.615344,-33.389967,242.020672,-49.831952,15.587802,-15.587802
1.000000,-2.507616,2.123294,2.421121,-29.718588,228.853040,-132.428993,15.576016,-15.576016
1.005000,-2.883091,1.614400,4.124524,-36.102899,220.829047,-249.490076,15.548882,-15.548882
1.010000,-2.396491,1.596637,4.778000,-32.159793,212.767687,-371.909279,15.506465,-15.506465
1.015000,-2.323418,1.514845,5.910926,-39.034062,223.600192,-487.072672,15.448847,-15.448847
1.020000,-2.699833,1.174516,7.848084,-41.846613,248.520435,-717.514532,15.376121,-15.376121
1.025000,-2.681818,0.943708,8.151304,-39.437089,303.231597,-823.935972,15.288397,-15.288397
1.030000,-2.471322,0.758939,9.714290,-47.563375,345.527200,-1099.155643,15.185800,-15.185800
1.035000,-2.302210,0.570991,13.306149,-56.107905,408.688524,-1240.525190,15.068467,-15.068467
1.040000,-2.349337,0.256963,14.139015,-57.464671,269.350233,-973.066241,14.936552,-14.936552
1.045000,-2.277517,-0.062562,16.198780,-66.341701,-83.137261,461.663470,14.790220,-14.790220
1.050000,-1.995034,-0.406277,12.766780,-62.354230,-312.482264,1331.123574,14.629653,-14.629653
1.055000,-1.915512,-0.675872,11.225523,-49.963291,-302.445619,1168.105519,14.455044,-14.455044
1.060000,-2.254392,-0.860367,11.337509,-48.015439,-274.755834,859.540522,14.266601,-14.266601
1.065000,-1.880433,-1.203925,9.536974,-46.776784,-220.757251,635.505578,14.064545,-14.064545
1.070000,-2.041406,-1.357860,8.794796,-39.965876,-175.012154,378.784790,13.849108,-13.849108
1.075000,-1.874815,-1.482333,8.123456,-41.839120,-156.880236,268.700322,13.620537,-13.620537
1.080000,-1.967973,-1.567211,6.726956,-36.593461,-136.563201,152.699752,13.379091,-13.379091
1.085000,-1.910637,-1.780811,6.276987,-38.704049,-143.737003,51.142175,13.125040,-13.125040
1.090000,-1.747338,-2.111361,5.922779,-36.308984,-162.874079,-37.187681,12.858666,-12.858666
1.095000,-1.737721,-2.119899,4.690782,-37.071795,-147.263596,-125.009908,12.580262,-12.580262
1.100000,-1.655340,-2.573021,3.909580,-36.789075,-178.343648,-190.574237,12.290135,-12.290135
1.105000,-1.616892,-2.853578,3.271848,-40.521836,-159.742354,-219.782862,11.988599,-11.988599
1.110000,-1.570007,-3.070001,2.503119,-43.305872,-95.111901,-188.976079,11.675981,-11.675981
1.115000,-1.571146,-3.282905,2.242145,-39.583258,4.713041,-19.850183,11.352617,-11.352617
1.120000,-1.848447,-2.964256,2.357067,-42.474045,136.707580,168.895702,11.018853,-11.018853
1.125000,-1.541583,-3.396795,3.637506,-39.898176,200.272511,235.854224,10.675044,-10.675044
1.130000,-1.546230,-3.809938,4.366277,-34.526084,219.964475,229.240137,10.321555,-10.321555
1.135000,-1.685547,-3.851218,5.527920,-39.152764,201.807638,142.724406,9.958760,-9.958760
1.140000,-1.688994,-4.134986,6.390285,-35.616219,192.602289,43.737854,9.587039,-9.587039
1.145000,-1.621051,-4.083654,7.797020,-34.590692,181.766777,-67.665106,9.206781,-9.206781
1.150000,-1.705602,-4.701067,8.329291,-37.036622,186.127174,-172.359276,8.818384,-8.818384
1.155000,-1.653052,-4.935845,8.814082,-41.211727,183.240417,-273.083362,8.422252,-8.422252
1.160000,-1.537581,-4.948588,10.367270,-37.898047,203.790685,-379.278796,8.018793,-8.018793
1.165000,-1.401483,-4.952025,12.695063,-46.844141,229.330551,-633.153546,7.608426,-7.608426
1.170000,-1.418513,-5.213504,13.111969,-44.663701,274.247043,-730.076269,7.191573,-7.191573
1.175000,-1.252247,-5.437961,14.522115,-51.099063,283.589213,-1014.306302,6.768661,-6.768661
1.180000,-1.113064,-5.833959,15.638665,-52.558934,335.703695,-1130.261394,6.340123,-6.340123
1.185000,-1.218489,-5.645306,15.927032,-62.611866,190.238376,-455.927966,5.906395,-5.906395
1.190000,-1.074770,-6.827115,18.494455,-55.742348,-157.661290,869.847537,5.467920,-5.467920
1.195000,-1.013930,-6.887829,14.976044,-52.337836,-305.913867,1603.282930,5.025142,-5.025142
1.200000,-0.792928,-6.661470,14.559352,-47.718375,-324.387437,1389.534945,4.578508,-4.578508
1.205000,-0.845480,-6.329817,12.181120,-35.853898,-210.769281,1193.847518,4.128470,-4.128470
1.210000,-0.796034,-6.813947,12.679212,-30.686995,-155.980373,813.877886,3.675480,-3.675480
1.215000,-0.612442,-7.550445,11.823386,-27.850767,-117.828305,660.867836,3.219992,-3.219992
1.220000,-0.643279,-7.749845,10.067335,-28.269507,-80.376847,624.398828,2.762463,-2.762463
1.225000,-0.589527,-8.316035,10.272942,-23.727681,-60.639808,508.693689,2.303349,-2.303349
1.230000,-0.525754,-8.349440,9.947978,-19.600070,-37.019103,407.586162,1.843108,-1.843108
1.235000,-0.508160,-7.156902,9.017437,-19.694545,-21.500833,426.794934,1.382196,-1.382196
1.240000,-0.438723,-8.350128,9.328356,-17.953353,-11.502147,388.985228,0.921070,-0.921070
1.245000,-0.371150,-8.638821,9.579961,-14.630340,-2.820367,394.794429,0.460187,-0.460187
1.250000,-0.338305,-8.301423,10.728987,-12.112609,3.631951,330.198239,0.000000,-0.000000
1.255000,-0.247390,-8.057810,9.993389,-11.144173,7.892973,333.369207,-0.459038,0.459038
1.260000,-0.234243,-8.207071,9.814096,-9.445707,9.628287,349.845607,-0.916476,0.916476
1.265000,-0.182751,-8.835794,10.886078,-6.906161,10.353213,382.749881,-1.371868,1.371868
1.270000,-0.134789,-9.002981,9.158044,-5.522493,7.544255,372.301016,-1.824768,1.824768
1.275000,-0.067093,-8.615067,9.667145,-4.152975,3.292695,350.293147,-2.274736,2.274736
1.280000,-0.025926,-7.594518,10.213884,-2.288266,-2.725628,339.716198,-2.721335,2.721335
1.285000,0.027162,-8.595923,10.481970,-0.401324,-10.812511,377.246590,-3.164132,3.164132
1.290000,0.075261,-7.500412,9.777532,1.190503,-19.586267,335.749058,-3.602700,3.602700
1.295000,0.125828,-7.612522,9.693741,3.054023,-31.657892,358.478181,-4.036617,4.036617
1.300000,0.159123,-8.476373,10.227352,4.767836,-40.763136,316.937218,-4.465465,4.465465
1.305000,0.208657,-7.453825,9.031392,5.797294,-52.081851,335.285847,-4.888833,4.888833
1.310000,0.250433,-8.338153,8.938934,8.466654,-72.623477,325.907513,-5.306319,5.306319
1.315000,0.291927,-7.367450,7.834020,9.152799,-78.185597,289.516521,-5.717523,5.717523
1.320000,0.377699,-7.608670,8.671604,11.105193,-90.192885,286.112724,-6.122057,6.122057
1.325000,0.376563,-7.487093,7.142570,13.327530,-109.123578,293.211408,-6.519536,6.519536
1.330000,0.436002,-8.661397,7.793638,15.527228,-125.843422,325.744784,-6.909587,6.909587
1.335000,0.473634,-7.756011,6.194572,17.297722,-150.667760,344.369386,-7.291843,7.291843
1.340000,0.504818,-8.095929,6.000527,17.902723,-150.325481,322.925951,-7.665946,7.665946
1.345000,0.522199,-8.419204,4.640592,20.931110,-151.340273,378.258818,-8.031547,8.031547
1.350000,0.562315,-7.522811,3.839813,23.306874,-182.675539,436.821182,-8.388307,8.388307
1.355000,0.615077,-7.180935,3.254822,23.436397,-189.302516,469.881044,-8.735894,8.735894
1.360000,0.525205,-6.980098,2.038190,25.840143,-207.474695,498.698038,-9.073990,9.073990
1.365000,0.567339,-6.993933,1.063012,27.661829,-243.248880,638.258899,-9.402283,9.402283
1.370000,0.575500,-7.278317,-0.096741,32.334023,-244.634820,748.703634,-9.720475,9.720475
1.375000,0.629535,-6.482134,-1.286136,34.776418,-252.941760,733.793847,-10.028276,10.028276
1.380000,0.587393,-6.613704,-2.841042,36.064849,-231.631725,832.054047,-10.325408,10.325408
1.385000,0.556274,-6.022877,-3.335088,42.949455,-185.201793,525.594283,-10.611606,10.611606
1.390000,0.488957,-6.197037,-4.544003,43.164536,-29.839520,19.022855,-10.886613,10.886613
1.395000,0.495445,-6.159262,-3.576394,41.254415,120.658761,-451.197181,-11.150186,11.150186
1.400000,0.497932,-5.766156,-3.539601,36.826920,190.437421,-585.828760,-11.402093,11.402093
1.405000,0.501281,-5.817816,-2.369812,35.551870,168.935716,-629.959236,-11.642115,11.642115
1.410000,0.462717,-5.575518,-1.544353,37.472486,185.004875,-458.638992,-11.870044,11.870044
1.415000,0.517894,-5.414011,-0.545221,33.651123,157.401059,-399.426470,-12.085687,12.085687
1.420000,0.489895,-5.093503,0.155904,29.785162,154.090001,-290.065989,-12.288859,12.288859
1.425000,0.501676,-5.217040,0.915268,32.044542,142.327988,-205.680735,-12.479393,12.479393
1.430000,0.459346,-5.050683,1.583648,26.169693,133.741944,-174.230901,-12.657132,12.657132
1.435000,0.452200,-4.281984,2.512061,26.867218,147.359051,-102.113634,-12.821931,12.821931
1.440000,0.539885,-4.498459,2.961642,27.482209,143.686698,-67.066520,-12.973661,12.973661
1.445000,0.504248,-4.320125,3.923009,24.878107,144.673893,-17.871790,-13.112204,13.112204
1.450000,0.536652,-4.757903,4.137192,27.138401,167.038976,21.787617,-13.237457,13.237457
1.455000,0.548186,-4.024562,5.029513,25.482311,176.862377,62.980825,-13.349329,13.349329
1.460000,0.647867,-3.930258,6.107961,28.855624,157.940023,103.527231,-13.447744,13.447744
1.465000,0.599016,-4.228543,7.522256,27.009429,178.669378,166.213782,-13.532637,13.532637
1.470000,0.616604,-4.157005,7.671978,29.031992,180.025628,178.873496,-13.603958,13.603958
1.475000,0.686628,-3.440940,9.032634,33.042516,168.340339,197.821765,-13.661671,13.661671
1.480000,0.789968,-3.818086,9.197618,30.706335,110.271859,193.819487,-13.705754,13.705754
1.485000,0.753648,-3.112201,9.448137,31.496333,46.457116,133.593704,-13.736196,13.736196
1.490000,0.827409,-3.108481,10.218488,35.452183,-54.954535,34.884568,-13.753001,13.753001
1.495000,0.886846,-3.026941,9.032978,32.544219,-147.643181,-64.132465,-13.756187,13.756187
1.500000,0.969443,-2.621635,8.053262,30.259316,-248.009703,-122.776662,-13.745786,13.745786
1.505000,0.885042,-2.760811,7.321166,31.210434,-281.979249,-142.528290,-13.721840,13.721840
1.510000,1.039008,-2.771289,5.651178,28.336735,-268.556598,-101.511022,-13.684408,13.684408
1.515000,1.046029,-2.139620,3.864598,29.603971,-281.443811,-44.015545,-13.633559,13.633559
1.520000,1.067088,-2.406830,2.618916,30.940257,-253.175796,24.146660,-13.569379,13.569379
1.525000,0.977193,-1.863796,1.617221,32.673279,-245.554038,92.560002,-13.491963,13.491963
1.530000,1.156387,-1.985027,0.260259,34.336588,-233.112937,173.843659,-13.401421,13.401421
1.535000,1.079458,-1.733137,-0.930096,35.072358,-261.130859,273.123257,-13.297876,13.297876
1.540000,1.014835,-1.722460,-2.452031,34.089084,-241.752023,336.893639,-13.181461,13.181461
1.545000,1.101744,-1.372059,-3.697744,33.010825,-245.279391,487.713057,-13.052323,13.052323
1.550000,0.929126,-1.222008,-5.311972,41.083894,-292.277511,678.534344,-12.910623,12.910623
1.555000,0.965736,-0.981388,-5.989759,39.456134,-319.844619,844.946394,-12.756532,12.756532
1.560000,0.945302,-0.832127,-8.349654,42.125735,-362.851915,979.558844,-12.590231,12.590231
1.565000,0.841508,-0.568597,-9.328555,48.893466,-344.803031,1246.162779,-12.411917,12.411917
1.570000,0.868994,-0.293102,-10.543216,54.509873,-275.960892,774.789333,-12.221795,12.221795
1.575000,0.775298,0.014018,-11.686533,56.405215,47.168292,-311.826132,-12.020082,12.020082
1.580000,0.733271,0.318205,-10.238057,57.491026,287.683113,-1110.246356,-11.807006,11.807006
1.585000,0.694633,0.543482,-9.341065,51.818364,282.027899,-1194.516616,-11.582807,11.582807
1.590000,0.671997,0.834667,-8.275665,47.073211,236.834764,-886.540697,-11.347733,11.347733
1.595000,0.628436,0.981311,-7.186682,36.473034,226.713074,-735.192771,-11.102043,11.102043
1.600000,0.527841,1.089885,-6.213411,35.232168,166.845675,-441.763021,-10.846006,10.846006
1.605000,0.531420,1.235782,-5.582206,36.434607,160.483846,-381.444252,-10.579902,10.579902
1.610000,0.477286,1.677083,-4.126774,31.325815,153.415081,-224.674080,-10.304017,10.304017
1.615000,0.530976,1.727848,-3.597989,33.488466,144.729676,-157.846283,-10.018649,10.018649
1.620000,0.467938,2.028772,-2.901519,32.650855,135.015721,-97.099871,-9.724103,9.724103
1.625000,0.448768,2.146945,-2.454976,29.940338,127.437194,-29.094807,-9.420693,9.420693
1.630000,0.486235,2.208335,-1.639855,34.016501,155.925190,22.514302,-9.108741,9.108741
1.635000,0.468847,2.499715,-0.969957,28.745274,148.205010,74.005037,-8.788575,8.788575
1.640000,0.455533,2.309820,-0.287611,31.288087,135.217963,114.815626,-8.460532,8.460532
1.645000,0.440710,2.811612,0.349991,34.322515,121.896353,111.600397,-8.124956,8.124956
1.650000,0.440257,2.760009,0.982760,35.746548,82.874802,77.026610,-7.782197,7.782197
1.655000,0.478169,2.820323,1.303184,32.964104,23.690666,-10.641469,-7.432611,7.432611
1.660000,0.465273,3.323069,1.015713,33.284985,-55.630550,-127.421192,-7.076560,7.076560
1.665000,0.439592,3.477010,0.613361,32.120023,-120.262126,-205.084949,-6.714413,6.714413
1.670000,0.471154,3.335824,-0.080753,31.051582,-170.246609,-269.537360,-6.346541,6.346541
1.675000,0.463579,3.885785,-0.957872,31.549468,-173.137428,-212.085950,-5.973322,5.973322
1.680000,0.490675,3.476932,-1.573264,26.296795,-157.840566,-174.727513,-5.595139,5.595139
1.685000,0.428834,4.192315,-2.696504,25.425476,-140.455233,-134.589854,-5.212376,5.212376
1.690000,0.456423,3.679886,-3.015733,26.487322,-135.811988,-81.760621,-4.825423,4.825423
1.695000,0.424205,3.970924,-3.714770,25.878567,-130.898510,-37.337082,-4.434672,4.434672
1.700000,0.427235,4.385861,-4.400539,25.614996,-109.415741,5.927992,-4.040519,4.040519
1.705000,0.346175,4.654929,-4.624141,25.140086,-93.957339,38.981087,-3.643362,3.643362
1.710000,0.352705,4.921556,-5.048827,28.268406,-98.767207,80.541152,-3.243600,3.243600
1.715000,0.314156,5.170260,-6.043317,27.689724,-92.094374,105.025173,-2.841633,2.841633
1.720000,0.264461,4.735960,-6.365274,30.613519,-89.945406,145.679959,-2.437865,2.437865
1.725000,0.245972,5.145617,-6.918701,26.771499,-92.579491,169.592174,-2.032698,2.032698
1.730000,0.210250,5.056411,-7.258134,27.460815,-98.635299,185.305985,-1.626537,1.626537
1.735000,0.180526,5.520804,-7.517482,32.319841,-86.631043,196.250948,-1.219783,1.219783
1.740000,0.130536,5.936042,-7.687348,28.864396,-74.906223,161.135539,-0.812842,0.812842
1.745000,0.108171,6.023316,-8.906821,32.453307,-59.593387,110.495658,-0.406114,0.406114
1.750000,0.058738,5.850102,-9.500579,34.440539,-19.986476,-39.641942,-0.000000,0.000000
1.755000,0.012036,5.384665,-8.255251,31.924592,32.348582,-276.425121,0.405100,-0.405100
1.760000,-0.029930,5.903166,-8.202185,27.599070,101.464655,-523.913583,0.808788,-0.808788
1.765000,-0.073157,6.842381,-7.834236,27.551990,129.912474,-623.770508,1.210669,-1.210669
1.770000,-0.106485,6.697076,-7.506433,21.504498,144.936715,-708.653235,1.610352,-1.610352
1.775000,-0.130309,6.381575,-6.823669,21.281793,165.171948,-792.748314,2.007448,-2.007448
1.780000,-0.186128,6.433554,-5.994805,16.742249,125.618728,-704.274485,2.401570,-2.401570
1.785000,-0.211202,6.049937,-4.542157,14.352789,113.114973,-573.940142,2.792337,-2.792337
1.790000,-0.241530,6.936743,-3.980162,9.459038,108.851718,-563.303486,3.179372,-3.179372
1.795000,-0.229140,6.915586,-3.645454,7.730242,96.098811,-456.447453,3.562302,-3.562302
1.800000,-0.278602,6.528622,-3.362458,5.897448,97.104778,-421.681029,3.940759,-3.940759
1.805000,-0.298142,6.499284,-2.788617,3.433283,78.496309,-421.983156,4.314380,-4.314380
1.810000,-0.314946,7.232840,-2.724358,1.510374,76.768359,-363.702958,4.682810,-4.682810
1.815000,-0.307878,7.144232,-2.094392,-0.302692,83.771260,-407.907688,5.045697,-5.045697
1.820000,-0.317542,6.807599,-1.715157,-2.111491,81.180526,-405.568919,5.402696,-5.402696
1.825000,-0.345509,6.362017,-1.204705,-4.283291,75.673762,-398.601407,5.753471,-5.753471
1.830000,-0.351023,7.107898,-0.886640,-6.120094,76.717430,-352.928492,6.097689,-6.097689
1.835000,-0.353345,6.864768,-0.404906,-7.302663,87.430485,-372.220872,6.435029,-6.435029
1.840000,-0.334396,6.892100,0.013304,-10.544812,87.493876,-359.191092,6.765174,-6.765174
1.845000,-0.342225,7.142073,0.448205,-12.702460,95.161794,-385.607015,7.087816,-7.087816
1.850000,-0.333213,6.338640,1.044474,-13.223609,101.906962,-362.201680,7.402655,-7.402655
1.855000,-0.286166,7.038909,1.432986,-15.680056,103.152276,-417.786010,7.709399,-7.709399
1.860000,-0.290661,6.968403,2.035532,-19.337201,95.200479,-344.933703,8.007768,-8.007768
1.865000,-0.301872,6.309449,2.388005,-21.187602,73.768112,-312.577004,8.297486,-8.297486
1.870000,-0.263717,6.628800,2.666998,-18.938513,57.890381,-273.868795,8.578289,-8.578289
1.875000,-0.264570,5.764970,2.916693,-22.709281,36.450707,-171.526713,8.849922,-8.849922
1.880000,-0.266984,6.403689,3.091865,-21.833586,17.254618,-81.275630,9.112141,-9.112141
1.885000,-0.257376,6.098619,3.178877,-20.414559,0.445306,-21.635252,9.364709,-9.364709
1.890000,-0.217957,5.913325,2.907158,-22.416824,-12.843175,23.459279,9.607402,-9.607402
1.895000,-0.219372,5.723478,3.276952,-20.582292,-23.948100,51.604337,9.840004,-9.840004
1.900000,-0.176330,6.067718,3.043218,-20.856543,-30.767711,54.308154,10.062312,-10.062312
1.905000,-0.197730,5.469515,2.742875,-22.494089,-28.866145,53.683558,10.274130,-10.274130
1.910000,-0.176739,5.649364,2.496401,-19.476710,-32.195341,52.526313,10.475277,-10.475277
1.915000,-0.156185,4.844929,2.189418,-22.830415,-38.877356,48.037578,10.665581,-10.665581
1.920000,-0.142465,5.619287,2.349891,-19.813792,-37.010323,36.393850,10.844880,-10.844880
1.925000,-0.145036,5.537638,1.975039,-19.410758,-43.639252,25.447914,11.013026,-11.013026
1.930000,-0.119437,4.643341,1.725021,-19.413956,-42.007512,11.975193,11.169879,-11.169879
1.935000,-0.124806,5.084078,1.443652,-20.932763,-42.519559,0.693231,11.315314,-11.315314
1.940000,-0.100772,4.966305,1.347070,-19.116984,-42.956251,-13.334963,11.449216,-11.449216
1.945000,-0.102615,4.411506,0.988118,-22.818979,-55.658110,-26.314287,11.571480,-11.571480
1.950000,-0.103363,4.393669,0.794973,-21.813042,-59.531007,-44.842507,11.682015,-11.682015
1.955000,-0.095789,4.093589,0.557010,-20.047151,-56.765495,-56.817509,11.780742,-11.780742
1.960000,-0.097792,4.731697,0.213521,-21.047164,-70.239815,-73.286664,11.867592,-11.867592
1.965000,-0.091912,4.580696,-0.125824,-21.360175,-68.478140,-102.491939,11.942510,-11.942510
1.970000,-0.101160,4.212257,-0.544646,-23.345441,-73.395891,-126.231068,12.005451,-12.005451
1.975000,-0.105837,4.018188,-0.886799,-21.164408,-95.461366,-136.278964,12.056383,-12.056383
1.980000,-0.101144,3.742341,-1.424740,-24.058351,-83.613802,-152.953101,12.095285,-12.095285
1.985000,-0.107620,3.554604,-1.734102,-23.860490,-99.358065,-166.404134,12.122150,-12.122150
1.990000,-0.126047,3.321615,-2.378790,-25.212859,-96.706576,-185.174040,12.136981,-12.136981
1.995000,-0.143778,3.474077,-2.456847,-26.210278,-70.682516,-186.159206,12.139793,-12.139793
2.000000,-0.138843,3.593337,-2.908887,-28.805993,-33.429270,-128.137047,12.130613,-12.130613
2.005000,-0.151123,3.469964,-3.199792,-29.291641,15.604944,-64.996466,12.109481,-12.109481
2.010000,-0.188926,3.196949,-2.769403,-29.478734,69.213573,6.734609,12.076447,-12.076447
2.015000,-0.173395,3.040724,-2.506602,-29.707807,113.628435,59.456144,12.031574,-12.031574
2.020000,-0.219299,2.675370,-1.856240,-29.666064,137.441188,79.505639,11.974935,-11.974935
2.025000,-0.217862,2.644512,-0.956208,-29.199212,156.477144,71.613722,11.906616,-11.906616
2.030000,-0.195796,2.464249,-0.181476,-25.094558,164.811915,37.332416,11.826713,-11.826713
2.035000,-0.220402,2.309112,0.616306,-28.473633,140.467137,0.072372,11.735334,-11.735334
2.040000,-0.214593,2.386789,1.440791,-25.183940,156.203643,-47.209983,11.632598,-11.632598
2.045000,-0.182589,2.228484,2.049423,-26.981434,154.635084,-96.577032,11.518635,-11.518635
2.050000,-0.178084,2.109813,3.151433,-27.924950,149.878515,-143.417654,11.393585,-11.393585
2.055000,-0.162628,1.978570,3.742542,-28.071249,165.249944,-199.622044,11.257600,-11.257600
2.060000,-0.160855,1.656850,4.208452,-29.436912,170.572860,-238.069940,11.110840,-11.110840
2.065000,-0.119237,1.436559,5.702129,-28.810346,150.689700,-316.085099,10.953478,-10.953478
2.070000,-0.095836,1.484593,6.081745,-33.355001,179.406420,-406.154374,10.785696,-10.785696
2.075000,-0.067373,1.129280,7.465760,-36.942085,193.713818,-489.128722,10.607685,-10.607685
2.080000,-0.024848,1.096459,8.442720,-37.175698,243.667074,-654.234890,10.419647,-10.419647
2.085000,0.015992,0.780409,10.002626,-39.943429,241.050794,-763.243928,10.221791,-10.221791
2.090000,0.070295,0.568260,10.771505,-50.470985,275.123431,-959.148956,10.014339,-10.014339
2.095000,0.125297,0.313379,10.821897,-55.047152,206.921528,-678.091789,9.797518,-9.797518
2.100000,0.170612,0.069738,11.712584,-51.725958,-9.528319,127.137914,9.571567,-9.571567
2.105000,0.227956,-0.191472,12.608233,-46.155613,-208.888317,802.945074,9.336731,-9.336731
2.110000,0.324739,-0.422721,10.541238,-46.956747,-280.831733,1052.220828,9.093263,-9.093263
2.115000,0.347612,-0.670845,8.899494,-37.301002,-209.222343,821.894657,8.841427,-8.841427
2.120000,0.380101,-0.828068,8.280379,-36.776030,-176.254559,710.325531,8.581491,-8.581491
2.125000,0.445533,-0.899472,7.833459,-29.882942,-142.789857,583.542224,8.313733,-8.313733
2.130000,0.488186,-1.103632,5.897937,-28.430929,-133.110614,402.838704,8.038435,-8.038435
2.135000,0.504570,-1.207277,6.106055,-29.584483,-104.810407,312.115942,7.755890,-7.755890
2.140000,0.547131,-1.496765,4.900567,-24.052317,-94.685092,279.024564,7.466393,-7.466393
2.145000,0.545508,-1.596240,5.170119,-26.244917,-97.948718,221.196987,7.170248,-7.170248
2.150000,0.518948,-1.846181,4.786195,-25.414889,-84.361657,165.578251,6.867765,-6.867765
2.155000,0.648709,-1.834877,3.600145,-25.628050,-85.032423,124.932441,6.559256,-6.559256
2.160000,0.648088,-1.784561,3.870823,-25.579075,-85.792632,111.093284,6.245043,-6.245043
2.165000,0.673721,-2.173325,3.478438,-23.242798,-81.938007,75.008161,5.925448,-5.925448
2.170000,0.597280,-2.306478,2.787615,-22.215380,-80.498981,65.936041,5.600803,-5.600803
2.175000,0.705694,-2.329199,2.203266,-20.487149,-77.021891,45.900662,5.271438,-5.271438
2.180000,0.657910,-2.236580,2.068773,-23.070656,-77.081779,31.873437,4.937692,-4.937692
2.185000,0.711449,-2.375141,1.745322,-20.279015,-64.095853,27.997257,4.599905,-4.599905
2.190000,0.623675,-2.632561,1.275566,-20.557181,-56.747561,26.300132,4.258421,-4.258421
2.195000,0.727658,-2.761922,1.090824,-20.616351,-48.389642,36.713330,3.913585,-3.913585
2.200000,0.723078,-2.557631,0.877704,-19.256831,-42.946522,47.883855,3.565746,-3.565746
2.205000,0.672441,-2.845457,0.704963,-20.576857,-23.536817,77.950570,3.215256,-3.215256
2.210000,0.709208,-2.726926,0.628575,-20.645837,-8.173770,99.735164,2.862467,-2.862467
2.215000,0.687499,-3.188125,0.650857,-19.440432,8.379274,122.875013,2.507732,-2.507732
2.220000,0.697050,-3.488366,0.655835,-17.833705,21.456210,153.226466,2.151408,-2.151408
2.225000,0.768106,-3.425306,0.754900,-18.354770,30.593951,154.707855,1.793850,-1.793850
2.230000,0.739577,-3.515832,0.940154,-16.213813,30.985837,152.894613,1.435414,-1.435414
2.235000,0.781074,-3.555632,1.053650,-16.753680,33.166641,160.983080,1.076455,-1.076455
2.240000,0.674182,-3.414623,1.358725,-15.403100,27.383022,143.794334,0.717330,-0.717330
2.245000,0.723977,-3.844125,1.295663,-14.769289,24.210040,134.916804,0.358394,-0.358394
2.250000,0.749233,-3.639196,1.576413,-16.010379,20.084261,122.262198,0.000000,-0.000000
2.255000,0.759074,-3.962848,1.674108,-15.442174,17.010419,124.622626,-0.357499,0.357499
2.260000,0.762278,-4.038801,1.822824,-14.250738,12.745105,124.595531,-0.713753,0.713753
2.265000,0.824564,-3.932912,1.910317,-13.285872,8.850161,117.485290,-1.068412,1.068412
2.270000,0.786278,-3.709820,1.729824,-12.958741,4.082651,114.146593,-1.421131,1.421131
2.275000,0.855418,-4.457762,1.935682,-12.208051,0.242873,99.336415,-1.771566,1.771566
2.280000,0.720182,-4.405617,1.905333,-12.659275,-3.313310,108.156529,-2.119378,2.119378
2.285000,0.731437,-3.934034,1.742365,-11.889875,-7.097836,103.269730,-2.464229,2.464229
2.290000,0.743419,-4.125154,1.857627,-10.837100,-11.164681,109.534687,-2.805786,2.805786
2.295000,0.745646,-4.002798,1.620571,-10.989595,-12.295849,110.047032,-3.143720,3.143720
2.300000,0.807045,-4.341219,1.622811,-8.617996,-17.913557,120.528429,-3.477707,3.477707
2.305000,0.842970,-4.529315,1.554530,-9.124932,-21.634902,110.476908,-3.807427,3.807427
2.310000,0.901026,-4.162926,1.298227,-8.264052,-21.728674,120.189224,-4.132565,4.132565
2.315000,0.857247,-4.591110,1.409059,-7.580518,-24.901611,129.070365,-4.452812,4.452812
2.320000,0.837072,-4.630371,1.107293,-6.267306,-29.334587,140.875961,-4.767863,4.767863
2.325000,0.787213,-4.525421,0.946895,-6.110953,-33.443543,142.862129,-5.077420,5.077420
2.330000,0.932838,-4.391335,0.765510,-5.172713,-31.624446,148.230347,-5.381192,5.381192
2.335000,0.928800,-4.470866,0.664564,-4.455556,-34.689896,164.821986,-5.678893,5.678893
2.340000,0.886151,-4.362228,0.487810,-4.001785,-39.669059,162.832006,-5.970245,5.970245
2.345000,0.945667,-4.847876,0.268277,-2.811231,-39.105657,162.050239,-6.254975,6.254975
2.350000,0.922863,-4.344762,0.108258,-2.415925,-38.281300,174.119988,-6.532820,6.532820
2.355000,0.938521,-4.465107,-0.107269,-1.404388,-41.320594,172.722790,-6.803521,6.803521
2.360000,0.894513,-4.966355,-0.335693,-0.610870,-45.296761,157.498681,-7.066830,7.066830
2.365000,0.818452,-4.670241,-0.516127,0.220890,-43.502384,183.510902,-7.322505,7.322505
2.370000,0.914226,-5.078136,-0.781290,0.987937,-40.218369,158.671660,-7.570313,7.570313
2.375000,0.874008,-4.811807,-0.924070,2.046929,-42.897155,176.687000,-7.810029,7.810029
2.380000,0.817892,-4.987027,-1.242997,2.749303,-45.836001,169.855736,-8.041436,8.041436
2.385000,0.839077,-4.258775,-1.458904,3.714519,-42.372956,148.363407,-8.264327,8.264327
2.390000,0.824520,-4.337469,-1.527336,4.518385,-38.962469,140.116895,-8.478502,8.478502
2.395000,0.817902,-4.272187,-1.782722,4.992070,-42.268608,145.175054,-8.683773,8.683773
2.400000,0.831427,-4.836832,-1.850129,5.792612,-35.039703,138.438640,-8.879959,8.879959
2.405000,0.846407,-4.753247,-2.252800,6.682661,-37.432571,132.881593,-9.066888,9.066888
2.410000,0.843459,-4.517858,-2.367565,7.004661,-35.893491,137.732351,-9.244400,9.244400
2.415000,0.786458,-4.092018,-2.597949,7.291339,-34.106148,119.490121,-9.412342,9.412342
2.420000,0.741112,-3.981852,-2.756527,8.663370,-30.089591,128.575546,-9.570573,9.570573
2.425000,0.710655,-4.165839,-2.817256,8.983757,-30.626847,124.983610,-9.718961,9.718961
2.430000,0.798390,-4.187690,-3.243999,9.373933,-30.696114,121.848184,-9.857384,9.857384
2.435000,0.775474,-4.148685,-2.902859,10.909088,-26.966527,108.327057,-9.985730,9.985730
2.440000,0.670514,-3.929527,-2.903779,10.019553,-22.275922,98.166824,-10.103897,10.103897
2.445000,0.734259,-4.339912,-3.199639,10.345272,-22.398825,115.240218,-10.211795,10.211795
2.450000,0.711104,-3.719769,-3.535505,10.997140,-21.117967,109.251447,-10.309342,10.309342
2.455000,0.729998,-4.035362,-3.250126,12.003628,-17.241328,105.436828,-10.396468,10.396468
2.460000,0.668202,-3.747555,-3.965563,11.700127,-17.447500,92.956477,-10.473113,10.473113
2.465000,0.677736,-3.771288,-3.592768,14.043567,-14.200463,104.097545,-10.539228,10.539228
2.470000,0.570204,-4.045772,-3.929587,13.111870,-13.935488,101.847106,-10.594773,10.594773
2.475000,0.620550,-3.683148,-3.496115,14.862192,-11.764521,115.174241,-10.639720,10.639720
2.480000,0.581363,-3.915477,-4.169187,13.858861,-8.623677,105.259204,-10.674052,10.674052
2.485000,0.520342,-3.808557,-3.975926,14.810377,-7.814715,103.886196,-10.697760,10.697760
2.490000,0.540247,-3.807443,-4.068989,16.073879,-6.207330,108.369039,-10.710848,10.710848
2.495000,0.532670,-3.562648,-3.901319,18.078770,-5.484457,110.143938,-10.713329,10.713329
2.500000,0.493045,-3.701066,-4.300555,16.171762,-6.635090,107.815531,-10.705229,10.705229
2.505000,0.479076,-3.051292,-4.379064,18.533594,-7.420402,110.330662,-10.686580,10.686580
2.510000,0.440395,-3.078390,-3.807060,18.116843,-12.491248,115.462970,-10.657427,10.657427
2.515000,0.457611,-3.342476,-4.519832,20.318790,-16.852799,107.724658,-10.617827,10.617827
2.520000,0.407022,-3.173214,-4.207718,20.265458,-24.336767,95.835881,-10.567843,10.567843
2.525000,0.372944,-2.656417,-4.715059,18.195743,-31.158647,90.200973,-10.507552,10.507552
2.530000,0.378650,-2.729001,-4.140220,19.267208,-38.714045,101.443428,-10.437037,10.437037
2.535000,0.349529,-2.582461,-4.722693,21.464476,-44.185338,99.073546,-10.356396,10.356396
2.540000,0.309986,-2.735636,-4.973519,21.086437,-51.629426,95.091832,-10.265732,10.265732
2.545000,0.322770,-2.454721,-5.766843,22.207290,-53.174318,113.221273,-10.165160,10.165160
2.550000,0.262497,-2.259900,-6.038201,21.980721,-57.846872,121.442154,-10.054804,10.054804
2.555000,0.233084,-2.368665,-6.416115,25.404664,-59.583854,125.849839,-9.934797,9.934797
2.560000,0.204980,-2.233836,-6.763761,24.010192,-69.273968,173.598771,-9.805282,9.805282
2.565000,0.165286,-1.834425,-6.645182,22.686130,-71.870071,200.419781,-9.666411,9.666411
2.570000,0.151301,-1.818058,-7.497687,27.341374,-77.326715,226.733056,-9.518343,9.518343
2.575000,0.114502,-1.946989,-7.587837,27.773530,-89.994863,271.738674,-9.361249,9.361249
2.580000,0.081387,-1.741721,-7.088018,30.536882,-95.090571,271.591661,-9.195306,9.195306
2.585000,0.035920,-1.602203,-7.806047,31.699108,-118.794591,337.905585,-9.020699,9.020699
2.590000,-0.007076,-1.459162,-8.517827,29.561722,-130.821408,394.597244,-8.837623,8.837623
2.595000,-0.053358,-1.176579,-8.737674,31.352772,-155.341721,517.553676,-8.646280,8.646280
2.600000,-0.105930,-0.952306,-10.399940,33.760193,-160.853737,623.377102,-8.446878,8.446878
2.605000,-0.148338,-0.866985,-11.612413,38.813094,-209.549284,715.522221,-8.239636,8.239636
2.610000,-0.194023,-0.580471,-11.171185,41.498945,-194.880478,784.862430,-8.024777,8.024777
2.615000,-0.255057,-0.395231,-14.377795,44.230256,-149.471609,525.546351,-7.802532,7.802532
2.620000,-0.343257,-0.114584,-13.010969,44.591124,6.369218,-104.309974,-7.573139,7.573139
2.625000,-0.412365,0.121304,-12.727077,43.328255,161.178906,-740.676988,-7.336843,7.336843
2.630000,-0.446743,0.346795,-11.067749,42.281077,224.607856,-947.714524,-7.093894,7.093894
2.635000,-0.566111,0.482395,-10.275018,38.996511,202.379437,-858.376323,-6.844549,6.844549
2.640000,-0.642795,0.672080,-9.120834,33.456551,176.187374,-672.320977,-6.589069,6.589069
2.645000,-0.580130,0.837594,-9.587347,30.050998,138.427230,-624.166926,-6.327722,6.327722
2.650000,-0.701254,0.956864,-7.730166,28.704502,118.135000,-511.196257,-6.060781,6.060781
2.655000,-0.704818,1.217823,-8.064616,23.607326,84.533737,-368.430994,-5.788523,5.788523
2.660000,-0.809764,1.183501,-7.925489,24.090632,80.443013,-319.538544,-5.511231,5.511231
2.665000,-0.868336,1.334835,-7.191676,21.905193,66.759472,-272.833110,-5.229190,5.229190
2.670000,-0.805694,1.345467,-6.520383,19.023991,56.750762,-251.153696,-4.942691,4.942691
2.675000,-0.850630,1.481121,-6.183760,19.533844,49.379838,-224.660321,-4.652028,4.652028
2.680000,-0.958411,1.697882,-6.731606,16.503690,42.262301,-174.195494,-4.357498,4.357498
2.685000,-0.958593,1.838709,-6.661912,17.956861,35.809711,-163.090640,-4.059402,4.059402
2.690000,-1.009756,1.815268,-6.375482,15.329797,31.640992,-159.750891,-3.758043,3.758043
2.695000,-0.909489,2.046278,-6.248562,15.011667,28.846587,-150.291810,-3.453726,3.453726
2.700000,-0.943853,2.153898,-6.111819,13.825855,23.295077,-133.409758,-3.146760,3.146760
2.705000,-1.142351,2.180677,-6.007422,13.421461,23.166008,-140.386079,-2.837453,2.837453
2.710000,-1.100162,1.974220,-5.724730,11.715837,22.032976,-145.053873,-2.526118,2.526118
2.715000,-1.036937,2.021962,-5.494504,11.712731,18.981092,-140.281412,-2.213066,2.213066
2.720000,-1.104757,2.129744,-5.138168,12.091027,19.066772,-138.103648,-1.898611,1.898611
2.725000,-1.222690,2.178560,-5.343117,10.832866,14.653640,-123.609414,-1.583067,1.583067
2.730000,-1.248146,2.375942,-5.509760,10.011994,16.188052,-135.218432,-1.266748,1.266748
2.735000,-1.117832,2.605553,-5.515064,9.419545,15.526579,-121.631034,-0.949968,0.949968
2.740000,-1.320617,2.542590,-5.127047,8.896821,14.398148,-118.018073,-0.633042,0.633042
2.745000,-1.297368,2.275277,-4.536994,8.669139,14.451628,-132.155742,-0.316282,0.316282
2.750000,-1.381696,2.720573,-5.306522,7.961601,14.761977,-130.393163,-0.000000,0.000000
2.755000,-1.381163,2.530312,-5.350081,7.799864,13.405792,-113.560066,0.315492,-0.315492
2.760000,-1.258923,2.457689,-5.203964,7.089421,14.769282,-111.246203,0.629884,-0.629884
2.765000,-1.271686,2.478291,-4.896091,5.890280,14.941178,-124.748067,0.942870,-0.942870
2.770000,-1.418441,2.487398,-4.935153,5.216676,16.188595,-113.814711,1.254144,-1.254144
2.775000,-1.368175,2.575402,-4.308077,4.744175,16.768703,-124.681459,1.563402,-1.563402
2.780000,-1.391941,2.837907,-4.929846,4.616811,15.208435,-111.582318,1.870345,-1.870345
2.785000,-1.405195,2.679958,-4.316813,3.516847,18.048268,-118.983706,2.174674,-2.174674
2.790000,-1.384948,2.730741,-4.496081,3.171183,19.850714,-117.034247,2.476097,-2.476097
2.795000,-1.502679,2.970380,-4.311244,2.525826,17.741293,-109.235283,2.774323,-2.774323
2.800000,-1.382241,2.843821,-4.497076,1.954375,22.059504,-105.476432,3.069066,-3.069066
2.805000,-1.653243,2.924111,-4.139339,1.380366,21.021418,-115.015636,3.360043,-3.360043
2.810000,-1.604279,2.968174,-3.581477,0.883936,21.011980,-124.249685,3.646976,-3.646976
2.815000,-1.692839,2.793856,-3.636450,0.345164,23.006569,-105.100153,3.929592,-3.929592
2.820000,-1.667350,2.914708,-3.564225,-0.270991,24.147236,-126.492563,4.207624,-4.207624
2.825000,-1.538071,2.765665,-3.488645,-0.761347,23.861447,-121.663791,4.480807,-4.480807
2.830000,-1.536830,2.830617,-3.325842,-1.358665,24.509712,-122.216394,4.748885,-4.748885
2.835000,-1.691501,2.868266,-3.170058,-1.961859,28.629209,-109.098607,5.011606,-5.011606
2.840000,-1.772984,2.880521,-2.969231,-2.452416,27.648919,-109.011483,5.268723,-5.268723
2.845000,-1.730106,2.710586,-3.188567,-2.932901,31.413438,-102.141500,5.519996,-5.519996
2.850000,-1.704308,2.992134,-2.874368,-3.509206,33.489557,-109.645334,5.765193,-5.765193
2.855000,-1.659832,2.757373,-2.711470,-4.101289,34.036384,-115.798951,6.004086,-6.004086
2.860000,-1.629657,2.632909,-2.560206,-5.237732,34.482532,-100.407293,6.236456,-6.236456
2.865000,-1.889316,2.857603,-2.329861,-5.589027,38.652291,-100.240149,6.462088,-6.462088
2.870000,-1.824674,2.836787,-1.899891,-5.305563,38.058908,-99.683748,6.680778,-6.680778
2.875000,-1.746600,2.735409,-1.821029,-6.673181,42.097793,-96.802810,6.892326,-6.892326
2.880000,-1.658698,2.762341,-1.639109,-6.404377,47.574961,-100.500218,7.096542,-7.096542
2.885000,-1.940851,2.497501,-1.397801,-7.594777,42.262516,-103.987407,7.293243,-7.293243
2.890000,-1.928746,2.391173,-1.219406,-8.316809,49.934266,-92.777722,7.482252,-7.482252
2.895000,-1.702752,2.637773,-0.978543,-7.565138,53.276847,-101.072382,7.663403,-7.663403
2.900000,-1.703203,2.282951,-0.719726,-9.428965,50.445282,-108.180077,7.836536,-7.836536
2.905000,-1.788505,2.269531,-0.439566,-9.015971,51.559427,-91.500436,8.001501,-8.001501
2.910000,-1.730165,2.137623,-0.172804,-9.916366,59.406679,-101.980960,8.158154,-8.158154
2.915000,-1.684023,2.272649,0.126192,-10.438467,55.931166,-98.536125,8.306363,-8.306363
2.920000,-1.910157,2.327914,0.450597,-11.914688,54.977098,-112.474278,8.446001,-8.446001
2.925000,-1.876232,1.978922,0.665041,-11.670985,59.242844,-120.103274,8.576953,-8.576953
2.930000,-1.879556,2.148465,1.024687,-10.968256,64.212821,-118.144442,8.699111,-8.699111
2.935000,-1.831619,2.025026,1.223714,-11.954310,63.283603,-129.194980,8.812376,-8.812376
2.940000,-1.928906,1.916571,1.555411,-12.625280,64.182173,-127.221330,8.916658,-8.916658
2.945000,-1.792823,1.794133,2.047812,-13.087594,70.418040,-142.725744,9.011877,-9.011877
2.950000,-1.582632,1.944804,2.316151,-14.991063,65.795826,-143.122088,9.097962,-9.097962
2.955000,-1.744454,1.619746,2.500241,-14.096019,72.303468,-154.014932,9.174851,-9.174851
2.960000,-1.712812,1.731133,3.230083,-15.612697,81.622082,-190.543027,9.242490,-9.242490
2.965000,-1.600057,1.693823,3.790447,-17.646978,75.352850,-197.884671,9.300836,-9.300836
2.970000,-1.715385,1.371652,3.621048,-18.960404,81.292823,-209.134339,9.349854,-9.349854
2.975000,-1.572688,1.411678,4.012403,-20.914717,88.300833,-232.333444,9.389520,-9.389520
2.980000,-1.608153,1.415259,5.153455,-20.510471,106.785668,-293.789791,9.419818,-9.419818
2.985000,-1.678357,1.164893,5.186148,-23.315769,112.495688,-309.605142,9.440740,-9.440740
2.990000,-1.444755,1.053733,6.459006,-25.933184,131.090629,-350.908866,9.452290,-9.452290
2.995000,-1.659816,0.942751,6.127997,-27.701854,144.407122,-399.822135,9.454480,-9.454480
3.000000,-1.438793,0.813638,7.024877,-25.382235,150.479766,-447.520568,9.447331,-9.447331
3.005000,-1.417013,0.652039,7.816794,-28.203542,152.918674,-518.701799,9.430873,-9.430873
3.010000,-1.527314,0.579922,9.054763,-33.320196,174.972955,-566.289979,9.405147,-9.405147
3.015000,-1.452073,0.349123,8.966823,-37.426239,157.299000,-486.055208,9.370199,-9.370199
3.020000,-1.233725,0.170616,9.828166,-34.602192,89.013435,-255.989331,9.326089,-9.326089
3.025000,-1.237800,-0.024187,10.727041,-37.760090,0.562899,105.584575,9.272882,-9.272882
3.030000,-1.173352,-0.228888,10.097057,-38.853738,-75.800855,360.127779,9.210653,-9.210653
3.035000,-1.094405,-0.406530,10.159634,-34.729257,-100.353514,559.286991,9.139487,-9.139487
3.040000,-1.105463,-0.602609,10.270064,-29.941262,-100.610780,471.528553,9.059477,-9.059477
3.045000,-1.159372,-0.671515,8.538067,-28.630115,-79.061666,406.177556,8.970722,-8.970722
3.050000,-0.955218,-0.931939,8.697489,-29.794630,-70.625591,388.339272,8.873333,-8.873333
3.055000,-0.927027,-0.998027,7.630240,-24.230600,-50.996771,272.996415,8.767427,-8.767427
3.060000,-0.919498,-1.056257,8.557176,-23.020795,-48.259861,253.941848,8.653131,-8.653131
3.065000,-0.861058,-1.286741,8.147374,-24.390160,-34.513829,228.484104,8.530577,-8.530577
3.070000,-0.934239,-1.453818,7.219313,-21.720621,-27.446104,176.334295,8.399909,-8.399909
3.075000,-0.844153,-1.398733,7.299075,-24.219141,-17.641830,164.622033,8.261273,-8.261273
3.080000,-0.788869,-1.563092,7.439637,-22.984130,-11.651996,146.649353,8.114829,-8.114829
3.085000,-0.845093,-1.732497,6.857217,-19.705540,-6.210288,132.778677,7.960739,-7.960739
3.090000,-0.695986,-1.895214,7.453153,-21.789708,-0.692968,119.208931,7.799175,-7.799175
3.095000,-0.717143,-1.892644,7.890142,-18.125874,4.583242,110.099194,7.630315,-7.630315
3.100000,-0.609231,-2.154267,7.117758,-17.054788,9.065595,108.114340,7.454344,-7.454344
3.105000,-0.647645,-2.127239,8.079512,-19.612652,13.997282,107.837823,7.271453,-7.271453
3.110000,-0.538322,-2.215027,8.041032,-16.728440,18.400421,94.961476,7.081841,-7.081841
3.115000,-0.510075,-2.450783,7.404106,-15.836310,23.426491,109.102634,6.885710,-6.885710
3.120000,-0.547677,-2.459763,7.036363,-16.180256,24.049682,101.096657,6.683272,-6.683272
3.125000,-0.516950,-2.211165,8.226913,-17.408798,26.764940,102.848547,6.474741,-6.474741
3.130000,-0.474916,-2.594890,7.479706,-15.983064,32.554570,113.452149,6.260340,-6.260340
3.135000,-0.360409,-2.411424,8.231377,-13.968702,36.291865,103.414542,6.040293,-6.040293
3.140000,-0.356045,-2.649020,9.079270,-15.488004,30.767267,101.010307,5.814833,-5.814833
3.145000,-0.285672,-2.686693,8.605122,-14.383613,30.656254,99.724111,5.584195,-5.584195
3.150000,-0.270243,-2.705825,8.041336,-14.698203,27.090163,88.442408,5.348620,-5.348620
3.155000,-0.217687,-2.625596,8.761027,-14.297555,25.844622,69.255721,5.108354,-5.108354
3.160000,-0.170822,-2.918757,8.622636,-11.838818,19.684236,50.037693,4.863644,-4.863644
3.165000,-0.131870,-2.936839,9.098193,-12.055879,12.430019,31.777137,4.614744,-4.614744
3.170000,-0.086188,-2.885105,9.865110,-14.047003,7.027710,12.287617,4.361910,-4.361910
3.175000,-0.042622,-2.952756,9.913328,-13.601167,-0.953568,-6.714781,4.105400,-4.105400
3.180000,0.003184,-3.255468,9.403525,-11.839558,-8.773476,-24.251185,3.845479,-3.845479
3.185000,0.045386,-3.547605,8.586517,-12.036351,-14.123410,-41.794374,3.582410,-3.582410
3.190000,0.093374,-3.497615,9.620968,-12.340479,-20.287452,-54.088236,3.316461,-3.316461
3.195000,0.136571,-3.259459,8.648943,-13.332511,-24.150145,-66.917513,3.047903,-3.047903
3.200000,0.195671,-3.534688,8.356353,-14.859486,-25.710092,-65.767727,2.777006,-2.777006
3.205000,0.211382,-3.255345,9.060977,-13.844102,-31.160401,-76.626415,2.504044,-2.504044
3.210000,0.259353,-3.657097,8.767740,-16.015174,-29.598937,-77.411994,2.229291,-2.229291
3.215000,0.320855,-3.653058,8.289197,-15.079635,-31.707456,-81.475605,1.953024,-1.953024
3.220000,0.333678,-3.615458,7.813593,-16.404365,-27.701398,-68.232213,1.675518,-1.675518
3.225000,0.416100,-4.126877,7.872009,-14.695481,-26.065054,-66.212372,1.397052,-1.397052
3.230000,0.401403,-3.607175,7.156715,-14.631744,-26.503120,-62.795683,1.117901,-1.117901
3.235000,0.439883,-3.698112,7.187448,-16.275831,-20.974232,-50.853720,0.838344,-0.838344
3.240000,0.480983,-4.224059,7.407943,-17.039916,-21.333781,-45.316786,0.558657,-0.558657
3.245000,0.576144,-3.758303,7.253677,-17.064516,-16.616186,-45.529486,0.279117,-0.279117
3.250000,0.628542,-4.167493,7.348625,-15.630488,-18.224375,-34.638525,-0.000000,0.000000
3.255000,0.603511,-4.624464,7.398870,-15.936505,-16.202899,-30.784233,-0.278421,0.278421
3.260000,0.675627,-4.508567,7.631286,-17.113878,-13.074704,-22.289797,-0.555871,0.555871
3.265000,0.715709,-4.433180,6.511965,-18.957611,-13.080797,-17.285025,-0.832080,0.832080
3.270000,0.662099,-4.183590,7.522484,-17.692477,-13.737297,-8.015157,-1.106778,1.106778
3.275000,0.722433,-4.236450,7.375348,-16.147044,-13.856499,0.759181,-1.379697,1.379697
3.280000,0.824644,-4.354486,6.600542,-16.863442,-16.024967,11.462149,-1.650573,1.650573
3.285000,0.908178,-4.652955,7.267101,-16.231670,-16.450663,25.908481,-1.919143,1.919143
3.290000,0.850688,-4.554249,6.195326,-17.274492,-18.500258,42.020192,-2.185148,2.185148
3.295000,0.815498,-4.602262,7.337541,-16.970934,-23.356535,61.218237,-2.448332,2.448332
3.300000,0.897203,-5.605472,6.443055,-15.661184,-27.196281,82.718396,-2.708441,2.708441
3.305000,1.029042,-5.280923,6.610240,-14.769326,-33.272250,103.323102,-2.965227,2.965227
3.310000,0.984003,-5.771077,6.704255,-15.557688,-42.541741,152.488232,-3.218445,3.218445
3.315000,0.981783,-5.205811,5.435255,-14.557380,-47.341926,166.230082,-3.467853,3.467853
3.320000,1.096306,-5.624298,5.343636,-12.515340,-59.155278,209.371368,-3.713215,3.713215
3.325000,1.004958,-5.568895,5.029184,-12.558155,-72.558498,266.961079,-3.954299,3.954299
3.330000,1.009334,-6.093219,5.305676,-11.075880,-73.966548,299.876871,-4.190877,4.190877
3.335000,1.051073,-5.675893,4.956661,-10.361973,-84.173269,346.364879,-4.422727,4.422727
3.340000,1.183011,-6.204630,4.598173,-8.596089,-84.665315,329.686090,-4.649631,4.649631
3.345000,1.216373,-5.815727,3.461073,-6.022008,-99.268530,337.801318,-4.871380,4.871380
3.350000,1.171062,-5.749270,3.245390,-3.999382,-101.018743,401.602441,-5.087765,5.087765
3.355000,1.260982,-5.897638,2.626088,-2.490767,-92.318908,378.096429,-5.298588,5.298588
3.360000,1.253560,-5.170973,2.324938,-0.795046,-95.487037,386.932290,-5.503653,5.503653
3.365000,1.259204,-5.452505,1.849019,1.018427,-92.775087,349.223279,-5.702773,5.702773
3.370000,1.255775,-5.247614,1.452639,2.683531,-85.186523,346.233768,-5.895766,5.895766
3.375000,1.210580,-5.977215,1.239537,4.151441,-74.046086,295.096134,-6.082457,6.082457
3.380000,1.245691,-5.525738,0.730376,5.904863,-72.908931,280.443735,-6.262677,6.262677
3.385000,1.291502,-5.945864,0.482660,6.576416,-63.948227,244.891589,-6.436264,6.436264
3.390000,1.346832,-5.057656,0.131439,7.625046,-53.513028,244.613299,-6.603064,6.603064
3.395000,1.264881,-5.928161,-0.136979,8.519158,-56.909788,200.736251,-6.762929,6.762929
3.400000,1.190411,-5.687051,-0.389447,9.853939,-43.496743,163.262877,-6.915719,6.915719
3.405000,1.264679,-5.876587,-0.644538,10.325166,-44.124217,166.623422,-7.061300,7.061300
3.410000,1.232872,-5.280785,-0.762530,10.576653,-35.890074,140.856719,-7.199546,7.199546
3.415000,1.309313,-4.834868,-0.902921,11.356447,-33.234151,123.055199,-7.330340,7.330340
3.420000,1.214451,-5.309553,-1.118174,12.184971,-24.580488,104.613877,-7.453570,7.453570
3.425000,1.295019,-5.230972,-1.252268,14.416813,-22.792150,83.692517,-7.569135,7.569135
3.430000,1.253161,-5.056458,-1.368087,12.602840,-19.368219,73.998369,-7.676938,7.676938
3.435000,1.345238,-4.810636,-1.367917,14.375503,-14.979973,77.523134,-7.776894,7.776894
3.440000,1.252182,-4.620640,-1.328938,14.569854,-12.014537,67.013684,-7.868923,7.868923
3.445000,1.232434,-5.238168,-1.493136,13.755274,-8.280926,59.501344,-7.952954,7.952954
3.450000,1.132769,-5.336171,-1.423480,15.258763,-6.527184,55.517934,-8.028924,8.028924
3.455000,1.186097,-4.999973,-1.580797,16.578136,-3.190454,51.633088,-8.096778,8.096778
3.460000,1.183113,-4.932263,-1.613783,15.380115,-0.964193,54.048880,-8.156469,8.156469
3.465000,1.181560,-4.665934,-1.744310,16.492081,1.399269,57.674277,-8.207959,8.207959
3.470000,1.072447,-4.367578,-1.615905,14.737154,4.219408,55.713067,-8.251218,8.251218
3.475000,1.056854,-4.211613,-1.613898,15.860502,5.903747,58.130866,-8.286223,8.286223
3.480000,1.112207,-4.216974,-1.649294,15.571387,9.077279,64.088199,-8.312960,8.312960
3.485000,1.152799,-3.899573,-1.434725,17.995478,12.397190,71.082932,-8.331424,8.331424
3.490000,1.258913,-4.261743,-1.477219,16.834985,14.538209,68.413576,-8.341617,8.341617
3.495000,1.103922,-3.726234,-1.210635,17.212289,15.982763,82.251903,-8.343549,8.343549
3.500000,1.223509,-4.128727,-1.295426,19.379455,20.283124,86.864056,-8.337240,8.337240
3.505000,1.155217,-3.603915,-1.054330,20.234602,22.525114,85.312109,-8.322717,8.322717
3.510000,1.225961,-4.202876,-1.075234,18.400981,21.519247,89.311175,-8.300013,8.300013
3.515000,1.065574,-3.654667,-0.834876,20.226451,24.370987,109.071011,-8.269172,8.269172
3.520000,1.065098,-3.631077,-0.752102,19.889166,21.010299,103.937124,-8.230244,8.230244
3.525000,1.085073,-3.749329,-0.635643,21.920719,18.072933,102.892031,-8.183289,8.183289
3.530000,1.085089,-3.269838,-0.574577,20.004612,7.595234,90.788433,-8.128373,8.128373
3.535000,1.000599,-3.070151,-0.591604,19.946447,-5.793208,72.556664,-8.065569,8.065569
3.540000,1.089975,-2.937218,-0.627537,20.934114,-25.440226,42.415852,-7.994960,7.994960
3.545000,1.116026,-2.924530,-0.853890,19.908593,-45.353217,11.322501,-7.916634,7.916634
3.550000,1.031896,-2.739344,-1.012532,20.974844,-59.841636,-13.478116,-7.830689,7.830689
3.555000,1.027263,-2.865802,-1.411913,20.086814,-73.173833,-32.042717,-7.737228,7.737228
3.560000,1.041613,-2.736459,-2.029427,21.894865,-84.892784,-33.176599,-7.636361,7.636361
3.565000,0.963993,-2.736913,-2.357874,19.301611,-90.040556,-32.541687,-7.528208,7.528208
3.570000,1.002051,-2.601076,-2.713750,22.890913,-78.980873,-17.852049,-7.412893,7.412893
3.575000,1.087839,-2.454358,-3.102143,21.622601,-87.214979,-2.101650,-7.290548,7.290548
3.580000,1.106779,-2.355927,-3.831526,21.001119,-78.099831,16.035153,-7.161311,7.161311
3.585000,1.037259,-2.307191,-4.173300,23.309482,-78.961203,39.639745,-7.025328,7.025328
3.590000,0.931168,-2.118277,-4.105879,21.630207,-82.918854,58.938939,-6.882748,6.882748
3.595000,0.983371,-1.985489,-4.391771,22.971350,-86.742460,86.790750,-6.733729,6.733729
3.600000,0.893760,-2.010472,-4.672385,23.276975,-75.653599,112.877829,-6.578435,6.578435
3.605000,0.877407,-1.832485,-5.237038,23.870235,-74.472349,130.060937,-6.417035,6.417035
3.610000,0.960646,-1.799274,-6.288449,22.497637,-80.182810,151.736134,-6.249702,6.249702
3.615000,0.883508,-1.487223,-6.936992,22.238418,-78.962257,183.938704,-6.076618,6.076618
3.620000,0.787482,-1.479677,-7.532188,26.898345,-86.054872,199.254323,-5.897967,5.897967
3.625000,0.781878,-1.466226,-7.778489,25.683438,-89.309330,272.683181,-5.713939,5.713939
3.630000,0.675272,-1.194630,-7.165410,29.815067,-101.482564,292.208601,-5.524730,5.524730
3.635000,0.640389,-0.977290,-8.519248,28.580882,-122.324445,347.201068,-5.330540,5.330540
3.640000,0.684700,-0.932747,-9.529252,33.298798,-130.043573,366.401376,-5.131572,5.131572
3.645000,0.665566,-0.842141,-9.833527,35.188748,-140.214749,397.782934,-4.928035,4.928035
3.650000,0.564248,-0.563606,-10.935915,36.117743,-121.917151,387.978836,-4.720141,4.720141
3.655000,0.522069,-0.402099,-10.027504,33.656390,-94.858402,243.003002,-4.508106,4.508106
3.660000,0.462058,-0.224348,-10.884950,34.153210,-17.982823,-34.456764,-4.292151,4.292151
3.665000,0.419827,-0.043810,-11.100876,37.071688,63.191030,-365.511130,-4.072497,4.072497
3.670000,0.330826,0.122433,-9.575202,31.456454,125.075075,-690.158543,-3.849372,3.849372
3.675000,0.289879,0.279838,-9.765100,32.089470,152.276160,-652.631811,-3.623003,3.623003
3.680000,0.235353,0.451411,-8.122291,27.863411,136.406177,-631.634215,-3.393623,3.393623
3.685000,0.194350,0.533906,-8.951343,25.392081,114.380087,-548.430034,-3.161466,3.161466
3.690000,0.180567,0.629620,-8.467946,20.446677,100.394466,-451.903105,-2.926767,2.926767
3.695000,0.118739,0.732011,-7.831021,20.619430,71.867770,-397.153076,-2.689765,2.689765
3.700000,0.087911,0.936917,-6.491226,17.060443,61.532439,-367.150443,-2.450699,2.450699
3.705000,0.053423,0.968939,-6.727460,14.706392,53.644449,-334.639973,-2.209811,2.209811
3.710000,0.021232,1.072622,-6.638384,12.848698,45.415885,-294.042270,-1.967343,1.967343
3.715000,-0.012703,1.010928,-7.039322,12.710358,38.363754,-256.133149,-1.723538,1.723538
3.720000,-0.043336,1.057582,-5.828737,11.108608,30.573456,-216.994131,-1.478640,1.478640
3.725000,-0.077565,1.180823,-6.085559,10.333654,24.453188,-234.443026,-1.232894,1.232894
3.730000,-0.097253,1.333886,-6.141530,9.916061,22.308537,-230.640510,-0.986544,0.986544
3.735000,-0.134412,1.385121,-6.367469,7.789821,21.760217,-210.615688,-0.739836,0.739836
3.740000,-0.168948,1.217998,-6.116591,6.815815,19.352957,-213.144286,-0.493013,0.493013
3.745000,-0.205224,1.366279,-5.950761,6.149966,19.005498,-179.986595,-0.246320,0.246320
3.750000,-0.224517,1.343953,-5.785306,5.708400,19.427266,-181.790720,-0.000000,0.000000
3.755000,-0.256942,1.428089,-5.955597,4.038118,20.000752,-177.612798,0.245705,-0.245705
3.760000,-0.291615,1.440087,-5.853023,3.193281,20.392011,-194.029197,0.490554,-0.490554
3.765000,-0.308926,1.401682,-5.633047,2.477164,19.968122,-183.318900,0.734308,-0.734308
3.770000,-0.333750,1.344847,-5.602559,1.864022,21.166489,-160.705688,0.976728,-0.976728
3.775000,-0.325794,1.415092,-5.600973,0.913559,25.615629,-156.748895,1.217579,-1.217579
3.780000,-0.378052,1.549230,-5.258395,0.014020,24.026154,-155.237580,1.456626,-1.456626
3.785000,-0.426230,1.525020,-4.416660,-0.749514,27.834236,-172.990091,1.693638,-1.693638
3.790000,-0.471496,1.532979,-4.974116,-1.784735,32.088193,-178.675477,1.928387,-1.928387
3.795000,-0.422855,1.572918,-4.706468,-2.717456,35.746382,-176.464950,2.160645,-2.160645
3.800000,-0.459632,1.491415,-4.543588,-3.122106,34.105143,-152.145468,2.390191,-2.390191
3.805000,-0.530944,1.519077,-4.533336,-4.579851,40.345504,-152.876837,2.616804,-2.616804
3.810000,-0.543737,1.318099,-3.629767,-4.922093,41.606333,-157.923761,2.840268,-2.840268
3.815000,-0.586114,1.490925,-3.513797,-5.914258,50.391557,-165.165719,3.060370,-3.060370
3.820000,-0.588951,1.248721,-3.327602,-6.131667,46.407699,-155.999878,3.276901,-3.276901
3.825000,-0.620481,1.386934,-3.505564,-7.139448,48.616292,-185.463047,3.489656,-3.489656
3.830000,-0.559984,1.325723,-3.199784,-7.982318,55.881704,-165.840757,3.698436,-3.698436
3.835000,-0.546498,1.304816,-2.666283,-9.761871,60.152842,-171.722968,3.903042,-3.903042
3.840000,-0.557346,1.085452,-2.253642,-9.682560,68.361756,-172.415479,4.103285,-4.103285
3.845000,-0.672453,1.050739,-1.905551,-11.496338,63.943117,-211.633241,4.298977,-4.298977
3.850000,-0.618878,1.098234,-1.719557,-12.188724,69.966669,-219.119396,4.489937,-4.489937
3.855000,-0.655393,0.937187,-1.350250,-14.428584,82.869563,-226.104779,4.675987,-4.675987
3.860000,-0.695724,0.881451,-0.974287,-12.998771,84.689359,-219.090506,4.856957,-4.856957
3.865000,-0.588847,0.901509,-0.500580,-16.880398,92.580248,-229.724092,5.032679,-5.032679
3.870000,-0.682706,0.845198,-0.024659,-17.391711,85.307439,-250.610050,5.202995,-5.202995
3.875000,-0.588960,0.717651,0.433186,-18.079843,102.964466,-275.578472,5.367749,-5.367749
3.880000,-0.656863,0.543333,0.971967,-17.721786,90.473201,-300.157875,5.526793,-5.526793
3.885000,-0.679200,0.487670,1.429317,-22.535548,99.873070,-265.532974,5.679983,-5.679983
3.890000,-0.678097,0.358145,1.983462,-22.721168,89.702319,-276.127286,5.827184,-5.827184
3.895000,-0.614516,0.282829,2.125184,-23.472115,75.291987,-214.681891,5.968264,-5.968264
3.900000,-0.663628,0.170977,2.538531,-23.146977,53.073366,-125.389831,6.103100,-6.103100
3.905000,-0.553617,0.033425,2.508187,-25.996389,23.077882,-36.169459,6.231575,-6.231575
3.910000,-0.543392,-0.085736,2.920272,-23.933612,-2.180929,67.805780,6.353577,-6.353577
3.915000,-0.544711,-0.195206,2.733107,-23.092369,-23.855249,127.586227,6.469002,-6.469002
3.920000,-0.609074,-0.338471,2.531381,-25.432075,-34.478908,168.975532,6.577752,-6.577752
3.925000,-0.548112,-0.449941,2.329995,-21.431027,-43.736889,193.081784,6.679738,-6.679738
3.930000,-0.490374,-0.553217,2.374772,-19.855826,-43.009109,186.955516,6.774874,-6.774874
3.935000,-0.530910,-0.621715,1.800007,-19.125379,-41.324892,155.116034,6.863085,-6.863085
3.940000,-0.464652,-0.711943,1.599616,-19.151316,-38.900868,145.889186,6.944300,-6.944300
3.945000,-0.458594,-0.905654,1.495411,-20.649206,-37.560566,122.955617,7.018457,-7.018457
3.950000,-0.511866,-0.946680,1.315826,-17.444268,-37.046244,103.744591,7.085500,-7.085500
3.955000,-0.460755,-1.029560,1.229905,-17.624721,-33.915820,95.346414,7.145381,-7.145381
3.960000,-0.516001,-1.157366,1.029486,-18.553051,-32.401942,79.804735,7.198059,-7.198059
3.965000,-0.506561,-1.297215,0.870127,-16.658505,-31.422424,58.740760,7.243498,-7.243498
3.970000,-0.445318,-1.346024,0.761996,-16.112292,-29.515888,53.036534,7.281674,-7.281674
3.975000,-0.448601,-1.273442,0.608582,-16.361870,-29.658867,38.939077,7.312566,-7.312566
3.980000,-0.456766,-1.602487,0.520626,-15.349410,-25.758676,32.269975,7.336161,-7.336161
3.985000,-0.428504,-1.468825,0.366211,-17.276256,-27.535671,19.131929,7.352456,-7.352456
3.990000,-0.502582,-1.795918,0.215669,-16.783465,-30.601097,12.439783,7.361451,-7.361451
3.995000,-0.439551,-1.896664,0.052158,-16.477084,-31.969956,3.711352,7.363156,-7.363156
4.000000,-0.485308,-1.934007,-0.096451,-15.730279,-31.108232,-4.189540,7.357589,-7.357589
4.005000,-0.431048,-2.059373,-0.266335,-17.182565,-32.845586,-12.776927,7.344772,-7.344772
4.010000,-0.495054,-2.115785,-0.419857,-15.736428,-31.830338,-19.136070,7.324736,-7.324736
4.015000,-0.454792,-1.904569,-0.530612,-17.119860,-33.352837,-29.404041,7.297519,-7.297519
4.020000,-0.519564,-2.063086,-0.663082,-16.861245,-37.301023,-34.447624,7.263165,-7.263165
4.025000,-0.459640,-2.033855,-0.995301,-17.262744,-38.900014,-39.957531,7.221728,-7.221728
4.030000,-0.451822,-2.386416,-1.156992,-18.858568,-35.307455,-48.865275,7.173264,-7.173264
4.035000,-0.514937,-2.456428,-1.392243,-16.350785,-32.414429,-57.216082,7.117840,-7.117840
4.040000,-0.475041,-2.303777,-1.410126,-16.748456,-36.796459,-57.360498,7.055527,-7.055527
4.045000,-0.543272,-2.418976,-1.611265,-18.457080,-29.913847,-69.626354,6.986405,-6.986405
4.050000,-0.475341,-2.704585,-1.596314,-18.442049,-24.941021,-57.698772,6.910559,-6.910559
4.055000,-0.473422,-2.979630,-1.814794,-18.393951,-17.441945,-54.402195,6.828079,-6.828079
4.060000,-0.477617,-3.120186,-1.852324,-19.602280,-5.765091,-36.306065,6.739065,-6.739065
4.065000,-0.544233,-2.698882,-1.867911,-18.307834,9.181890,-20.646333,6.643620,-6.643620
4.070000,-0.505353,-2.967308,-1.766435,-20.486272,26.013695,1.977341,6.541855,-6.541855
4.075000,-0.593389,-3.153977,-1.685171,-17.459166,47.866005,24.849090,6.433886,-6.433886
4.080000,-0.542541,-3.072894,-1.276724,-19.104776,61.666306,41.099925,6.319835,-6.319835
4.085000,-0.572238,-3.507939,-1.117647,-18.837386,71.890528,56.450773,6.199830,-6.199830
4.090000,-0.590377,-3.663236,-0.651438,-18.361578,72.949181,56.240963,6.074004,-6.074004
4.095000,-0.632593,-3.723660,-0.320925,-18.401014,83.243110,46.811422,5.942495,-5.942495
4.100000,-0.540449,-3.433373,0.067279,-17.208263,80.192886,39.507878,5.805449,-5.805449
4.105000,-0.601463,-3.398848,0.439320,-19.054440,72.294310,31.213476,5.663013,-5.663013
4.110000,-0.529550,-4.070097,0.810703,-19.217439,74.519421,20.582036,5.515343,-5.515343
4.115000,-0.618697,-3.896463,1.224267,-17.671324,71.795003,6.199738,5.362597,-5.362597
4.120000,-0.516659,-3.796757,1.683665,-18.667891,64.046490,-5.985313,5.204937,-5.204937
4.125000,-0.568320,-4.162203,2.075764,-16.242653,65.610708,-17.903152,5.042534,-5.042534
4.130000,-0.494664,-3.999897,2.064906,-19.746895,66.674728,-30.125364,4.875557,-4.875557
4.135000,-0.542227,-4.049488,2.433344,-17.454592,68.789385,-40.617747,4.704185,-4.704185
4.140000,-0.562399,-4.063835,2.822059,-17.877152,58.184735,-50.644297,4.528596,-4.528596
4.145000,-0.462798,-4.612605,3.016275,-19.520811,65.218668,-64.941545,4.348975,-4.348975
4.150000,-0.454697,-4.272320,3.662197,-19.555714,65.986364,-81.876982,4.165510,-4.165510
4.155000,-0.439659,-4.464987,3.741914,-18.774088,60.464444,-87.553420,3.978390,-3.978390
4.160000,-0.406352,-5.057035,4.334720,-21.044247,65.812318,-105.369292,3.787810,-3.787810
4.165000,-0.396406,-4.389956,4.715253,-19.226417,68.188517,-117.400076,3.593966,-3.593966
4.170000,-0.370301,-4.609733,4.433688,-22.004359,57.251940,-135.921568,3.397059,-3.397059
4.175000,-0.368374,-5.115162,4.620432,-23.339302,58.969267,-150.843718,3.197289,-3.197289
4.180000,-0.351998,-5.560822,5.773452,-22.583571,63.829184,-163.701546,2.994862,-2.994862
4.185000,-0.313224,-5.110515,5.555323,-21.272119,69.179984,-144.299374,2.789984,-2.789984
4.190000,-0.279412,-5.424024,6.197468,-22.619944,59.500256,-149.260130,2.582863,-2.582863
4.195000,-0.278202,-5.067750,5.755708,-26.067150,61.862342,-124.795445,2.373709,-2.373709
4.200000,-0.211703,-5.271896,6.238672,-24.764147,48.844411,-89.370727,2.162734,-2.162734
4.205000,-0.207941,-5.639106,6.248434,-26.258688,25.954969,-31.270242,1.950151,-1.950151
4.210000,-0.154225,-5.322448,6.909161,-24.099843,1.863512,81.032134,1.736174,-1.736174
4.215000,-0.118458,-5.857903,6.410041,-26.071391,-26.227646,212.060430,1.521017,-1.521017
4.220000,-0.089772,-5.860022,6.116149,-23.775551,-57.733063,341.833965,1.304895,-1.304895
4.225000,-0.069877,-5.678961,6.010591,-20.073204,-81.933619,427.279822,1.088025,-1.088025
4.230000,-0.031935,-6.895808,5.586953,-21.618764,-80.251534,470.031398,0.870622,-0.870622
4.235000,-0.007216,-6.258031,5.380779,-16.127997,-94.364386,425.239823,0.652903,-0.652903
4.240000,0.018484,-6.107551,4.862070,-16.213970,-75.059048,388.511540,0.435083,-0.435083
4.245000,0.042033,-6.630477,4.162182,-14.083910,-72.616482,390.552024,0.217377,-0.217377
4.250000,0.063489,-6.228702,4.286004,-11.593987,-62.016664,312.246071,-0.000000,0.000000
4.255000,0.083227,-6.455972,4.205117,-10.258902,-65.586152,300.601201,-0.216834,0.216834
4.260000,0.109146,-6.145830,3.407499,-9.445395,-53.672535,263.793446,-0.432913,0.432913
4.265000,0.124703,-7.051517,3.339503,-8.085921,-52.804371,241.749311,-0.648025,0.648025
4.270000,0.140589,-6.581984,3.009934,-6.700442,-49.184939,227.443819,-0.861960,0.861960
4.275000,0.140769,-6.226779,2.856922,-5.168467,-41.601944,228.868737,-1.074509,1.074509
4.280000,0.176123,-6.892623,2.496354,-3.893390,-42.685290,207.842764,-1.285468,1.285468
4.285000,0.167021,-6.986517,2.314143,-3.092127,-40.083961,188.933261,-1.494630,1.494630
4.290000,0.199182,-6.941538,2.253156,-1.837011,-35.413437,196.049606,-1.701795,1.701795
4.295000,0.199869,-7.535269,1.935718,-0.875454,-35.592178,186.679755,-1.906763,1.906763
4.300000,0.207339,-7.547929,1.808596,0.018391,-39.749396,183.818526,-2.109336,2.109336
4.305000,0.216071,-6.555214,1.684336,0.931772,-36.798329,193.604977,-2.309321,2.309321
4.310000,0.237711,-6.331789,1.471713,1.820786,-40.774653,199.425642,-2.506528,2.506528
4.315000,0.243916,-7.139188,1.281735,3.076737,-44.370898,195.863403,-2.700767,2.700767
4.320000,0.233884,-6.261592,0.962857,3.976928,-39.851569,202.486007,-2.891855,2.891855
4.325000,0.218940,-7.422678,0.781046,4.396540,-43.846663,198.642724,-3.079611,3.079611
4.330000,0.256081,-6.657670,0.625575,5.655884,-47.564436,195.324466,-3.263858,3.263858
4.335000,0.253425,-7.512543,0.368040,6.479216,-50.088825,172.092497,-3.444423,3.444423
4.340000,0.245730,-7.461463,0.135996,6.820814,-44.985045,197.337399,-3.621137,3.621137
4.345000,0.249735,-6.531444,-0.121354,8.261632,-51.818302,185.095351,-3.793834,3.793834
4.350000,0.245805,-6.257497,-0.335177,9.366246,-50.392136,178.480373,-3.962355,3.962355
4.355000,0.234156,-7.274370,-0.617318,9.523807,-46.041606,182.744577,-4.126544,4.126544
4.360000,0.233511,-7.251074,-0.885457,10.403028,-53.741552,197.266608,-4.286249,4.286249
4.365000,0.235070,-6.697003,-1.093701,12.129391,-50.990757,192.084005,-4.441324,4.441324
4.370000,0.223429,-6.646835,-1.332470,13.387470,-47.191118,169.266016,-4.591627,4.591627
4.375000,0.201536,-6.372770,-1.518749,12.702867,-37.240745,145.150384,-4.737022,4.737022
4.380000,0.233648,-6.700083,-1.704148,13.351436,-32.043171,117.457392,-4.877378,4.877378
4.385000,0.211766,-6.607287,-2.054860,13.934439,-27.875427,95.583667,-5.012568,5.012568
4.390000,0.214439,-6.344143,-1.945070,14.468975,-17.308973,59.231108,-5.142472,5.142472
4.395000,0.176797,-6.627600,-1.915387,16.741508,-11.390267,33.397747,-5.266975,5.266975
4.400000,0.174256,-6.264125,-1.951051,14.643572,-4.138016,5.026974,-5.385967,5.385967
4.405000,0.165288,-5.756846,-2.141405,15.944582,1.748589,-16.476087,-5.499346,5.499346
4.410000,0.165568,-5.823533,-2.300775,16.380958,6.134494,-29.687337,-5.607012,5.607012
4.415000,0.128565,-6.359223,-1.856784,15.906166,9.596513,-41.865282,-5.708874,5.708874
4.420000,0.129792,-6.300419,-2.031489,15.650960,11.539154,-45.642562,-5.804846,5.804846
4.425000,0.115733,-5.938866,-1.762410,13.875568,12.563291,-45.777358,-5.894848,5.894848
4.430000,0.106184,-5.763909,-1.998121,14.276498,13.250120,-45.778313,-5.978806,5.978806
4.435000,0.101105,-5.872546,-1.832105,13.766335,14.271140,-43.739333,-6.056651,6.056651
4.440000,0.098357,-5.591797,-1.826261,14.826254,15.517099,-43.742796,-6.128323,6.128323
4.445000,0.082695,-5.224809,-1.661079,14.705244,13.322718,-38.477119,-6.193767,6.193767
4.450000,0.070935,-5.131505,-1.715622,15.320194,14.941259,-39.727728,-6.252932,6.252932
4.455000,0.074858,-5.236324,-1.671188,13.477793,13.498660,-33.132801,-6.305777,6.305777
4.460000,0.060726,-5.128779,-1.595324,14.621569,13.349465,-30.126690,-6.352264,6.352264
4.465000,0.052472,-5.128655,-1.504303,14.137747,13.759900,-25.052071,-6.392365,6.392365
4.470000,0.050604,-5.296911,-1.386281,13.325731,12.811879,-24.068034,-6.426055,6.426055
4.475000,0.041425,-4.543577,-1.363968,13.134280,13.478741,-20.069156,-6.453317,6.453317
4.480000,0.036590,-5.074143,-1.292243,14.259548,14.988728,-14.918194,-6.474140,6.474140
4.485000,0.032808,-5.292422,-1.122618,12.737348,13.565231,-13.608455,-6.488519,6.488519
4.490000,0.023354,-4.668521,-0.974971,12.348583,15.008660,-11.477451,-6.496458,6.496458
4.495000,0.021468,-4.264348,-0.915528,13.084650,14.061176,-7.884975,-6.497963,6.497963
4.500000,0.015921,-4.736695,-0.863911,12.628799,14.150042,-5.021851,-6.493049,6.493049
4.505000,0.010133,-4.663965,-0.779421,12.340109,15.541861,-2.230972,-6.481738,6.481738
4.510000,0.007088,-4.759348,-0.806443,11.811856,15.721365,0.618956,-6.464056,6.464056
4.515000,0.004031,-4.457189,-0.681571,12.281707,16.390549,3.091097,-6.440037,6.440037
4.520000,0.000472,-4.155409,-0.626436,12.506315,15.866637,5.659826,-6.409721,6.409721
4.525000,-0.002267,-4.504051,-0.486011,12.244598,15.421011,9.582700,-6.373152,6.373152
4.530000,-0.004307,-4.411173,-0.445231,14.371582,16.903621,11.726357,-6.330383,6.330383
4.535000,-0.007191,-4.290244,-0.344724,13.482072,15.781138,14.467078,-6.281472,6.281472
4.540000,-0.007567,-3.848313,-0.251091,14.000705,18.345413,15.749009,-6.226481,6.226481
4.545000,-0.009410,-4.383455,-0.158798,12.326874,19.473901,20.749793,-6.165481,6.165481
4.550000,-0.010186,-4.135490,-0.078089,14.600863,18.644287,23.857561,-6.098547,6.098547
4.555000,-0.009607,-4.230696,0.018709,14.423592,17.520516,25.221425,-6.025759,6.025759
4.560000,-0.009150,-3.842021,0.111058,13.558927,16.408049,27.536766,-5.947204,5.947204
4.565000,-0.009304,-3.722967,0.196798,14.957739,16.622315,29.567134,-5.862974,5.862974
4.570000,-0.008096,-3.997765,0.307197,13.457264,17.000920,27.228209,-5.773167,5.773167
4.575000,-0.006107,-3.973538,0.340600,15.425930,15.582279,28.390866,-5.677885,5.677885
4.580000,-0.004429,-3.398146,0.411644,15.325972,11.125477,24.354426,-5.577235,5.577235
4.585000,-0.001843,-3.202459,0.504169,15.448041,7.615910,18.705718,-5.471331,5.471331
4.590000,0.000603,-3.165248,0.530814,14.437861,3.076201,15.886295,-5.360289,5.360289
4.595000,0.003437,-3.526216,0.499580,13.594837,-1.934725,8.276383,-5.244234,5.244234
4.600000,0.005231,-3.359148,0.509512,15.705342,-7.468240,0.091003,-5.123291,5.123291
4.605000,0.008702,-2.931655,0.455765,14.827697,-12.397071,-7.656845,-4.997592,4.997592
4.610000,0.009313,-2.873379,0.380025,13.580429,-17.517254,-15.553134,-4.867273,4.867273
4.615000,0.010948,-3.153959,0.224204,15.391105,-25.234737,-20.841348,-4.732475,4.732475
4.620000,0.012224,-2.949383,0.107510,15.495159,-25.616870,-24.919406,-4.593341,4.593341
4.625000,0.012075,-2.829181,-0.033371,14.086446,-29.338011,-28.360268,-4.450020,4.450020
4.630000,0.011693,-2.781937,-0.207822,14.819901,-32.593979,-25.653143,-4.302664,4.302664
4.635000,0.011133,-2.499444,-0.359786,12.529338,-32.541072,-23.892205,-4.151429,4.151429
4.640000,0.007978,-2.438492,-0.537494,15.018562,-35.404721,-23.624796,-3.996472,3.996472
4.645000,0.005720,-2.673216,-0.644818,12.720132,-33.768806,-18.785062,-3.837957,3.837957
4.650000,0.001510,-2.491388,-0.887957,14.221384,-33.445921,-15.623207,-3.676049,3.676049
4.655000,-0.003411,-2.701109,-1.031960,14.437268,-28.437753,-10.282736,-3.510917,3.510917
4.660000,-0.008401,-2.234530,-1.193607,12.772728,-27.951768,-7.373213,-3.342730,3.342730
4.665000,-0.013753,-2.167188,-1.360472,13.586139,-31.645064,-3.453502,-3.171664,3.171664
4.670000,-0.022370,-2.117047,-1.462560,12.669343,-29.014485,-0.099343,-2.997894,2.997894
4.675000,-0.030236,-2.334155,-1.563736,13.148668,-26.497898,3.065053,-2.821598,2.821598
4.680000,-0.035341,-2.236683,-1.864499,14.757814,-24.793478,6.058052,-2.642956,2.642956
4.685000,-0.045244,-2.151731,-1.862850,12.785077,-23.903237,8.339196,-2.462152,2.462152
4.690000,-0.054527,-1.911715,-2.150080,12.341945,-24.911691,10.045297,-2.279368,2.279368
4.695000,-0.066208,-1.985260,-2.013808,13.755812,-21.895277,12.875637,-2.094791,2.094791
4.700000,-0.073093,-1.690510,-2.134556,13.604600,-22.056873,13.652460,-1.908606,1.908606
4.705000,-0.083468,-1.894834,-2.202527,13.052924,-22.074659,14.436164,-1.721002,1.721002
4.710000,-0.092336,-1.871435,-2.231561,14.907506,-20.449492,14.876273,-1.532168,1.532168
4.715000,-0.109923,-1.521878,-2.512109,14.256993,-18.189650,15.935301,-1.342292,1.342292
4.720000,-0.121110,-1.463312,-2.778775,13.439078,-17.617606,14.279269,-1.151566,1.151566
4.725000,-0.140239,-1.498842,-2.978333,13.565712,-15.508407,13.654717,-0.960179,0.960179
4.730000,-0.164606,-1.426278,-2.567233,15.536829,-16.848731,10.198832,-0.768322,0.768322
4.735000,-0.163460,-1.463590,-3.025717,13.398527,-13.215032,8.096376,-0.576185,0.576185
4.740000,-0.183196,-1.350507,-3.119268,14.462157,-11.914444,3.024296,-0.383959,0.383959
4.745000,-0.198731,-1.201581,-2.937638,13.513746,-9.527696,-3.515379,-0.191834,0.191834
4.750000,-0.219218,-1.231290,-3.201711,12.757623,-6.817054,-10.780880,-0.000000,0.000000
4.755000,-0.209467,-1.081119,-2.749015,14.244624,-3.954267,-23.113024,0.191355,-0.191355
4.760000,-0.260140,-1.091327,-2.784502,15.170964,-0.105509,-34.404375,0.382044,-0.382044
4.765000,-0.268464,-0.994229,-2.790916,14.638430,4.252760,-45.213344,0.571880,-0.571880
4.770000,-0.269140,-0.963415,-2.756393,12.922248,9.774468,-69.280443,0.760677,-0.760677
4.775000,-0.315136,-0.810788,-2.839912,13.727080,15.046351,-91.475067,0.948251,-0.948251
4.780000,-0.330420,-0.769515,-2.645996,13.544321,20.160040,-110.370274,1.134421,-1.134421
4.785000,-0.311476,-0.679708,-2.577492,12.387494,23.930598,-129.566036,1.319007,-1.319007
4.790000,-0.313465,-0.641826,-2.496836,12.339520,33.065060,-146.264405,1.501829,-1.501829
4.795000,-0.352087,-0.536482,-2.592131,10.330017,38.413394,-162.192706,1.682712,-1.682712
4.800000,-0.369102,-0.535257,-2.370035,9.696006,43.841534,-191.123679,1.861483,-1.861483
4.805000,-0.342324,-0.471196,-2.002200,9.136891,49.837256,-206.817040,2.037969,-2.037969
4.810000,-0.392663,-0.429001,-1.697431,7.725383,49.807715,-211.706336,2.212003,-2.212003
4.815000,-0.404298,-0.432711,-1.557149,6.342414,50.647464,-236.224344,2.383418,-2.383418
4.820000,-0.410417,-0.389544,-1.288835,5.258059,55.373561,-261.933938,2.552053,-2.552053
4.825000,-0.364608,-0.372055,-0.944972,3.804269,59.773125,-215.632126,2.717747,-2.717747
4.830000,-0.413885,-0.330086,-0.635942,2.831817,58.785978,-225.649024,2.880345,-2.880345
4.835000,-0.386661,-0.332652,-0.331248,1.306529,57.139314,-235.221390,3.039693,-3.039693
4.840000,-0.438031,-0.308002,-0.090172,0.309592,54.144103,-203.723500,3.195642,-3.195642
4.845000,-0.380030,-0.331286,0.180378,-0.796051,50.335707,-214.233451,3.348047,-3.348047
4.850000,-0.371814,-0.334099,0.424143,-1.634873,47.211070,-189.028555,3.496766,-3.496766
4.855000,-0.376637,-0.382027,0.682277,-2.495523,49.791238,-199.452510,3.641662,-3.641662
4.860000,-0.388255,-0.382324,0.967184,-3.765093,47.119032,-183.967276,3.782602,-3.782602
4.865000,-0.355410,-0.383152,1.110437,-4.830627,37.118288,-168.707485,3.919455,-3.919455
4.870000,-0.373165,-0.456755,1.192654,-5.309461,41.789853,-153.430699,4.052097,-4.052097
4.875000,-0.345818,-0.412437,1.429480,-5.360325,35.101968,-130.591507,4.180407,-4.180407
4.880000,-0.378393,-0.429386,1.747914,-6.845209,32.544869,-118.375402,4.304271,-4.304271
4.885000,-0.383300,-0.469456,1.927312,-7.519506,30.174099,-108.366647,4.423575,-4.423575
4.890000,-0.332801,-0.516943,1.935658,-7.280919,27.248037,-87.832021,4.538215,-4.538215
4.895000,-0.357177,-0.581514,2.132087,-8.697259,23.059150,-76.412165,4.648089,-4.648089
4.900000,-0.346228,-0.585831,2.104735,-9.097285,23.004353,-68.575981,4.753099,-4.753099
4.905000,-0.286276,-0.654331,2.283399,-8.382429,18.205129,-58.555281,4.853156,-4.853156
4.910000,-0.307979,-0.674407,2.313428,-8.971485,18.411650,-52.636631,4.948171,-4.948171
4.915000,-0.280926,-0.725147,2.642975,-8.939145,13.906359,-38.910234,5.038064,-5.038064
4.920000,-0.287786,-0.798381,2.578630,-9.812704,12.644092,-32.192591,5.122759,-5.122759
4.925000,-0.285352,-0.780570,2.503206,-10.013547,13.295173,-29.523106,5.202185,-5.202185
4.930000,-0.270743,-0.962989,2.770371,-10.492552,11.969509,-24.381200,5.276277,-5.276277
4.935000,-0.234000,-0.944900,2.733785,-10.348575,9.767316,-18.495253,5.344976,-5.344976
4.940000,-0.229972,-0.944732,2.616504,-10.256145,8.766837,-13.293349,5.408226,-5.408226
4.945000,-0.224740,-1.026071,2.835620,-9.374191,8.793987,-11.408061,5.465980,-5.465980
4.950000,-0.188724,-1.042328,3.126719,-10.177375,7.731502,-8.339701,5.518193,-5.518193
4.955000,-0.191594,-1.055403,2.637578,-9.900840,6.587822,-5.487213,5.564828,-5.564828
4.960000,-0.183143,-1.211485,3.143367,-10.904130,6.196358,-2.990817,5.605854,-5.605854
4.965000,-0.140673,-1.310044,2.947387,-10.591907,6.533850,-1.046890,5.641242,-5.641242
4.970000,-0.131193,-1.398397,3.121363,-10.768249,5.887923,0.562389,5.670973,-5.670973
4.975000,-0.117988,-1.375361,3.091997,-10.810069,5.716112,2.187971,5.695032,-5.695032
4.980000,-0.100917,-1.471574,3.214423,-9.409721,4.963348,3.186055,5.713408,-5.713408
4.985000,-0.101776,-1.502401,3.029871,-10.423658,4.941501,4.639063,5.726098,-5.726098
4.990000,-0.073333,-1.602567,3.321743,-9.825513,4.527622,5.254700,5.733104,-5.733104
4.995000,-0.070001,-1.496022,3.414317,-9.650042,4.859919,6.816988,5.734432,-5.734432
5.000000,-0.051374,-1.596229,3.417814,-9.189207,4.620460,7.765217,5.730096,-5.730096
5.005000,-0.031180,-1.637157,2.920973,-9.304525,4.335863,8.684137,5.720114,-5.720114
5.010000,-0.016013,-1.647033,3.205963,-10.408444,4.941150,9.088461,5.704510,-5.704510
5.015000,-0.001493,-1.689082,3.370979,-10.590341,4.473367,9.367060,5.683313,-5.683313
5.020000,0.015546,-1.855340,3.004645,-9.981834,4.231128,10.402674,5.656559,-5.656559
5.025000,0.031094,-1.999788,3.524011,-9.978267,4.260166,10.432974,5.624287,-5.624287
5.030000,0.046768,-1.738246,3.463957,-10.223542,4.385592,11.643103,5.586544,-5.586544
5.035000,0.064687,-2.052403,3.084454,-8.556230,4.183008,12.891491,5.543379,-5.543379
5.040000,0.074166,-1.916066,3.360597,-10.261841,4.041049,12.735107,5.494850,-5.494850
5.045000,0.090763,-1.879848,3.218568,-10.001646,4.218465,14.186075,5.441018,-5.441018
5.050000,0.113710,-2.062079,3.180765,-9.275118,4.381523,14.413577,5.381949,-5.381949
5.055000,0.123444,-2.089148,3.127646,-9.037515,4.161987,14.028817,5.317714,-5.317714
5.060000,0.139587,-1.955829,3.372339,-9.892681,3.931581,14.805416,5.248389,-5.248389
5.065000,0.148714,-2.357986,3.736529,-9.613388,4.448557,13.586321,5.174057,-5.174057
5.070000,0.193693,-2.418637,3.184565,-9.244918,4.260578,15.035541,5.094802,-5.094802
5.075000,0.217566,-2.304219,3.247943,-8.760332,4.052555,15.540979,5.010716,-5.010716
5.080000,0.204614,-2.275507,3.165264,-8.279841,3.748038,14.997308,4.921893,-4.921893
5.085000,0.216067,-2.206514,3.803279,-8.033675,3.731117,17.328832,4.828432,-4.828432
5.090000,0.264510,-2.308611,3.697954,-7.934829,2.999975,16.029230,4.730439,-4.730439
5.095000,0.291168,-2.535118,3.485319,-8.090624,2.905556,14.878830,4.628020,-4.628020
5.100000,0.273657,-2.329749,3.459119,-9.213639,2.346584,14.676933,4.521288,-4.521288
5.105000,0.283369,-2.471150,3.401885,-8.631361,1.787101,15.169786,4.410359,-4.410359
5.110000,0.343814,-2.421343,3.905504,-8.326045,1.211945,14.403782,4.295353,-4.295353
5.115000,0.305762,-2.391142,3.231962,-8.253411,0.657504,14.929398,4.176394,-4.176394
5.120000,0.381493,-2.544358,3.483261,-8.464674,-0.126711,12.915826,4.053609,-4.053609
5.125000,0.362599,-2.769296,3.240953,-8.617615,-0.904121,14.434253,3.927129,-3.927129
5.130000,0.389557,-2.958166,3.285615,-8.573361,-1.747275,12.608016,3.797088,-3.797088
5.135000,0.446919,-2.857154,3.576329,-7.682283,-2.522200,10.863335,3.663623,-3.663623
5.140000,0.437727,-3.041424,3.761647,-7.484714,-4.000427,9.963066,3.526874,-3.526874
5.145000,0.441095,-3.129720,3.407868,-8.320133,-4.735436,10.602917,3.386986,-3.386986
5.150000,0.451014,-2.828182,3.252535,-8.624439,-5.890925,8.524867,3.244102,-3.244102
5.155000,0.467938,-3.103049,3.169274,-8.554770,-6.609381,9.022199,3.098373,-3.098373
5.160000,0.543161,-2.871679,3.657200,-8.325770,-8.487441,8.162167,2.949949,-2.949949
5.165000,0.515155,-2.962953,3.699903,-8.129599,-8.350052,6.825887,2.798984,-2.798984
5.170000,0.540822,-3.077599,3.088852,-8.074405,-10.627044,6.382662,2.645632,-2.645632
5.175000,0.553553,-3.302316,3.459264,-7.757110,-11.336081,6.718868,2.490051,-2.490051
5.180000,0.511824,-2.936346,3.474241,-6.949180,-11.600884,6.951278,2.332401,-2.332401
5.185000,0.632036,-3.356533,3.219735,-7.613011,-11.757509,6.939514,2.172841,-2.172841
5.190000,0.580280,-3.039040,3.138357,-7.846153,-13.909488,7.612606,2.011535,-2.011535
5.195000,0.624363,-3.083705,3.315728,-7.365383,-14.867546,9.639740,1.848646,-1.848646
5.200000,0.664664,-3.593370,3.075303,-7.265364,-14.607927,9.433242,1.684339,-1.684339
5.205000,0.602405,-3.017934,2.943001,-8.146133,-13.823046,11.070637,1.518779,-1.518779
5.210000,0.691825,-3.280533,2.533091,-7.216674,-13.382135,12.278510,1.352133,-1.352133
5.215000,0.673528,-3.757040,2.798127,-7.887370,-14.183049,15.978146,1.184569,-1.184569
5.220000,0.616581,-3.334457,2.454680,-6.909848,-15.913436,17.265803,1.016253,-1.016253
5.225000,0.715699,-3.462468,2.735557,-7.852010,-15.920700,16.773592,0.847355,-0.847355
5.230000,0.718196,-3.466509,2.437156,-7.689263,-15.604158,20.381612,0.678041,-0.678041
5.235000,0.675280,-3.431075,2.629110,-7.095941,-16.159960,22.076286,0.508481,-0.508481
5.240000,0.733078,-3.750860,2.200358,-6.259350,-15.515470,26.028141,0.338843,-0.338843
5.245000,0.669065,-3.770241,2.410929,-6.794228,-17.508636,27.078921,0.169293,-0.169293
5.250000,0.698387,-3.663216,2.154698,-6.165974,-17.698418,29.996563,-0.000000,0.000000
5.255000,0.753113,-3.780379,2.084160,-6.783852,-16.015632,29.997636,-0.168871,0.168871
5.260000,0.840013,-3.999199,2.079053,-6.639301,-17.346362,33.239450,-0.337153,0.337153
5.265000,0.732123,-3.496635,1.784281,-6.559332,-19.182263,32.488778,-0.504682,0.504682
5.270000,0.826746,-3.603246,1.867354,-5.359461,-19.777189,38.758797,-0.671295,0.671295
5.275000,0.823136,-3.969294,1.585917,-6.177238,-17.640896,40.715528,-0.836829,0.836829
5.280000,0.823548,-3.634717,1.656773,-5.822018,-17.841752,38.321474,-1.001123,1.001123
5.285000,0.739988,-3.594540,1.395236,-5.414520,-20.061867,41.510547,-1.164019,1.164019
5.290000,0.781075,-3.975099,1.534690,-5.240640,-18.016688,50.756645,-1.325359,1.325359
5.295000,0.753029,-4.044435,1.467570,-4.699920,-20.056126,53.475548,-1.484988,1.484988
5.300000,0.837340,-3.776906,1.344018,-4.626061,-20.096657,49.234358,-1.642753,1.642753
5.305000,0.777444,-3.690893,1.026441,-4.496680,-22.281757,51.486617,-1.798501,1.798501
5.310000,0.887250,-3.800739,0.959881,-4.133538,-22.933890,53.633843,-1.952086,1.952086
5.315000,0.784823,-3.658528,1.010954,-3.389151,-23.585044,55.826238,-2.103359,2.103359
5.320000,0.778792,-3.649736,0.876639,-3.147924,-23.829450,54.357285,-2.252179,2.252179
5.325000,0.942221,-3.790797,0.765055,-3.395634,-21.632527,62.274126,-2.398403,2.398403
5.330000,0.781617,-4.199596,0.551736,-2.899058,-21.934121,64.639957,-2.541895,2.541895
5.335000,0.830382,-3.691332,0.429403,-2.475712,-24.883967,58.795863,-2.682519,2.682519
5.340000,0.934568,-3.750803,0.367700,-2.454972,-26.319921,61.805420,-2.820144,2.820144
5.345000,0.932980,-4.220665,0.246781,-1.755757,-21.940249,68.713011,-2.954641,2.954641
5.350000,0.932434,-3.981919,0.093611,-1.690642,-25.282170,63.275808,-3.085886,3.085886
5.355000,0.852454,-3.753839,-0.021334,-1.411698,-23.206611,65.037427,-3.213756,3.213756
5.360000,0.825000,-3.720824,-0.148503,-0.994288,-25.777541,59.470753,-3.338134,3.338134
5.365000,0.833412,-4.122518,-0.255842,-0.697167,-26.437315,63.661614,-3.458907,3.458907
5.370000,0.862130,-4.435455,-0.369813,-0.289873,-25.463878,62.643533,-3.575963,3.575963
5.375000,0.905289,-4.019529,-0.525627,0.020988,-26.346985,71.027120,-3.689196,3.689196
5.380000,0.809308,-3.854874,-0.646483,0.348016,-27.067535,68.778640,-3.798505,3.798505
5.385000,0.857765,-4.202037,-0.841772,0.612364,-28.340024,64.577058,-3.903792,3.903792
5.390000,0.895316,-4.439815,-0.834939,0.953737,-24.327341,68.522971,-4.004961,4.004961
5.395000,0.871551,-4.265778,-1.017365,1.238915,-24.138721,58.194430,-4.101924,4.101924
5.400000,0.846370,-4.182533,-1.257139,1.588790,-27.139280,64.179077,-4.194596,4.194596
5.405000,0.806885,-3.813359,-1.193185,1.782773,-26.100306,63.779599,-4.282895,4.282895
5.410000,0.782045,-3.944432,-1.440505,2.146275,-25.720316,59.406749,-4.366745,4.366745
5.415000,0.771899,-3.950322,-1.614628,2.703507,-23.409441,61.530213,-4.446076,4.446076
5.420000,0.759600,-3.673650,-1.725247,2.742156,-23.527214,61.353656,-4.520819,4.520819
5.425000,0.735473,-3.802131,-2.010839,2.865730,-23.537804,50.729508,-4.590912,4.590912
5.430000,0.861108,-4.327500,-1.821806,3.168357,-27.841456,55.341153,-4.656298,4.656298
5.435000,0.818622,-4.369836,-2.184941,3.755221,-27.934334,49.470439,-4.716925,4.716925
5.440000,0.806214,-3.988454,-2.203727,4.173325,-24.359881,46.192449,-4.772743,4.772743
5.445000,0.824759,-3.985595,-2.327727,4.367604,-27.084297,51.804574,-4.823710,4.823710
5.450000,0.802147,-3.994410,-2.635930,4.044510,-25.966871,48.590700,-4.869788,4.869788
5.455000,0.766586,-3.537374,-2.574929,4.373969,-25.098728,48.434328,-4.910944,4.910944
5.460000,0.769505,-3.706788,-2.637557,5.154572,-26.875297,46.048550,-4.947148,4.947148
5.465000,0.651500,-4.072204,-2.959383,5.153540,-22.247507,43.488901,-4.978379,4.978379
5.470000,0.772158,-3.849992,-2.715284,4.977456,-22.772554,42.217994,-5.004616,5.004616
5.475000,0.677140,-3.850537,-3.189030,5.567694,-25.700795,39.280831,-5.025848,5.025848
5.480000,0.628268,-3.898302,-3.301889,5.259378,-21.574877,38.404612,-5.042065,5.042065
5.485000,0.613917,-3.996157,-3.124008,5.796499,-24.319781,33.740473,-5.053264,5.053264
5.490000,0.641742,-3.579331,-3.424674,6.183574,-22.782648,35.479159,-5.059446,5.059446
5.495000,0.658073,-4.078197,-3.302385,6.079175,-21.892528,32.590710,-5.060619,5.060619
5.500000,0.644982,-3.952035,-3.703626,5.803124,-22.420218,32.162956,-5.056792,5.056792
5.505000,0.600335,-3.898522,-3.718352,6.208919,-21.281184,32.027847,-5.047983,5.047983
5.510000,0.606725,-3.305657,-3.980790,6.886551,-23.286686,27.718169,-5.034212,5.034212
5.515000,0.572792,-3.831490,-3.792469,6.766198,-21.765227,30.946900,-5.015506,5.015506
5.520000,0.558108,-3.661759,-3.861801,6.693791,-21.419159,27.920184,-4.991896,4.991896
5.525000,0.507904,-3.814054,-4.331242,6.431892,-20.515256,31.379196,-4.963416,4.963416
5.530000,0.440129,-3.655463,-4.019251,7.303919,-19.267386,27.590838,-4.930107,4.930107
5.535000,0.490672,-3.560475,-3.962689,7.762940,-15.242646,28.698515,-4.892015,4.892015
5.540000,0.462356,-3.241998,-4.321968,6.902180,-14.187286,34.292900,-4.849188,4.849188
5.545000,0.456899,-3.609542,-4.492711,8.330045,-14.184349,31.633493,-4.801681,4.801681
5.550000,0.363165,-3.409348,-4.912492,8.546399,-12.902652,37.535424,-4.749553,4.749553
5.555000,0.351610,-3.005891,-4.787346,8.386426,-10.663311,37.448165,-4.692866,4.692866
5.560000,0.371488,-3.016197,-4.720545,8.618148,-8.409612,42.894745,-4.631687,4.631687
5.565000,0.336596,-3.237225,-4.638302,8.568021,-7.414803,47.040540,-4.566089,4.566089
5.570000,0.318964,-3.390366,-5.067808,8.212313,-5.082480,47.801701,-4.496147,4.496147
5.575000,0.285503,-3.072770,-4.333114,8.264062,-3.621746,47.035120,-4.421941,4.421941
5.580000,0.256004,-3.333910,-4.472981,8.460510,-2.209337,52.237537,-4.343555,4.343555
5.585000,0.210444,-2.919258,-4.496386,8.955020,-0.721747,57.993222,-4.261077,4.261077
5.590000,0.199981,-3.015207,-4.402386,10.422142,0.627052,59.047949,-4.174598,4.174598
5.595000,0.198024,-2.818175,-5.182401,9.343673,1.805895,55.054249,-4.084213,4.084213
5.600000,0.161209,-2.621530,-4.718375,10.646377,2.387855,64.014866,-3.990023,3.990023
5.605000,0.146031,-2.670997,-5.095137,10.655133,3.187898,64.543653,-3.892128,3.892128
5.610000,0.114929,-2.971443,-4.881337,11.858727,3.177908,56.297708,-3.790636,3.790636
5.615000,0.090823,-2.979300,-4.945523,12.109070,3.151529,57.990932,-3.685655,3.685655
5.620000,0.066456,-2.615750,-5.194207,12.167402,2.854428,57.388865,-3.577298,3.577298
5.625000,0.041147,-2.462468,-4.947965,12.530914,2.862584,57.747320,-3.465679,3.465679
5.630000,0.014625,-2.535685,-4.968728,13.102856,2.195888,54.516543,-3.350918,3.350918
5.635000,-0.008414,-2.323203,-4.418634,11.610627,1.212764,52.948795,-3.233136,3.233136
5.640000,-0.030518,-2.595965,-4.505220,12.103275,0.466059,55.999966,-3.112456,3.112456
5.645000,-0.061289,-2.393065,-4.799746,12.064561,-0.409975,52.552711,-2.989004,2.989004
5.650000,-0.079407,-2.464259,-4.960224,12.289098,-1.274894,51.126387,-2.862910,2.862910
5.655000,-0.101552,-2.425214,-4.852203,14.294358,-2.051089,45.323252,-2.734305,2.734305
5.660000,-0.115505,-2.213851,-4.320225,12.469677,-3.256560,53.329685,-2.603321,2.603321
5.665000,-0.151062,-1.926127,-4.801556,12.628184,-4.058355,45.819380,-2.470094,2.470094
5.670000,-0.168944,-1.818318,-4.545098,13.278134,-4.820471,53.149232,-2.334762,2.334762
5.675000,-0.215464,-2.004495,-5.100285,14.101890,-5.921636,46.260244,-2.197462,2.197462
5.680000,-0.204400,-1.795623,-5.298480,13.117288,-6.389748,49.299589,-2.058336,2.058336
5.685000,-0.244946,-1.702472,-5.175135,15.559486,-7.014090,47.661684,-1.917526,1.917526
5.690000,-0.262847,-1.761710,-5.356246,16.147875,-8.195546,51.785442,-1.775174,1.775174
5.695000,-0.303695,-1.496583,-5.232494,15.185380,-7.322178,46.484096,-1.631425,1.631425
5.700000,-0.310791,-1.680776,-5.047100,16.607635,-7.529269,48.807087,-1.486424,1.486424
5.705000,-0.370093,-1.364911,-5.233532,16.663239,-7.581612,48.828238,-1.340318,1.340318
5.710000,-0.391601,-1.310192,-4.712308,15.532749,-8.378084,45.413373,-1.193254,1.193254
5.715000,-0.420435,-1.465871,-5.425998,15.521093,-7.983368,40.541483,-1.045378,1.045378
5.720000,-0.421124,-1.299797,-5.433752,16.736728,-7.139919,31.893569,-0.896840,0.896840
5.725000,-0.469159,-1.151178,-5.240883,15.301093,-5.920918,25.474209,-0.747788,0.747788
5.730000,-0.491572,-1.065357,-5.150996,16.248785,-3.299603,19.898734,-0.598369,0.598369
5.735000,-0.480145,-0.931450,-4.783414,16.781048,-0.728855,6.789566,-0.448733,0.448733
5.740000,-0.515042,-0.848691,-5.233435,16.674501,3.063534,-8.862594,-0.299028,0.299028
5.745000,-0.504171,-0.918273,-5.364569,16.732910,7.989923,-33.269507,-0.149401,0.149401
5.750000,-0.520534,-0.806036,-5.424236,15.358133,13.097449,-51.465316,-0.000000,0.000000
5.755000,-0.644534,-0.734485,-5.076525,17.152502,20.675222,-92.116597,0.149028,-0.149028
5.760000,-0.565878,-0.565897,-5.249595,14.585378,31.598398,-117.813185,0.297536,-0.297536
5.765000,-0.617521,-0.538511,-4.405207,14.556727,35.575755,-160.344875,0.445380,-0.445380
5.770000,-0.691151,-0.459877,-4.081044,15.270786,43.864438,-197.341620,0.592416,-0.592416
5.775000,-0.679718,-0.355700,-4.659889,13.606637,55.673001,-213.734423,0.738499,-0.738499
5.780000,-0.671386,-0.303573,-4.106009,10.973529,61.742270,-265.226373,0.883488,-0.883488
5.785000,-0.722025,-0.244084,-3.996335,10.980307,72.076692,-271.663157,1.027243,-1.027243
5.790000,-0.711765,-0.215646,-3.395815,9.372128,61.240452,-285.954413,1.169626,-1.169626
5.795000,-0.820921,-0.167073,-2.998118,7.528779,68.226333,-257.308626,1.310498,-1.310498
5.800000,-0.746978,-0.130736,-2.651674,6.364251,71.879306,-256.428918,1.449724,-1.449724
5.805000,-0.786517,-0.103461,-2.363265,5.272166,72.391169,-263.286059,1.587172,-1.587172
5.810000,-0.784862,-0.087281,-1.974987,3.794984,66.841148,-233.724416,1.722709,-1.722709
5.815000,-0.756048,-0.070924,-1.696662,2.582341,56.983779,-252.183633,1.856208,-1.856208
5.820000,-0.753404,-0.072076,-1.239088,1.220214,60.657502,-212.879763,1.987541,-1.987541
5.825000,-0.888328,-0.069542,-1.113268,0.230878,55.680500,-199.866962,2.116584,-2.116584
5.830000,-0.894062,-0.062353,-0.752135,-0.804067,59.360281,-208.889029,2.243215,-2.243215
5.835000,-0.855621,-0.070672,-0.522197,-1.892735,53.397450,-183.810981,2.367315,-2.367315
5.840000,-0.752555,-0.088680,-0.239864,-2.823382,46.316309,-180.619969,2.488768,-2.488768
5.845000,-0.859725,-0.102116,0.021614,-3.661717,50.339377,-156.278104,2.607462,-2.607462
5.850000,-0.760264,-0.115979,0.269530,-4.556045,48.449191,-159.827114,2.723284,-2.723284
5.855000,-0.769649,-0.154149,0.450518,-4.614384,39.580413,-140.778065,2.836130,-2.836130
5.860000,-0.887079,-0.152419,0.748698,-5.774036,37.676416,-129.823798,2.945893,-2.945893
5.865000,-0.795514,-0.197739,0.833949,-6.123611,36.482023,-110.665147,3.052474,-3.052474
5.870000,-0.903032,-0.209537,1.038769,-7.475691,38.119353,-103.743814,3.155776,-3.155776
5.875000,-0.849467,-0.284380,1.281438,-7.101057,31.740589,-100.813712,3.255704,-3.255704
5.880000,-0.853929,-0.300829,1.437368,-8.517393,28.976843,-80.914263,3.352169,-3.352169
5.885000,-0.829716,-0.345851,1.575068,-7.759316,28.273429,-68.647599,3.445084,-3.445084
5.890000,-0.718568,-0.381309,1.753513,-7.673681,27.767734,-65.137189,3.534366,-3.534366
5.895000,-0.804895,-0.439660,1.872526,-8.635147,25.152882,-50.265588,3.619935,-3.619935
5.900000,-0.785721,-0.468168,1.950731,-9.333436,23.072356,-43.243221,3.701718,-3.701718
5.905000,-0.755760,-0.514191,1.985051,-9.998588,21.969638,-35.880895,3.779641,-3.779641
5.910000,-0.811627,-0.594955,1.918760,-9.955454,19.864453,-25.920736,3.853639,-3.853639
5.915000,-0.712391,-0.618675,2.191651,-8.953834,16.460409,-23.187594,3.923648,-3.923648
5.920000,-0.696976,-0.642986,2.391395,-9.674803,17.034101,-15.550215,3.989609,-3.989609
5.925000,-0.714939,-0.646202,2.572935,-9.565767,15.746325,-12.514088,4.051466,-4.051466
5.930000,-0.729523,-0.741849,2.258496,-9.724088,15.016515,-7.066434,4.109169,-4.109169
5.935000,-0.634226,-0.796014,2.604949,-10.121198,13.617583,-4.059407,4.162672,-4.162672
5.940000,-0.661910,-0.923536,2.501855,-9.193458,12.782661,-1.021098,4.211931,-4.211931
5.945000,-0.723492,-0.855835,2.770889,-9.020747,13.234800,1.520046,4.256909,-4.256909
5.950000,-0.718604,-0.909327,2.905238,-10.274661,11.429880,3.576932,4.297573,-4.297573
5.955000,-0.658587,-0.937046,2.935985,-9.008871,10.796858,6.118033,4.333893,-4.333893
5.960000,-0.572665,-1.049299,2.734531,-9.628746,12.318861,7.732844,4.365843,-4.365843
5.965000,-0.613219,-1.078729,2.598615,-9.369892,11.963046,9.084592,4.393404,-4.393404
5.970000,-0.590498,-1.201136,2.923388,-9.513226,12.144357,11.332411,4.416559,-4.416559
5.975000,-0.551519,-1.154427,3.250710,-9.183791,11.078362,10.726941,4.435295,-4.435295
5.980000,-0.526177,-1.148039,3.262482,-9.196160,10.610296,11.932227,4.449607,-4.449607
5.985000,-0.517824,-1.298644,3.297098,-9.383828,10.191408,13.595976,4.459490,-4.459490
5.990000,-0.590692,-1.401116,3.075821,-8.802546,10.950084,14.028282,4.464946,-4.464946
5.995000,-0.523852,-1.374382,3.176573,-9.920338,12.045046,17.024182,4.465980,-4.465980
6.000000,-0.550451,-1.551317,3.548990,-8.577134,10.995775,17.932953,4.462603,-4.462603
6.005000,-0.475352,-1.560037,3.155297,-9.088274,11.168330,19.563889,4.454829,-4.454829
6.010000,-0.475261,-1.395869,3.132157,-8.211979,13.089479,19.949311,4.442677,-4.442677
6.015000,-0.464716,-1.684185,3.676632,-9.266230,11.538507,21.858435,4.426169,-4.426169
6.020000,-0.428434,-1.440839,3.759762,-8.337504,11.889874,24.585591,4.405332,-4.405332
6.025000,-0.436243,-1.711925,3.649984,-8.251711,13.755577,23.690544,4.380199,-4.380199
6.030000,-0.422062,-1.653035,3.757332,-9.214144,13.130153,25.361780,4.350805,-4.350805
6.035000,-0.356950,-1.816808,3.690928,-7.756867,13.552810,24.630504,4.317188,-4.317188
6.040000,-0.350381,-1.824577,4.123327,-8.099952,14.699567,26.076325,4.279394,-4.279394
6.045000,-0.356483,-1.912050,4.146228,-8.479528,13.604293,27.283348,4.237469,-4.237469
6.050000,-0.359751,-1.690762,4.107093,-7.477944,12.916614,32.577215,4.191466,-4.191466
6.055000,-0.302893,-1.919725,3.865992,-7.098296,15.533929,35.378643,4.141439,-4.141439
6.060000,-0.282761,-1.818340,4.003394,-7.863802,14.570653,33.772842,4.087450,-4.087450
6.065000,-0.262705,-1.801757,4.186376,-8.065826,16.154060,33.603683,4.029559,-4.029559
6.070000,-0.248828,-2.101904,4.401330,-6.582150,15.700515,37.524157,3.967836,-3.967836
6.075000,-0.224741,-1.986300,4.306280,-7.611896,16.389168,43.157253,3.902349,-3.902349
6.080000,-0.197260,-2.060851,4.105850,-6.861415,14.130721,45.364923,3.833174,-3.833174
6.085000,-0.197328,-2.024890,4.593832,-7.074553,14.932289,46.487220,3.760387,-3.760387
6.090000,-0.178425,-1.991469,4.353337,-6.618041,15.779379,47.759808,3.684069,-3.684069
6.095000,-0.128828,-2.265618,4.859600,-6.059467,14.766962,44.526871,3.604306,-3.604306
6.100000,-0.114561,-2.040659,5.118511,-6.179799,14.275032,49.655655,3.521183,-3.521183
6.105000,-0.085848,-2.053130,4.856404,-5.225601,14.056816,51.664846,3.434791,-3.434791
6.110000,-0.076416,-2.043037,5.203545,-5.612862,13.834606,52.104467,3.345225,-3.345225
6.115000,-0.046492,-2.104425,4.902778,-4.896691,13.433565,53.543218,3.252579,-3.252579
6.120000,-0.019413,-2.179245,5.255816,-4.662337,14.620375,56.900696,3.156954,-3.156954
6.125000,0.004784,-2.239803,5.195526,-5.024083,13.015227,57.918215,3.058451,-3.058451
6.130000,0.032009,-2.166502,5.036080,-4.559180,12.646609,51.747277,2.957175,-2.957175
6.135000,0.059122,-2.298698,5.641168,-3.774748,12.643628,57.762992,2.853232,-2.853232
6.140000,0.076978,-2.524624,5.081069,-3.984939,10.653987,61.939001,2.746733,-2.746733
6.145000,0.116686,-2.487182,5.349457,-3.163800,9.620415,59.582284,2.637787,-2.637787
6.150000,0.137464,-2.346558,5.138912,-3.367486,8.958584,57.561140,2.526509,-2.526509
6.155000,0.150235,-2.319689,4.992576,-2.914746,8.391498,58.072646,2.413015,-2.413015
6.160000,0.169778,-2.433609,5.108984,-2.584165,6.633587,60.542509,2.297423,-2.297423
6.165000,0.202972,-2.491047,4.921212,-2.386087,6.289777,52.705448,2.179851,-2.179851
6.170000,0.237280,-2.380268,5.437008,-1.934433,4.149622,61.887673,2.060420,-2.060420
6.175000,0.274577,-2.351399,5.479268,-1.658756,3.427991,57.031632,1.939254,-1.939254
6.180000,0.308733,-2.450194,5.537998,-1.353988,2.012321,56.015484,1.816476,-1.816476
6.185000,0.302458,-2.369712,5.137712,-1.182710,0.423288,56.183362,1.692211,-1.692211
6.190000,0.386335,-2.562622,5.211851,-0.953847,-1.071546,60.888541,1.566585,-1.566585
6.195000,0.361949,-2.707577,5.726228,-0.585500,-2.426799,60.553363,1.439727,-1.439727
6.200000,0.442168,-2.655579,5.415495,-0.327876,-3.745161,57.380448,1.311765,-1.311765
6.205000,0.438201,-2.574771,4.924089,-0.051951,-4.877818,54.329396,1.182826,-1.182826
6.210000,0.487426,-2.456773,5.436828,0.206466,-6.328258,50.957981,1.053043,-1.053043
6.215000,0.467597,-2.574392,5.774728,0.539123,-7.710588,52.482389,0.922543,-0.922543
6.220000,0.480687,-2.749951,5.277709,0.798232,-9.877425,52.849340,0.791459,-0.791459
6.225000,0.534964,-2.360948,5.511657,0.947981,-12.279181,48.897728,0.659921,-0.659921
6.230000,0.587949,-2.517389,5.653284,1.357495,-11.711615,52.125265,0.528059,-0.528059
6.235000,0.613217,-2.733051,5.578198,1.591511,-14.126740,54.090966,0.396006,-0.396006
6.240000,0.600299,-2.516311,4.851396,1.860216,-14.921143,53.395592,0.263891,-0.263891
6.245000,0.685871,-2.656042,5.418343,2.059711,-16.894389,52.457696,0.131846,-0.131846
6.250000,0.643811,-2.519186,5.305240,2.354455,-19.070378,54.920610,-0.000000,0.000000
6.255000,0.740596,-2.586746,4.604150,2.583227,-20.485150,55.772117,-0.131517,0.131517
6.260000,0.651453,-2.213472,4.778261,2.617788,-23.043990,56.232025,-0.262575,0.262575
6.265000,0.777483,-2.255047,4.667172,3.311846,-21.630131,55.298016,-0.393047,0.393047
6.270000,0.801296,-2.637742,4.398405,3.314877,-25.784050,46.514692,-0.522805,0.522805
6.275000,0.818516,-2.179675,4.691172,3.391793,-23.764889,54.711254,-0.651723,0.651723
6.280000,0.790460,-2.365936,4.447518,3.633357,-25.474178,54.783310,-0.779676,0.779676
6.285000,0.791675,-2.222279,4.389516,4.189867,-25.873802,49.271995,-0.906539,0.906539
6.290000,0.875274,-2.337467,3.918759,4.449460,-26.864495,53.535031,-1.032191,1.032191
6.295000,0.888545,-2.108136,3.835448,4.539231,-28.536290,52.479715,-1.156510,1.156510
6.300000,0.888871,-2.120118,3.657705,4.837858,-33.096154,51.361172,-1.279377,1.279377
6.305000,0.895655,-2.225473,3.515294,5.189885,-35.639993,51.575063,-1.400674,1.400674
6.310000,0.922463,-2.160267,3.383623,5.540887,-36.169202,49.034694,-1.520286,1.520286
6.315000,0.980756,-2.127737,3.273215,5.989779,-32.727514,51.087011,-1.638098,1.638098
6.320000,0.988306,-1.983352,3.165937,5.316623,-36.261583,46.631030,-1.753999,1.753999
6.325000,1.000966,-2.178072,2.986486,6.735698,-37.719823,51.027754,-1.867878,1.867878
6.330000,1.008267,-1.924047,2.752351,6.515794,-37.551440,48.746118,-1.979630,1.979630
6.335000,1.047475,-1.907994,2.339920,6.695342,-42.736595,50.015554,-2.089148,2.089148
6.340000,1.011599,-1.982984,2.235017,6.233983,-37.813173,49.086334,-2.196330,2.196330
6.345000,0.999370,-1.932430,1.828467,7.815508,-40.928676,49.295149,-2.301077,2.301077
6.350000,1.083578,-1.958817,1.659086,7.695874,-41.907580,56.772584,-2.403290,2.403290
6.355000,1.059198,-1.864552,1.494682,8.402727,-41.162900,55.632169,-2.502876,2.502876
6.360000,1.056691,-2.043893,1.310381,7.349816,-44.483691,55.088607,-2.599742,2.599742
6.365000,0.947531,-1.800135,1.133027,8.196745,-45.138816,59.618852,-2.693799,2.693799
6.370000,0.950506,-1.830409,0.942098,9.152735,-43.069585,56.973553,-2.784963,2.784963
6.375000,1.094156,-1.761226,0.744817,8.555551,-48.245933,58.906595,-2.873149,2.873149
6.380000,1.052249,-1.601515,0.457604,9.437451,-47.288715,62.851882,-2.958279,2.958279
6.385000,1.065429,-1.748499,0.250581,10.332384,-40.534296,62.043072,-3.040276,3.040276
6.390000,1.144461,-1.597508,0.043085,9.876982,-42.095469,71.655588,-3.119067,3.119067
6.395000,1.007445,-1.502739,-0.185200,11.016955,-43.435856,71.239789,-3.194582,3.194582
6.400000,0.974759,-1.459556,-0.413622,9.668301,-45.829509,71.543147,-3.266754,3.266754
6.405000,0.985890,-1.356704,-0.594146,10.754763,-48.713145,84.977805,-3.335522,3.335522
6.410000,1.132406,-1.277830,-0.861522,11.959151,-50.445714,81.958605,-3.400825,3.400825
6.415000,1.149245,-1.446450,-1.111138,11.992319,-54.149770,86.355499,-3.462607,3.462607
6.420000,1.075364,-1.261413,-1.531540,12.346934,-47.814675,91.731908,-3.520817,3.520817
6.425000,0.938885,-1.316787,-1.698295,13.648995,-53.350830,112.049738,-3.575406,3.575406
6.430000,0.938480,-1.122060,-1.949993,13.481292,-53.345991,106.377298,-3.626329,3.626329
6.435000,1.013758,-1.205315,-2.239427,15.250016,-50.015600,127.637081,-3.673545,3.673545
6.440000,1.079369,-1.004428,-2.606891,14.195865,-60.205194,138.105032,-3.717016,3.717016
6.445000,1.082022,-0.960811,-2.708978,13.953714,-60.232451,131.703177,-3.756709,3.756709
6.450000,0.929552,-0.840693,-3.004958,15.576090,-61.140461,147.856016,-3.792595,3.792595
6.455000,0.869594,-0.824688,-3.148588,16.657739,-58.268830,144.294265,-3.824647,3.824647
6.460000,1.017760,-0.702258,-3.762089,16.870912,-54.636694,151.925082,-3.852843,3.852843
6.465000,0.866603,-0.601022,-3.937780,19.668231,-58.034351,141.940546,-3.877165,3.877165
6.470000,0.913572,-0.484016,-4.075101,20.441258,-57.510125,139.469225,-3.897599,3.897599
6.475000,0.839843,-0.445645,-4.657777,20.199548,-55.200552,132.223210,-3.914134,3.914134
6.480000,0.789319,-0.366000,-4.641677,21.815601,-43.060899,93.572949,-3.926764,3.926764
6.485000,0.870976,-0.237237,-5.121423,18.504103,-27.731837,36.593786,-3.935486,3.935486
6.490000,0.761504,-0.130804,-5.282708,18.645313,-13.672520,-19.506801,-3.940301,3.940301
6.495000,0.774475,-0.029246,-5.228534,19.344800,-0.190989,-76.787569,-3.941214,3.941214
6.500000,0.790019,0.067455,-5.031091,19.004624,11.532347,-120.596155,-3.938234,3.938234
6.505000,0.678119,0.153052,-4.734169,18.437472,20.027419,-157.572538,-3.931373,3.931373
6.510000,0.713559,0.264936,-4.453268,18.643009,22.955735,-157.894203,-3.920648,3.920648
6.515000,0.724513,0.346276,-4.800470,16.987809,25.672997,-173.139076,-3.906080,3.906080
6.520000,0.702448,0.407611,-4.285214,17.563748,25.805194,-157.501716,-3.887692,3.887692
6.525000,0.662077,0.512565,-4.209321,16.832960,23.349881,-143.609253,-3.865512,3.865512
6.530000,0.663206,0.635237,-4.308978,15.272018,20.400774,-148.650756,-3.839572,3.839572
6.535000,0.601554,0.688530,-4.655691,15.319649,17.104106,-140.559666,-3.809905,3.809905
6.540000,0.580971,0.720033,-4.298553,12.823142,12.795828,-132.998785,-3.776552,3.776552
6.545000,0.526501,0.790943,-3.826125,13.681122,12.155562,-113.751546,-3.739553,3.739553
6.550000,0.522937,0.899422,-4.443158,13.001980,8.975708,-104.876138,-3.698956,3.698956
6.555000,0.479164,0.838678,-4.001233,12.034705,7.400388,-91.302608,-3.654807,3.654807
6.560000,0.464094,0.959938,-4.234035,10.656123,5.023423,-98.833324,-3.607162,3.607162
6.565000,0.440059,1.042151,-3.900345,10.303349,3.447135,-77.911050,-3.556074,3.556074
6.570000,0.487726,1.158175,-4.313835,10.195620,2.444085,-85.497946,-3.501603,3.501603
6.575000,0.475145,1.118860,-3.902187,9.548506,0.931311,-77.395914,-3.443811,3.443811
6.580000,0.419512,1.181971,-3.922164,8.890139,-0.187306,-72.177263,-3.382764,3.382764
6.585000,0.377033,1.148617,-3.827985,9.523178,-1.296053,-71.291797,-3.318530,3.318530
6.590000,0.340737,1.317173,-4.092357,9.417991,-2.107531,-72.502359,-3.251180,3.251180
6.595000,0.324720,1.265795,-3.960996,8.573690,-2.755010,-71.759069,-3.180788,3.180788
6.600000,0.369946,1.367627,-4.242134,8.409941,-4.048185,-69.637162,-3.107433,3.107433
6.605000,0.336016,1.516078,-4.082080,7.781223,-4.532909,-64.232978,-3.031193,3.031193
6.610000,0.285060,1.522287,-3.982924,7.704196,-5.060282,-70.205425,-2.952150,2.952150
6.615000,0.300926,1.607662,-4.269140,7.645092,-4.926906,-66.319554,-2.870391,2.870391
6.620000,0.259486,1.671104,-4.395799,6.912498,-5.584428,-65.701286,-2.786002,2.786002
6.625000,0.247889,1.402934,-4.317075,6.267786,-6.246988,-73.419634,-2.699074,2.699074
6.630000,0.222780,1.512360,-4.498247,6.255252,-6.496611,-73.214626,-2.609698,2.609698
6.635000,0.193793,1.463704,-4.459970,6.067595,-7.212082,-68.977284,-2.517969,2.517969
6.640000,0.176516,1.604388,-3.919905,6.103437,-6.285117,-64.677190,-2.423983,2.423983
6.645000,0.148141,1.593167,-4.186663,5.228468,-6.509064,-67.614420,-2.327839,2.327839
6.650000,0.125678,1.831387,-3.924939,5.278859,-7.165442,-72.759331,-2.229637,2.229637
6.655000,0.113210,1.681584,-4.510858,4.326834,-6.087935,-68.184505,-2.129479,2.129479
6.660000,0.080194,1.651930,-4.305596,4.497550,-6.441386,-72.125280,-2.027468,2.027468
6.665000,0.066061,1.933510,-4.175468,4.159951,-5.762942,-79.968636,-1.923711,1.923711
6.670000,0.039595,1.621548,-4.379227,3.694860,-5.057549,-72.884297,-1.818314,1.818314
6.675000,0.021773,1.794770,-4.311499,3.330083,-4.188502,-78.950504,-1.711385,1.711385
6.680000,-0.000246,1.850692,-4.424647,2.757290,-3.490829,-73.151493,-1.603034,1.603034
6.685000,-0.022023,1.759470,-4.444925,2.234198,-2.881571,-83.734746,-1.493371,1.493371
6.690000,-0.043886,1.964494,-4.853969,1.764851,-1.830362,-83.281123,-1.382507,1.382507
6.695000,-0.070453,1.872452,-4.298893,1.655543,-0.985347,-85.506506,-1.270555,1.270555
6.700000,-0.083641,1.683057,-4.765839,1.213545,0.175769,-74.906436,-1.157628,1.157628
6.705000,-0.117547,1.847216,-4.896099,0.793118,1.341971,-72.252428,-1.043841,1.043841
6.710000,-0.146844,1.904598,-4.496274,0.325067,2.742924,-79.755133,-0.929307,0.929307
6.715000,-0.160181,1.868724,-4.459110,-0.031207,4.123127,-82.820558,-0.814142,0.814142
6.720000,-0.176732,1.886644,-4.375460,-0.400526,6.074811,-84.232967,-0.698460,0.698460
6.725000,-0.182479,1.754443,-4.106771,-0.767598,7.342028,-80.444299,-0.582378,0.582378
6.730000,-0.215673,1.735791,-4.162979,-1.190643,8.197965,-84.857668,-0.466011,0.466011
6.735000,-0.245366,1.697900,-4.416481,-1.745429,10.229789,-79.707410,-0.349474,0.349474
6.740000,-0.274810,1.775707,-4.568237,-2.185825,12.827206,-78.254994,-0.232883,0.232883
6.745000,-0.307699,1.883465,-3.888046,-2.358605,13.389198,-83.094403,-0.116353,0.116353
6.750000,-0.294439,1.839187,-4.488660,-2.610552,14.549333,-80.445852,-0.000000,0.000000
6.755000,-0.337120,1.824812,-4.074437,-3.346332,18.915204,-72.452254,0.116063,-0.116063
6.760000,-0.362422,1.828183,-3.550524,-3.655534,20.029387,-74.262255,0.231722,-0.231722
6.765000,-0.399044,1.849253,-3.850544,-3.715116,21.258830,-72.691964,0.346863,-0.346863
6.770000,-0.380016,1.666291,-3.837612,-4.039028,24.476692,-69.972256,0.461374,-0.461374
6.775000,-0.382309,1.853619,-3.904918,-5.096839,25.458736,-77.564191,0.575143,-0.575143
6.780000,-0.411269,1.857993,-3.643397,-5.134637,24.036021,-83.568722,0.688061,-0.688061
6.785000,-0.403764,1.795807,-3.533765,-5.312897,25.469114,-80.465379,0.800018,-0.800018
6.790000,-0.494570,1.671891,-3.388963,-6.162584,29.398966,-73.100704,0.910905,-0.910905
6.795000,-0.442524,1.768706,-3.166500,-6.547718,27.888559,-82.943287,1.020617,-1.020617
6.800000,-0.465944,1.471934,-3.012468,-7.084371,30.592472,-78.615174,1.129046,-1.129046
6.805000,-0.534904,1.418643,-2.677979,-6.560851,32.003838,-78.409646,1.236091,-1.236091
6.810000,-0.544295,1.373623,-2.810955,-6.719959,38.087774,-72.905376,1.341647,-1.341647
6.815000,-0.500720,1.513821,-2.477283,-7.696612,35.581386,-86.684022,1.445616,-1.445616
6.820000,-0.519400,1.439474,-2.309411,-8.226785,39.690214,-79.157791,1.547898,-1.547898
6.825000,-0.591444,1.375071,-1.921436,-7.836929,42.672356,-83.086262,1.648397,-1.648397
6.830000,-0.588016,1.213252,-1.740369,-8.163985,42.224958,-82.257036,1.747017,-1.747017
6.835000,-0.608593,1.202901,-1.518561,-9.437822,43.266479,-84.878951,1.843667,-1.843667
6.840000,-0.530821,1.177189,-1.502884,-9.777877,40.296125,-97.251036,1.938255,-1.938255
6.845000,-0.556579,1.301569,-1.054360,-10.254876,41.611621,-94.410917,2.030693,-2.030693
6.850000,-0.618548,1.035973,-0.842299,-11.449977,48.115532,-102.769107,2.120896,-2.120896
6.855000,-0.561240,1.096448,-0.692765,-10.608928,50.257867,-96.531331,2.208780,-2.208780
6.860000,-0.582579,1.072679,-0.490309,-11.257123,49.466438,-107.773655,2.294264,-2.294264
6.865000,-0.554074,0.949594,-0.202906,-12.449498,45.389543,-99.529358,2.377269,-2.377269
6.870000,-0.595432,0.830919,0.022925,-13.203338,44.360972,-115.357596,2.457721,-2.457721
6.875000,-0.567611,0.829673,0.281253,-13.634129,50.757021,-113.948921,2.535545,-2.535545
6.880000,-0.555100,0.721325,0.567706,-15.156052,50.772772,-106.510736,2.610672,-2.610672
6.885000,-0.615807,0.773634,0.715580,-15.610088,44.789967,-110.996418,2.683034,-2.683034
6.890000,-0.590608,0.680467,0.947831,-14.776816,48.247562,-114.869299,2.752567,-2.752567
6.895000,-0.605070,0.502632,1.292100,-16.902425,48.152680,-93.939280,2.819208,-2.819208
6.900000,-0.607055,0.510035,1.405082,-17.118486,43.748915,-81.897865,2.882901,-2.882901
6.905000,-0.600292,0.363318,1.653530,-14.861427,38.651860,-66.539750,2.943588,-2.943588
6.910000,-0.606138,0.314968,1.769434,-17.684506,31.546883,-39.991784,3.001217,-3.001217
6.915000,-0.575192,0.207105,1.806439,-17.607398,21.334617,-14.011012,3.055740,-3.055740
6.920000,-0.510593,0.130977,2.144667,-15.837803,12.029973,21.588665,3.107110,-3.107110
6.925000,-0.536739,0.056234,2.170920,-16.593527,2.975739,56.796457,3.155285,-3.155285
6.930000,-0.513597,-0.027130,2.182623,-15.046053,-5.087722,86.416194,3.200224,-3.200224
6.935000,-0.472126,-0.111201,1.930845,-17.067573,-9.804492,106.840052,3.241892,-3.241892
6.940000,-0.476157,-0.182763,2.033029,-14.304017,-13.771778,119.997330,3.280255,-3.280255
6.945000,-0.484220,-0.245710,1.763801,-13.872865,-15.287740,119.506102,3.315284,-3.315284
6.950000,-0.508403,-0.353583,1.836389,-13.833951,-16.882066,118.345661,3.346953,-3.346953
6.955000,-0.479388,-0.378362,1.725211,-14.986659,-15.877155,106.009877,3.375239,-3.375239
6.960000,-0.421738,-0.514966,1.665981,-14.154648,-14.454872,100.404043,3.400122,-3.400122
6.965000,-0.413137,-0.579042,1.698064,-11.771625,-13.250787,102.270751,3.421586,-3.421586
6.970000,-0.401944,-0.633321,1.430706,-13.282340,-13.202741,92.727185,3.439619,-3.439619
6.975000,-0.466242,-0.634423,1.492296,-12.457613,-11.373092,84.984747,3.454211,-3.454211
6.980000,-0.398931,-0.783433,1.270804,-12.467510,-8.583282,77.271829,3.465357,-3.465357
6.985000,-0.390593,-0.770954,1.333989,-11.428129,-7.220835,62.315726,3.473054,-3.473054
6.990000,-0.441510,-0.844518,1.193105,-10.752450,-6.834600,57.114139,3.477303,-3.477303
6.995000,-0.395277,-0.945960,1.290420,-9.603915,-5.006261,57.324307,3.478109,-3.478109
7.000000,-0.402856,-0.881124,1.332003,-9.613633,-4.503099,52.227466,3.475479,-3.475479
7.005000,-0.376321,-1.002707,1.259202,-9.270660,-3.125272,50.309941,3.469424,-3.469424
7.010000,-0.387424,-1.116753,1.180991,-9.117167,-2.196504,48.996811,3.459960,-3.459960
7.015000,-0.380743,-1.057345,1.170019,-9.434835,-1.497879,46.213142,3.447104,-3.447104
7.020000,-0.353080,-1.097881,1.101696,-9.349538,-0.792143,39.575309,3.430876,-3.430876
7.025000,-0.344943,-1.113531,1.200045,-9.547166,-0.155845,40.663387,3.411303,-3.411303
7.030000,-0.387198,-1.198720,1.095228,-9.575855,0.488487,32.439817,3.388410,-3.388410
7.035000,-0.336457,-1.289028,1.124057,-7.916712,0.973187,36.850672,3.362229,-3.362229
7.040000,-0.319032,-1.180366,1.229840,-7.754858,1.491916,31.541531,3.332795,-3.332795
7.045000,-0.372411,-1.478722,1.259068,-7.788927,2.336523,28.591409,3.300144,-3.300144
7.050000,-0.320184,-1.335849,1.247465,-8.740471,2.511496,31.131874,3.264317,-3.264317
7.055000,-0.340483,-1.476397,1.288796,-7.485465,2.856748,28.354120,3.225356,-3.225356
7.060000,-0.307784,-1.490834,1.178378,-7.231143,3.931815,27.432803,3.183309,-3.183309
7.065000,-0.301038,-1.474454,1.288654,-7.803609,3.676349,31.335173,3.138224,-3.138224
7.070000,-0.329681,-1.600983,1.249435,-6.898584,4.659540,28.956419,3.090154,-3.090154
7.075000,-0.292546,-1.469233,1.354432,-7.206007,4.468053,26.503209,3.039153,-3.039153
7.080000,-0.313180,-1.582534,1.460922,-7.486542,5.677657,30.200296,2.985279,-2.985279
7.085000,-0.296132,-1.792388,1.500810,-7.009343,5.222671,26.759622,2.928592,-2.928592
7.090000,-0.298558,-1.686755,1.549695,-6.773741,6.213462,30.061068,2.869156,-2.869156
7.095000,-0.273941,-1.661372,1.400400,-6.660933,6.574003,27.433052,2.807036,-2.807036
7.100000,-0.270636,-1.911856,1.451494,-6.467955,6.839408,28.167991,2.742300,-2.742300
7.105000,-0.258050,-1.929796,1.584687,-7.169311,7.425339,32.354403,2.675018,-2.675018
7.110000,-0.280779,-2.008536,1.609174,-6.101488,7.819445,31.077551,2.605264,-2.605264
7.115000,-0.267643,-1.878786,1.575126,-6.460245,8.159472,32.535460,2.533111,-2.533111
7.120000,-0.240398,-1.981615,1.797776,-6.040706,8.046356,35.217446,2.458638,-2.458638
7.125000,-0.213991,-2.079736,1.833792,-5.673037,8.311021,34.225433,2.381924,-2.381924
7.130000,-0.219392,-2.039254,1.886980,-5.565507,8.604805,35.840360,2.303050,-2.303050
7.135000,-0.203416,-1.988663,1.705146,-5.082093,8.852219,37.912012,2.222100,-2.222100
7.140000,-0.210984,-1.979496,1.969369,-5.997251,9.288318,37.804817,2.139157,-2.139157
7.145000,-0.182977,-2.026815,1.888667,-4.962988,9.038346,37.936929,2.054311,-2.054311
7.150000,-0.198204,-2.138334,1.926871,-4.817526,9.117671,34.894143,1.967647,-1.967647
7.155000,-0.177606,-2.146396,1.876330,-5.014831,9.652187,37.093817,1.879258,-1.879258
7.160000,-0.158815,-2.099250,2.209343,-4.344149,9.064958,41.853473,1.789235,-1.789235
7.165000,-0.163536,-1.978370,2.205060,-4.742338,9.653137,37.622955,1.697669,-1.697669
7.170000,-0.160210,-2.015305,2.080121,-3.984573,9.406964,45.885721,1.604657,-1.604657
7.175000,-0.148375,-2.369612,2.315952,-3.739389,9.706581,47.742024,1.510292,-1.510292
7.180000,-0.116033,-2.022357,2.207610,-3.763898,11.073915,42.714408,1.414673,-1.414673
7.185000,-0.125049,-2.287800,2.453549,-3.283619,9.958757,44.731922,1.317895,-1.317895
7.190000,-0.107574,-2.430247,2.268560,-3.594963,10.536576,48.438591,1.220058,-1.220058
7.195000,-0.100492,-2.066397,2.194797,-3.266986,10.590555,43.805006,1.121261,-1.121261
7.200000,-0.078091,-2.093698,2.568506,-2.989422,10.218591,48.863240,1.021603,-1.021603
7.205000,-0.075416,-2.188226,2.356773,-2.846320,8.334925,51.663371,0.921186,-0.921186
7.210000,-0.052130,-2.132705,2.362887,-2.286952,9.188439,47.781866,0.820110,-0.820110
7.215000,-0.046229,-2.308792,2.480336,-2.216776,8.372092,55.904192,0.718477,-0.718477
7.220000,-0.030170,-2.167140,2.723230,-1.933208,7.189201,53.631255,0.616389,-0.616389
7.225000,-0.016590,-2.102571,2.651428,-1.618457,6.811010,52.878477,0.513947,-0.513947
7.230000,-0.004893,-2.480361,2.709609,-1.367883,6.961113,56.105373,0.411253,-0.411253
7.235000,0.009254,-2.364768,2.468549,-1.209095,6.024130,51.758675,0.308410,-0.308410
7.240000,0.023560,-2.568666,2.545976,-0.917740,5.676847,52.530874,0.205519,-0.205519
7.245000,0.037349,-2.308120,2.954598,-0.564997,4.354225,55.357318,0.102682,-0.102682
7.250000,0.047205,-2.130548,2.836305,-0.272425,4.029914,56.124402,-0.000000,0.000000
7.255000,0.059279,-2.239770,2.865575,-0.019475,2.799709,58.858798,-0.102425,0.102425
7.260000,0.070161,-2.288750,2.993668,0.272379,2.342413,57.569553,-0.204494,0.204494
7.265000,0.088712,-2.272240,3.078488,0.557683,1.157640,54.102974,-0.306105,0.306105
7.270000,0.096617,-2.152313,2.819698,0.860456,0.249870,61.465690,-0.407161,0.407161
7.275000,0.116868,-2.365478,2.682061,1.089850,-0.779842,56.574150,-0.507562,0.507562
7.280000,0.123212,-2.488698,2.797328,1.314891,-1.865837,56.419670,-0.607212,0.607212
7.285000,0.160193,-2.428693,3.011576,1.589140,-2.855175,51.851927,-0.706013,0.706013
7.290000,0.152876,-2.269254,2.925987,2.121371,-4.412311,61.015187,-0.803871,0.803871
7.295000,0.177064,-2.378462,2.892308,2.343664,-5.522587,61.933719,-0.900691,0.900691
7.300000,0.190615,-2.262668,2.544600,2.466161,-6.787709,60.100382,-0.996380,0.996380
7.305000,0.185610,-2.398195,2.773986,2.806303,-6.819767,53.594380,-1.090846,1.090846
7.310000,0.194263,-2.090826,2.818205,3.288356,-8.519871,53.624532,-1.184000,1.184000
7.315000,0.247807,-2.331091,2.545574,3.460907,-10.079903,51.769990,-1.275752,1.275752
7.320000,0.265050,-2.187397,2.715821,3.732066,-11.493679,55.865149,-1.366016,1.366016
7.325000,0.266739,-2.376125,2.272018,3.896064,-11.623380,59.639711,-1.454705,1.454705
7.330000,0.275833,-2.179286,2.585540,4.568673,-13.277041,61.446377,-1.541737,1.541737
7.335000,0.280764,-2.101055,2.307859,4.325436,-15.408877,52.824652,-1.627030,1.627030
7.340000,0.295825,-2.171144,2.242584,4.967258,-15.514080,55.898363,-1.710504,1.710504
7.345000,0.313232,-1.949728,2.384675,5.415888,-17.153211,60.280924,-1.792080,1.792080
7.350000,0.331665,-2.086813,2.039881,5.255477,-17.273560,62.759945,-1.871684,1.871684
7.355000,0.328869,-1.949564,1.908830,5.161227,-18.723929,58.760868,-1.949241,1.949241
7.360000,0.331654,-2.168871,1.881543,6.207458,-22.055774,54.102871,-2.024681,2.024681
7.365000,0.370242,-1.842989,1.654144,5.986889,-23.773407,56.653798,-2.097933,2.097933
7.370000,0.341445,-1.872561,1.525879,6.560444,-21.868720,58.613042,-2.168931,2.168931
7.375000,0.343930,-1.750409,1.494521,6.479910,-25.404889,57.401634,-2.237611,2.237611
7.380000,0.392242,-1.993571,1.418980,7.328583,-24.071638,64.224317,-2.303910,2.303910
7.385000,0.386640,-1.894123,1.249891,7.737345,-29.550575,62.122940,-2.367769,2.367769
7.390000,0.404801,-1.984046,1.087024,7.543603,-27.251921,68.290081,-2.429132,2.429132
7.395000,0.371785,-1.924456,1.027490,7.852366,-29.803332,61.078783,-2.487943,2.487943
7.400000,0.395314,-1.849272,0.837290,8.006553,-29.738659,64.856203,-2.544151,2.544151
7.405000,0.392425,-1.566197,0.738232,8.859468,-29.246879,63.541516,-2.597707,2.597707
7.410000,0.398518,-1.757274,0.490921,9.587187,-29.492805,66.929144,-2.648565,2.648565
7.415000,0.430052,-1.627721,0.330949,9.957856,-30.563196,78.815385,-2.696681,2.696681
7.420000,0.359148,-1.602346,0.211367,9.382517,-36.352924,82.728408,-2.742015,2.742015
7.425000,0.366852,-1.455251,0.018514,9.686014,-36.503607,71.897885,-2.784529,2.784529
7.430000,0.392010,-1.405422,-0.171237,10.238522,-38.901040,84.731770,-2.824188,2.824188
7.435000,0.378706,-1.275552,-0.362480,11.909060,-34.499980,79.990123,-2.860959,2.860959
7.440000,0.404820,-1.344057,-0.574165,11.848875,-42.941550,87.075441,-2.894815,2.894815
7.445000,0.405191,-1.410869,-0.706631,12.133913,-42.000158,93.944768,-2.925728,2.925728
7.450000,0.360810,-1.347619,-0.958505,12.317536,-40.652298,100.232555,-2.953676,2.953676
7.455000,0.403416,-1.055249,-1.188531,12.430567,-46.545103,108.042889,-2.978638,2.978638
7.460000,0.343178,-1.133420,-1.376018,12.394387,-47.133448,110.942815,-3.000597,3.000597
7.465000,0.395120,-1.011894,-1.653363,15.279157,-44.010586,108.312940,-3.019539,3.019539
7.470000,0.380037,-0.935023,-1.696106,13.920149,-45.367690,104.533271,-3.035453,3.035453
7.475000,0.358492,-0.893388,-1.991945,16.438713,-48.116078,117.323948,-3.048331,3.048331
7.480000,0.307031,-0.884673,-2.453198,17.196806,-41.334998,127.356036,-3.058167,3.058167
7.485000,0.295686,-0.701841,-2.684555,17.988820,-49.138697,113.797689,-3.064960,3.064960
7.490000,0.314546,-0.659383,-2.781389,15.817282,-41.956436,114.534504,-3.068709,3.068709
7.495000,0.279651,-0.586252,-2.753180,17.614541,-39.964046,93.348869,-3.069420,3.069420
7.500000,0.260356,-0.454164,-3.160191,16.884065,-35.648778,70.794974,-3.067099,3.067099
7.505000,0.260389,-0.340276,-2.947792,17.830885,-27.628470,47.294583,-3.061756,3.061756
7.510000,0.258831,-0.309690,-3.053959,17.141090,-16.666094,6.876300,-3.053404,3.053404
7.515000,0.255411,-0.176886,-3.718915,17.000869,-3.807510,-35.656832,-3.042058,3.042058
7.520000,0.229994,-0.111127,-3.429299,16.571531,8.010902,-81.867757,-3.027738,3.027738
7.525000,0.183559,-0.013924,-3.140919,17.916816,16.869656,-124.804494,-3.010464,3.010464
7.530000,0.188263,0.067391,-3.497494,15.932003,24.397498,-152.458368,-2.990261,2.990261
7.535000,0.168205,0.141768,-3.005456,14.752553,27.773129,-148.727833,-2.967157,2.967157
7.540000,0.142661,0.220621,-2.987193,14.923254,29.964844,-172.786966,-2.941181,2.941181
7.545000,0.141974,0.279435,-3.049541,13.769199,28.824158,-177.129828,-2.912367,2.912367
7.550000,0.136932,0.362046,-2.674821,13.954042,28.667982,-145.661155,-2.880749,2.880749
7.555000,0.116180,0.419791,-2.614509,11.673311,27.479480,-158.677394,-2.846367,2.846367
7.560000,0.100323,0.506436,-2.540619,11.350503,23.165095,-140.970438,-2.809260,2.809260
7.565000,0.085657,0.606364,-2.037948,11.669873,24.812857,-126.226541,-2.769473,2.769473
7.570000,0.073163,0.619140,-1.947902,11.900870,22.071159,-111.884066,-2.727051,2.727051
7.575000,0.072045,0.614215,-1.914282,10.819420,19.188099,-105.078965,-2.682043,2.682043
7.580000,0.054097,0.690455,-1.934122,10.256848,18.240082,-98.263783,-2.634499,2.634499
7.585000,0.050082,0.756950,-1.971138,10.038513,16.203625,-93.373177,-2.584474,2.584474
7.590000,0.039018,0.807378,-1.848872,9.589434,15.064343,-80.694648,-2.532021,2.532021
7.595000,0.029256,0.801438,-1.779231,8.860565,13.640963,-76.832812,-2.477201,2.477201
7.600000,0.021761,0.966316,-1.602692,8.669627,12.172766,-74.866041,-2.420071,2.420071
7.605000,0.015223,0.870263,-1.456008,7.378219,10.929099,-71.019420,-2.360695,2.360695
7.610000,0.007180,1.037351,-1.479645,7.876418,8.764231,-71.719005,-2.299137,2.299137
7.615000,-0.000220,0.997815,-1.584123,6.476241,8.850418,-65.068424,-2.235463,2.235463
7.620000,-0.007317,1.063976,-1.550094,6.330443,7.411677,-65.751861,-2.169741,2.169741
7.625000,-0.016076,1.047282,-1.390428,5.868995,6.599409,-60.944773,-2.102041,2.102041
7.630000,-0.021271,1.198677,-1.284401,6.573499,7.189077,-59.278027,-2.032435,2.032435
7.635000,-0.027091,1.048178,-1.232235,5.710383,5.603780,-60.174366,-1.960996,1.960996
7.640000,-0.035353,1.124293,-1.289865,5.362205,5.449780,-53.314913,-1.887800,1.887800
7.645000,-0.044216,1.285038,-1.207550,5.006642,5.530836,-56.620201,-1.812923,1.812923
7.650000,-0.048327,1.195007,-1.325822,4.777467,5.037867,-52.671059,-1.736443,1.736443
7.655000,-0.058120,1.332326,-1.338384,4.898156,4.523020,-56.256728,-1.658440,1.658440
7.660000,-0.057155,1.298386,-1.207716,4.531192,4.596187,-49.591348,-1.578994,1.578994
7.665000,-0.064417,1.208807,-1.171084,4.538547,4.203987,-53.548136,-1.498188,1.498188
7.670000,-0.074201,1.407595,-1.255848,4.294598,4.021588,-55.859824,-1.416105,1.416105
7.675000,-0.086193,1.366965,-1.048300,3.950955,3.503852,-52.339678,-1.332828,1.332828
7.680000,-0.088496,1.336559,-1.082761,3.787576,3.646791,-50.925161,-1.248444,1.248444
7.685000,-0.091203,1.442335,-1.066298,3.048661,3.304447,-54.706912,-1.163038,1.163038
7.690000,-0.097369,1.280409,-1.198511,3.112998,3.431813,-48.178270,-1.076697,1.076697
7.695000,-0.105826,1.318405,-1.152625,2.854786,3.461532,-56.047808,-0.989509,0.989509
7.700000,-0.104782,1.536332,-1.176859,2.563080,3.500610,-54.345247,-0.901562,0.901562
7.705000,-0.113983,1.297098,-0.988515,2.362271,3.161301,-50.052264,-0.812944,0.812944
7.710000,-0.115689,1.455815,-1.034205,1.895260,3.348513,-56.706081,-0.723745,0.723745
7.715000,-0.133193,1.455439,-1.116540,1.603247,3.991718,-48.727885,-0.634054,0.634054
7.720000,-0.128908,1.343151,-0.965106,1.508638,4.161446,-50.837682,-0.543961,0.543961
7.725000,-0.142840,1.436831,-0.905895,1.203874,3.607462,-57.483907,-0.453556,0.453556
7.730000,-0.126787,1.540127,-0.989301,0.955038,4.562294,-57.805606,-0.362929,0.362929
7.735000,-0.153392,1.338326,-1.032354,0.709149,4.037051,-53.148425,-0.272170,0.272170
7.740000,-0.155401,1.369981,-0.936515,0.385582,4.594152,-57.156954,-0.181369,0.181369
7.745000,-0.160635,1.406173,-0.820995,0.120382,5.383431,-55.287152,-0.090616,0.090616
7.750000,-0.168988,1.502304,-0.842177,-0.153097,4.986637,-57.896975,-0.000000,0.000000
7.755000,-0.160497,1.518495,-0.906908,-0.445258,6.160758,-51.927562,0.090390,-0.090390
7.760000,-0.177911,1.383520,-0.740148,-0.765256,5.961489,-55.755651,0.180465,-0.180465
7.765000,-0.170020,1.522337,-0.768514,-0.911324,6.030747,-59.392370,0.270137,-0.270137
7.770000,-0.164296,1.406989,-0.709356,-1.367730,6.610629,-51.937780,0.359318,-0.359318
7.775000,-0.175422,1.506404,-0.669839,-1.613660,8.371156,-56.810061,0.447922,-0.447922
7.780000,-0.191977,1.536724,-0.651916,-1.812122,7.759675,-53.773800,0.535863,-0.535863
7.785000,-0.186253,1.450749,-0.600078,-2.257655,9.187620,-61.123832,0.623055,-0.623055
7.790000,-0.180831,1.314719,-0.595474,-2.593199,10.144053,-60.978608,0.709414,-0.709414
7.795000,-0.180470,1.531163,-0.492744,-2.499727,9.433101,-56.065272,0.794857,-0.794857
7.800000,-0.187633,1.346176,-0.471330,-3.167528,10.759240,-59.101605,0.879302,-0.879302
7.805000,-0.200685,1.301356,-0.440854,-3.051008,12.390327,-58.506315,0.962668,-0.962668
7.810000,-0.191837,1.391737,-0.344042,-3.341249,13.021413,-56.587674,1.044876,-1.044876
7.815000,-0.189258,1.352431,-0.292433,-4.218810,12.598550,-63.244749,1.125847,-1.125847
7.820000,-0.213147,1.351776,-0.246658,-4.085658,13.127413,-59.239236,1.205504,-1.205504
7.825000,-0.188140,1.234686,-0.168142,-5.039194,12.873936,-65.391006,1.283773,-1.283773
7.830000,-0.217104,1.385160,-0.094643,-5.421679,14.218182,-72.374447,1.360578,-1.360578
7.835000,-0.207243,1.142236,-0.021929,-5.057327,17.014913,-72.962173,1.435849,-1.435849
7.840000,-0.195552,1.145081,0.067145,-5.739615,18.194570,-69.444532,1.509514,-1.509514
7.845000,-0.185691,1.185178,0.142083,-6.023782,18.625963,-74.157268,1.581505,-1.581505
7.850000,-0.208182,1.247140,0.240998,-5.933219,18.860932,-77.183784,1.651755,-1.651755
7.855000,-0.213051,1.049043,0.296595,-7.290218,19.459957,-74.190547,1.720200,-1.720200
7.860000,-0.193975,1.010567,0.433568,-7.391533,21.459570,-72.923609,1.786774,-1.786774
7.865000,-0.179518,1.062626,0.517105,-7.179424,21.420354,-76.817451,1.851419,-1.851419
7.870000,-0.199330,1.106171,0.607950,-7.561235,22.597106,-75.185639,1.914075,-1.914075
7.875000,-0.200165,1.011794,0.737573,-8.926053,23.199832,-71.117925,1.974685,-1.974685
7.880000,-0.194550,0.998752,0.892732,-8.602632,21.200913,-82.221528,2.033193,-2.033193
7.885000,-0.194776,0.817096,0.972974,-8.372104,25.638735,-84.855726,2.089549,-2.089549
7.890000,-0.163947,0.879140,1.004359,-10.262629,25.889446,-75.065807,2.143701,-2.143701
7.895000,-0.165375,0.843149,1.191723,-8.850923,22.725308,-86.965719,2.195602,-2.195602
7.900000,-0.155923,0.724842,1.459859,-10.338372,26.387210,-84.984334,2.245205,-2.245205
7.905000,-0.143016,0.706089,1.490371,-11.099640,25.112481,-87.804178,2.292468,-2.292468
7.910000,-0.155585,0.595398,1.742976,-10.547603,22.312596,-74.042721,2.337350,-2.337350
7.915000,-0.137334,0.647429,1.719579,-12.293896,22.116413,-70.095101,2.379813,-2.379813
7.920000,-0.127306,0.542052,1.916138,-11.393636,20.636501,-69.463682,2.419820,-2.419820
7.925000,-0.112902,0.483189,1.900550,-11.368516,18.715745,-65.578335,2.457338,-2.457338
7.930000,-0.099488,0.402627,1.955677,-11.444691,16.827272,-54.268310,2.492337,-2.492337
7.935000,-0.104625,0.348871,2.130958,-13.178379,13.675839,-40.102449,2.524788,-2.524788
7.940000,-0.083114,0.288215,1.995510,-12.545890,10.869254,-24.279076,2.554665,-2.554665
7.945000,-0.074056,0.203800,2.010379,-13.100706,6.697739,-5.676096,2.581946,-2.581946
7.950000,-0.059788,0.160445,2.042848,-13.677345,2.581302,12.347460,2.606610,-2.606610
7.955000,-0.059643,0.083309,2.045227,-12.623647,-1.886035,30.270146,2.628639,-2.628639
7.960000,-0.043309,0.028895,2.361637,-12.089358,-5.374141,42.296830,2.648018,-2.648018
7.965000,-0.030779,-0.033246,2.146921,-12.114183,-9.384303,55.511761,2.664734,-2.664734
7.970000,-0.019610,-0.084630,2.064911,-11.189963,-11.008843,66.341455,2.678778,-2.678778
7.975000,-0.011719,-0.166051,2.255173,-12.219579,-14.170932,72.069697,2.690143,-2.690143
7.980000,-0.000601,-0.189218,2.013288,-10.176809,-13.610301,71.085723,2.698823,-2.698823
7.985000,0.009773,-0.265963,1.748383,-10.578990,-13.771381,73.784202,2.704817,-2.704817
7.990000,0.018977,-0.346811,2.030889,-10.022729,-15.819660,77.626808,2.708126,-2.708126
7.995000,0.029268,-0.365134,1.776027,-10.975935,-13.893465,69.651058,2.708754,-2.708754
8.000000,0.033356,-0.400865,1.833314,-9.487924,-14.465027,66.607756,2.706706,-2.706706
8.005000,0.041996,-0.509203,1.599292,-10.232447,-14.813695,71.228345,2.701990,-2.701990
8.010000,0.049824,-0.521038,1.512847,-9.549865,-13.762714,67.393950,2.694620,-2.694620
8.015000,0.065025,-0.607469,1.437362,-8.092733,-11.251181,61.899161,2.684607,-2.684607
8.020000,0.072094,-0.619553,1.593192,-7.933253,-11.574020,60.099265,2.671969,-2.671969
8.025000,0.070056,-0.650327,1.371128,-8.526359,-11.130052,56.763274,2.656725,-2.656725
8.030000,0.084501,-0.612635,1.356886,-7.521818,-10.691334,51.843868,2.638896,-2.638896
8.035000,0.086681,-0.697371,1.365356,-6.913006,-9.447209,47.920476,2.618507,-2.618507
8.040000,0.097256,-0.770982,1.198928,-7.415809,-9.494264,44.941623,2.595583,-2.595583
8.045000,0.108107,-0.713668,1.244114,-6.674893,-8.664790,49.877404,2.570155,-2.570155
8.050000,0.111750,-0.779037,1.238324,-6.861141,-7.491887,49.814430,2.542252,-2.542252
8.055000,0.103689,-0.832407,1.199395,-5.994374,-8.005312,40.194203,2.511910,-2.511910
8.060000,0.108934,-0.972029,1.036309,-6.293945,-6.665580,41.108086,2.479164,-2.479164
8.065000,0.113877,-0.869937,1.113125,-6.502132,-6.797907,43.008687,2.444051,-2.444051
8.070000,0.139056,-0.938675,0.967358,-5.478731,-6.616807,36.565925,2.406614,-2.406614
8.075000,0.146197,-0.962706,0.944548,-5.235097,-6.430375,42.803275,2.366894,-2.366894
8.080000,0.128907,-0.945641,1.016507,-5.826348,-6.311480,35.817108,2.324937,-2.324937
8.085000,0.136942,-0.979679,0.961244,-4.852020,-5.484298,34.341699,2.280790,-2.280790
8.090000,0.157634,-1.085534,0.829944,-5.312697,-5.397311,39.811780,2.234501,-2.234501
8.095000,0.151812,-1.161779,0.870260,-5.453741,-4.882288,38.354318,2.186122,-2.186122
8.100000,0.164852,-1.211721,0.799480,-5.187742,-5.003771,40.137663,2.135705,-2.135705
8.105000,0.148356,-1.215519,0.752199,-4.892877,-4.811490,37.375149,2.083306,-2.083306
8.110000,0.153921,-1.151210,0.737683,-4.063283,-4.864029,33.921549,2.028981,-2.028981
8.115000,0.178173,-1.300275,0.839492,-4.425021,-4.062402,38.977339,1.972789,-1.972789
8.120000,0.168180,-1.100407,0.755333,-4.373807,-4.403705,35.478805,1.914789,-1.914789
8.125000,0.169127,-1.167992,0.759071,-4.162636,-4.166647,36.450174,1.855044,-1.855044
8.130000,0.163558,-1.244546,0.744970,-3.378273,-4.446928,33.484932,1.793617,-1.793617
8.135000,0.201964,-1.366193,0.663564,-3.207208,-3.870770,36.100129,1.730573,-1.730573
8.140000,0.174206,-1.248078,0.689489,-3.689320,-3.598758,33.698450,1.665977,-1.665977
8.145000,0.187073,-1.402442,0.708973,-3.477257,-3.668231,38.827148,1.599899,-1.599899
8.150000,0.194807,-1.315757,0.622015,-3.067676,-3.683333,37.027345,1.532405,-1.532405
8.155000,0.196582,-1.392846,0.600140,-2.559876,-4.076366,37.567681,1.463568,-1.463568
8.160000,0.207179,-1.346839,0.585523,-2.408950,-3.739491,37.447382,1.393457,-1.393457
8.165000,0.214882,-1.329322,0.600662,-2.431950,-3.782380,41.398485,1.322146,-1.322146
8.170000,0.213994,-1.274179,0.565976,-2.282552,-3.847661,40.755134,1.249708,-1.249708
8.175000,0.228476,-1.415109,0.496156,-1.860458,-3.674653,40.891872,1.176217,-1.176217
8.180000,0.205022,-1.317342,0.482399,-1.862723,-4.066637,42.118929,1.101748,-1.101748
8.185000,0.195044,-1.443722,0.465756,-1.740206,-4.340129,38.803090,1.026378,-1.026378
8.190000,0.201949,-1.457143,0.466893,-1.510531,-3.693575,41.608403,0.950182,-0.950182
8.195000,0.224481,-1.278847,0.469176,-1.243887,-3.772976,38.036291,0.873239,-0.873239
8.200000,0.216780,-1.273650,0.447204,-0.968592,-4.040205,41.623595,0.795625,-0.795625
8.205000,0.233653,-1.474439,0.396241,-0.761729,-4.348313,39.934650,0.717421,-0.717421
8.210000,0.228665,-1.363807,0.424870,-0.643965,-4.154153,46.228070,0.638703,-0.638703
8.215000,0.236443,-1.553182,0.352031,-0.407574,-5.063838,42.326738,0.559551,-0.559551
8.220000,0.216968,-1.440169,0.373578,-0.204202,-5.161788,47.195809,0.480044,-0.480044
8.225000,0.239395,-1.464741,0.331901,0.024145,-5.188282,40.671594,0.400262,-0.400262
8.230000,0.243312,-1.473944,0.310276,0.249233,-5.341859,44.326807,0.320284,-0.320284
8.235000,0.254177,-1.333997,0.252501,0.472231,-5.602944,46.985426,0.240190,-0.240190
8.240000,0.250914,-1.365681,0.235614,0.680982,-5.616871,42.699009,0.160058,-0.160058
8.245000,0.258779,-1.382429,0.212677,0.861751,-6.638469,44.870447,0.079968,-0.079968
8.250000,0.219263,-1.416868,0.181134,1.110781,-6.993757,48.260746,0.000000,-0.000000
8.255000,0.241616,-1.405980,0.148423,1.297468,-6.567453,51.258628,-0.079769,0.079769
8.260000,0.235449,-1.260109,0.105597,1.718764,-7.170297,45.927648,-0.159260,0.159260
8.265000,0.235950,-1.495162,0.065842,1.967991,-7.211015,50.590063,-0.238395,0.238395
8.270000,0.247363,-1.429999,0.035576,2.279514,-8.196362,45.922233,-0.317097,0.317097
8.275000,0.255977,-1.303100,-0.008170,2.310526,-7.734550,53.147739,-0.395290,0.395290
8.280000,0.259615,-1.417793,-0.048685,2.387569,-8.922596,54.735781,-0.472897,0.472897
8.285000,0.214923,-1.226024,-0.086966,3.156377,-9.613454,51.539815,-0.549844,0.549844
8.290000,0.250711,-1.288288,-0.130396,2.999190,-8.745024,55.220071,-0.626055,0.626055
8.295000,0.252063,-1.255506,-0.176266,3.234048,-9.563462,47.940875,-0.701459,0.701459
8.300000,0.241864,-1.227016,-0.249282,3.843878,-10.923082,55.841316,-0.775981,0.775981
8.305000,0.231698,-1.283959,-0.271928,4.163037,-12.170145,53.668222,-0.849552,0.849552
8.310000,0.236969,-1.133218,-0.342350,4.229992,-12.719869,51.207009,-0.922100,0.922100
8.315000,0.244315,-1.146128,-0.421199,4.620845,-11.113990,57.666407,-0.993557,0.993557
8.320000,0.213545,-1.315617,-0.505038,4.771898,-13.332610,53.223119,-1.063854,1.063854
8.325000,0.227781,-1.239506,-0.540057,4.939977,-14.450123,60.597179,-1.132926,1.132926
8.330000,0.210767,-1.221784,-0.602600,4.929757,-12.939410,57.436870,-1.200706,1.200706
8.335000,0.199260,-1.140474,-0.627373,5.879911,-13.373088,55.523232,-1.267132,1.267132
8.340000,0.230736,-1.154021,-0.824493,6.156882,-14.714683,63.033953,-1.332142,1.332142
8.345000,0.205416,-1.019809,-0.760596,6.528541,-16.543794,57.635524,-1.395674,1.395674
8.350000,0.227682,-1.101363,-0.957727,7.221487,-14.672838,63.348196,-1.457669,1.457669
8.355000,0.183870,-0.944703,-0.906525,6.228121,-18.232183,67.254923,-1.518071,1.518071
8.360000,0.204329,-0.956036,-1.174871,7.085259,-18.639107,71.147284,-1.576823,1.576823
8.365000,0.209253,-0.914094,-1.100501,7.828152,-17.150755,66.810883,-1.633872,1.633872
8.370000,0.195001,-0.926474,-1.163218,7.181235,-17.738422,69.734282,-1.689165,1.689165
8.375000,0.193326,-0.838595,-1.251807,7.683790,-19.018012,66.013657,-1.742653,1.742653
8.380000,0.173416,-0.872933,-1.445545,8.800771,-20.040092,73.394165,-1.794287,1.794287
8.385000,0.149162,-0.814646,-1.426502,9.713798,-19.068228,62.633785,-1.844021,1.844021
8.390000,0.152374,-0.659142,-1.619702,8.347383,-19.069988,60.631705,-1.891810,1.891810
8.395000,0.143229,-0.732518,-1.746196,9.386935,-18.225604,70.276329,-1.937612,1.937612
8.400000,0.148499,-0.621451,-1.783079,10.184174,-17.754043,59.141495,-1.981387,1.981387
8.405000,0.125241,-0.630474,-1.940752,9.190749,-16.988973,59.475136,-2.023096,2.023096
8.410000,0.126460,-0.575920,-2.147481,11.348730,-15.811625,52.986793,-2.062704,2.062704
8.415000,0.120287,-0.473216,-1.911471,10.726563,-16.246491,49.431183,-2.100177,2.100177
8.420000,0.104936,-0.391179,-2.335504,11.082182,-13.857876,41.574664,-2.135484,2.135484
8.425000,0.085382,-0.331877,-2.199740,10.724296,-10.198505,31.499012,-2.168593,2.168593
8.430000,0.084102,-0.301685,-2.495060,11.185362,-9.247382,17.360458,-2.199480,2.199480
8.435000,0.066350,-0.274926,-2.128812,10.698682,-5.923348,6.206480,-2.228117,2.228117
8.440000,0.055074,-0.200627,-2.224264,12.140456,-2.700660,-6.297460,-2.254484,2.254484
8.445000,0.039119,-0.145776,-2.222241,10.750482,0.571557,-18.124919,-2.278559,2.278559
8.450000,0.030529,-0.080194,-2.463870,9.972842,3.628303,-30.839178,-2.300325,2.300325
8.455000,0.020835,-0.025514,-2.201636,10.906678,6.297559,-44.353082,-2.319766,2.319766
8.460000,0.008792,0.023927,-2.348783,9.700592,8.271882,-48.209604,-2.336867,2.336867
8.465000,-0.002826,0.083213,-2.414517,9.772881,9.624724,-53.893397,-2.351620,2.351620
8.470000,-0.014857,0.125407,-2.053172,9.399797,10.518563,-63.555314,-2.364013,2.364013
8.475000,-0.024054,0.180923,-1.896943,10.588806,11.909947,-59.182488,-2.374042,2.374042
8.480000,-0.031287,0.234053,-2.075109,9.518890,12.372803,-62.518613,-2.381703,2.381703
8.485000,-0.041521,0.270257,-2.139048,8.654148,12.290942,-66.373372,-2.386993,2.386993
8.490000,-0.050241,0.346755,-1.944847,9.058599,11.016257,-59.822652,-2.389913,2.389913
8.495000,-0.060662,0.391999,-1.813230,8.046465,11.610139,-65.901449,-2.390467,2.390467
8.500000,-0.068540,0.393258,-1.808356,8.636039,10.718716,-55.373217,-2.388659,2.388659
8.505000,-0.078892,0.430296,-1.795169,7.812427,12.032576,-54.964929,-2.384498,2.384498
8.510000,-0.083991,0.470515,-1.669620,7.131064,11.334921,-49.586308,-2.377993,2.377993
8.515000,-0.090603,0.488713,-1.711071,7.059621,9.318915,-49.019338,-2.369157,2.369157
8.520000,-0.103878,0.535551,-1.672968,7.085358,9.530536,-45.671083,-2.358005,2.358005
8.525000,-0.123668,0.588846,-1.570821,6.450740,9.077405,-43.646606,-2.344552,2.344552
8.530000,-0.114209,0.676471,-1.631507,6.294699,8.396970,-43.111732,-2.328818,2.328818
8.535000,-0.118316,0.644888,-1.438723,5.880483,7.581959,-40.931884,-2.310824,2.310824
8.540000,-0.134835,0.663962,-1.513021,6.339531,8.058143,-43.172064,-2.290594,2.290594
8.545000,-0.146280,0.713357,-1.244716,6.009783,8.359694,-45.119770,-2.268154,2.268154
8.550000,-0.151851,0.783619,-1.244889,6.054513,7.076020,-37.009924,-2.243530,2.243530
8.555000,-0.149512,0.816343,-1.218040,5.569739,7.269520,-42.324157,-2.216753,2.216753
8.560000,-0.167846,0.749687,-1.209281,5.650023,7.229956,-41.447623,-2.187854,2.187854
8.565000,-0.161136,0.788811,-1.307900,5.598733,6.105603,-37.873235,-2.156868,2.156868
8.570000,-0.167758,0.892811,-1.251411,4.756407,6.734590,-33.409721,-2.123829,2.123829
8.575000,-0.171041,0.937412,-1.078176,4.512388,6.237818,-32.830242,-2.088777,2.088777
8.580000,-0.172229,0.975205,-1.240654,4.678203,5.699774,-35.795716,-2.051750,2.051750
8.585000,-0.203579,0.999358,-1.176219,4.553437,5.576823,-37.726752,-2.012790,2.012790
8.590000,-0.217665,1.045554,-1.125543,4.009704,5.850459,-33.472602,-1.971940,1.971940
8.595000,-0.214215,1.057993,-1.080813,3.928153,5.203998,-33.117697,-1.929246,1.929246
8.600000,-0.229446,0.898948,-1.005220,4.180877,5.665982,-34.207554,-1.884753,1.884753
8.605000,-0.228100,1.040659,-0.929760,3.714783,5.797839,-32.907145,-1.838511,1.838511
8.610000,-0.200152,0.983766,-1.059846,3.683941,5.264615,-34.311599,-1.790570,1.790570
8.615000,-0.234585,1.084577,-1.005103,3.150038,5.632772,-37.302478,-1.740980,1.740980
8.620000,-0.250846,1.001593,-0.917184,2.953753,4.992346,-36.835348,-1.689796,1.689796
8.625000,-0.231242,1.142299,-0.876417,2.938471,4.950548,-37.241691,-1.637071,1.637071
8.630000,-0.258069,1.040686,-0.915668,3.041724,5.910976,-31.685659,-1.582862,1.582862
8.635000,-0.265907,1.216363,-0.846630,2.632464,5.005194,-33.137821,-1.527225,1.527225
8.640000,-0.264098,1.176563,-0.794777,2.428028,5.865118,-34.523209,-1.470220,1.470220
8.645000,-0.262052,1.204613,-0.742475,2.355479,5.232089,-32.607386,-1.411906,1.411906
8.650000,-0.273007,1.246578,-0.765717,2.185722,5.593044,-37.936623,-1.352343,1.352343
8.655000,-0.242299,1.190519,-0.652586,1.989369,5.560959,-35.253720,-1.291594,1.291594
8.660000,-0.237963,1.113564,-0.655262,1.705736,5.298272,-39.425215,-1.229722,1.229722
8.665000,-0.254820,1.098073,-0.617498,1.630144,5.872697,-33.248306,-1.166790,1.166790
8.670000,-0.263499,1.298725,-0.588494,1.483649,5.873236,-35.725804,-1.102863,1.102863
8.675000,-0.284814,1.268574,-0.568728,1.398466,5.899166,-38.708871,-1.038008,1.038008
8.680000,-0.285053,1.305525,-0.544815,1.151059,6.188882,-36.388552,-0.972289,0.972289
8.685000,-0.281227,1.105812,-0.560926,0.899170,5.932801,-36.337629,-0.905775,0.905775
8.690000,-0.298567,1.117572,-0.464697,0.799246,6.255028,-39.426942,-0.838533,0.838533
8.695000,-0.263830,1.151286,-0.515375,0.602222,6.041040,-39.176969,-0.770630,0.770630
8.700000,-0.290777,1.211056,-0.411248,0.393639,7.267018,-41.513820,-0.702137,0.702137
8.705000,-0.311893,1.311867,-0.410745,0.152383,6.880150,-41.088668,-0.633121,0.633121
8.710000,-0.268196,1.102209,-0.339923,-0.041003,6.492134,-42.840553,-0.563653,0.563653
8.715000,-0.265849,1.214798,-0.371831,-0.224504,7.783902,-42.149991,-0.493802,0.493802
8.720000,-0.315778,1.298562,-0.302447,-0.438324,6.764308,-44.599161,-0.423637,0.423637
8.725000,-0.291714,1.123435,-0.280221,-0.673160,7.698388,-37.808542,-0.353230,0.353230
8.730000,-0.275876,1.090558,-0.223120,-0.829297,8.300571,-42.982141,-0.282650,0.282650
8.735000,-0.315275,1.176575,-0.186631,-1.060301,8.395579,-38.755023,-0.211967,0.211967
8.740000,-0.281653,1.242109,-0.141046,-1.187630,9.034018,-44.131811,-0.141251,0.141251
8.745000,-0.305091,1.224562,-0.093125,-1.364366,8.526557,-47.031652,-0.070572,0.070572
8.750000,-0.314927,1.112627,-0.051667,-1.883040,8.379484,-43.990465,-0.000000,0.000000
8.755000,-0.317666,1.256857,-0.007449,-2.012058,9.920592,-46.857885,0.070396,-0.070396
8.760000,-0.307070,1.154982,0.036287,-2.195306,8.857441,-48.120514,0.140546,-0.140546
8.765000,-0.281092,1.132946,0.082385,-2.460986,9.251650,-44.522640,0.210383,-0.210383
8.770000,-0.277612,1.046318,0.148257,-2.840920,9.774649,-48.867336,0.279837,-0.279837
8.775000,-0.278370,1.120115,0.205298,-2.646049,11.303354,-51.846508,0.348842,-0.348842
8.780000,-0.265426,1.065922,0.265753,-2.998798,11.253164,-47.034052,0.417330,-0.417330
8.785000,-0.311898,1.098656,0.274020,-3.270629,12.182740,-47.735152,0.485235,-0.485235
8.790000,-0.303717,1.041902,0.387228,-3.526782,12.789431,-50.942096,0.552492,-0.552492
8.795000,-0.302589,1.045047,0.382799,-3.891511,11.300633,-48.636121,0.619035,-0.619035
8.800000,-0.313600,0.990543,0.498649,-4.137691,11.943412,-47.752741,0.684801,-0.684801
8.805000,-0.287086,1.029283,0.568714,-4.194777,12.253429,-53.733861,0.749727,-0.749727
8.810000,-0.257988,1.067554,0.626176,-4.301795,14.511474,-47.400264,0.813750,-0.813750
8.815000,-0.292644,1.057023,0.630653,-5.246435,14.465586,-48.362752,0.876811,-0.876811
8.820000,-0.275716,1.024692,0.682533,-4.848470,15.127521,-55.690268,0.938848,-0.938848
8.825000,-0.252369,1.008026,0.893826,-5.413129,14.927295,-53.207730,0.999803,-0.999803
8.830000,-0.247555,0.935359,0.854792,-5.370132,15.421251,-52.439503,1.059620,-1.059620
8.835000,-0.254455,0.897834,1.049400,-6.432086,14.671100,-54.498520,1.118240,-1.118240
8.840000,-0.260496,0.843097,0.985087,-6.726826,16.572494,-51.846438,1.175611,-1.175611
8.845000,-0.259291,0.736634,1.040107,-6.830548,14.436259,-53.581039,1.231678,-1.231678
8.850000,-0.234503,0.748207,1.224294,-6.648724,15.035797,-52.574059,1.286388,-1.286388
8.855000,-0.217195,0.770983,1.355892,-6.980453,14.892788,-48.618903,1.339693,-1.339693
8.860000,-0.231309,0.676508,1.462286,-7.159120,16.803058,-56.278382,1.391541,-1.391541
8.865000,-0.244141,0.671205,1.341379,-8.012330,14.310574,-47.760537,1.441887,-1.441887
8.870000,-0.213987,0.658347,1.501806,-7.840857,14.130664,-49.784062,1.490683,-1.490683
8.875000,-0.195025,0.635948,1.473606,-8.771827,13.991741,-49.574606,1.537886,-1.537886
8.880000,-0.183571,0.514258,1.529941,-8.806134,14.010645,-42.709741,1.583453,-1.583453
8.885000,-0.200598,0.549679,1.586130,-8.801520,12.556434,-40.593780,1.627342,-1.627342
8.890000,-0.170700,0.440032,1.943528,-9.177883,13.248835,-38.946144,1.669516,-1.669516
8.895000,-0.175646,0.405518,1.798586,-9.576953,11.219748,-32.876138,1.709936,-1.709936
8.900000,-0.162810,0.399421,1.990720,-9.513869,11.375621,-26.696575,1.748568,-1.748568
8.905000,-0.165989,0.302760,1.991596,-8.653808,8.993915,-20.980070,1.785376,-1.785376
8.910000,-0.133399,0.257801,1.880310,-9.686431,6.512751,-12.121130,1.820330,-1.820330
8.915000,-0.130803,0.220183,1.980146,-8.896634,4.811156,-4.343904,1.853400,-1.853400
8.920000,-0.114394,0.173251,2.253218,-9.518986,3.214651,2.924672,1.884558,-1.884558
8.925000,-0.108500,0.128693,2.199461,-8.520659,1.633898,11.674555,1.913777,-1.913777
8.930000,-0.105328,0.096165,1.911608,-8.292516,-0.132311,19.700012,1.941034,-1.941034
8.935000,-0.094658,0.047777,2.227921,-8.767199,-1.766612,26.564379,1.966307,-1.966307
8.940000,-0.083571,0.002686,1.994019,-8.705190,-3.263431,30.327604,1.989575,-1.989575
8.945000,-0.073108,-0.043913,1.862710,-8.905107,-4.121123,37.715231,2.010822,-2.010822
8.950000,-0.068887,-0.091114,2.076547,-7.818357,-4.987386,40.533164,2.030030,-2.030030
8.955000,-0.051311,-0.130916,1.935897,-8.241988,-6.557367,44.512559,2.047186,-2.047186
8.960000,-0.048597,-0.156951,2.040799,-7.817160,-6.396124,40.854184,2.062278,-2.062278
8.965000,-0.037496,-0.190071,1.731772,-8.617389,-7.412118,47.609290,2.075297,-2.075297
8.970000,-0.027904,-0.267935,1.961030,-7.580384,-7.648068,40.393918,2.086235,-2.086235
8.975000,-0.017683,-0.298820,1.719111,-7.768022,-7.019009,46.781079,2.095085,-2.095085
8.980000,-0.006882,-0.346436,1.906733,-6.634346,-7.556099,44.296561,2.101845,-2.101845
8.985000,0.001268,-0.355929,1.735851,-7.501599,-6.978151,43.408836,2.106514,-2.106514
8.990000,0.011034,-0.406777,1.717807,-6.984426,-6.541414,40.394002,2.109091,-2.109091
8.995000,0.017064,-0.431927,1.632511,-6.055718,-5.894106,41.367263,2.109580,-2.109580
9.000000,0.027138,-0.418572,1.693040,-6.317844,-6.425523,37.696848,2.107984,-2.107984
9.005000,0.036440,-0.482008,1.770517,-6.178941,-6.472939,36.533371,2.104312,-2.104312
9.010000,0.043139,-0.535913,1.517167,-6.288615,-6.442925,38.037973,2.098572,-2.098572
9.015000,0.055585,-0.546707,1.473086,-5.920394,-5.250654,36.708061,2.090774,-2.090774
9.020000,0.056777,-0.523300,1.419769,-5.575105,-6.000520,35.891046,2.080932,-2.080932
9.025000,0.069890,-0.591020,1.395748,-5.504280,-5.079840,32.315666,2.069060,-2.069060
9.030000,0.078272,-0.610288,1.362866,-5.533313,-5.358639,34.271884,2.055175,-2.055175
9.035000,0.079852,-0.632139,1.562514,-5.381139,-4.748346,36.215692,2.039295,-2.039295
9.040000,0.090697,-0.659626,1.599703,-4.756899,-5.233829,34.618874,2.021442,-2.021442
9.045000,0.099916,-0.697787,1.547209,-4.870391,-4.995926,31.386991,2.001639,-2.001639
9.050000,0.113417,-0.751755,1.415296,-4.807832,-4.556494,35.430092,1.979908,-1.979908
9.055000,0.119991,-0.772332,1.516339,-4.827329,-4.728082,29.816521,1.956277,-1.956277
9.060000,0.124862,-0.736099,1.450221,-4.170348,-4.064877,33.743607,1.930774,-1.930774
9.065000,0.135034,-0.752044,1.404332,-3.826576,-4.393606,30.517133,1.903429,-1.903429
9.070000,0.135893,-0.831309,1.194269,-3.960579,-4.269454,31.404162,1.874273,-1.874273
9.075000,0.124560,-0.794668,1.214722,-4.115970,-4.178070,30.643125,1.843339,-1.843339
9.080000,0.148486,-0.798674,1.228797,-3.924520,-4.493429,32.667104,1.810663,-1.810663
9.085000,0.144201,-0.823094,1.235869,-3.373572,-4.318662,28.624150,1.776281,-1.776281
9.090000,0.146436,-0.910318,1.248386,-3.156545,-4.418269,28.843667,1.740231,-1.740231
9.095000,0.161537,-0.907134,1.230427,-2.905459,-4.299175,29.495973,1.702553,-1.702553
9.100000,0.182501,-0.946273,1.301593,-2.909232,-4.233367,32.870262,1.663289,-1.663289
9.105000,0.177423,-1.000590,1.092289,-3.131934,-4.581149,30.477861,1.622480,-1.622480
9.110000,0.164173,-0.954437,1.174006,-2.987461,-4.343318,33.772008,1.580172,-1.580172
9.115000,0.197970,-0.929889,1.167534,-2.623801,-4.757212,31.419685,1.536410,-1.536410
9.120000,0.174767,-1.044461,1.196773,-2.596907,-5.008078,30.153931,1.491240,-1.491240
9.125000,0.202799,-1.006650,1.134035,-2.502095,-4.222695,29.303526,1.444710,-1.444710
9.130000,0.186287,-0.964072,1.012292,-2.095681,-4.934694,30.284153,1.396871,-1.396871
9.135000,0.208752,-1.107367,0.978537,-2.149755,-5.369710,31.798083,1.347772,-1.347772
9.140000,0.217186,-1.039443,0.976103,-1.672523,-4.992582,34.984734,1.297465,-1.297465
9.145000,0.238504,-1.053531,0.986537,-1.553270,-4.800356,35.542012,1.246002,-1.246002
9.150000,0.237390,-1.031796,0.878825,-1.571163,-5.252368,29.755785,1.193439,-1.193439
9.155000,0.225108,-1.072442,0.842274,-1.293021,-5.001554,31.949055,1.139828,-1.139828
9.160000,0.217886,-1.096091,0.918828,-1.129766,-5.849579,34.548208,1.085226,-1.085226
9.165000,0.259357,-1.038007,0.931867,-1.057505,-5.749489,31.963971,1.029689,-1.029689
9.170000,0.254603,-1.126088,0.903805,-0.880388,-5.478985,31.351356,0.973274,-0.973274
9.175000,0.268380,-1.089963,0.828809,-0.597358,-6.337923,34.445424,0.916039,-0.916039
9.180000,0.259005,-1.019682,0.801835,-0.432519,-6.870948,34.423811,0.858042,-0.858042
9.185000,0.266921,-1.016431,0.793965,-0.285816,-7.009169,33.228683,0.799344,-0.799344
9.190000,0.243803,-0.997253,0.751254,-0.106896,-6.894527,37.396194,0.740003,-0.740003
9.195000,0.261203,-0.967191,0.730689,0.080246,-7.119844,35.153496,0.680079,-0.680079
9.200000,0.270970,-1.089035,0.620756,0.271936,-6.896169,37.551068,0.619634,-0.619634
9.205000,0.272474,-1.114974,0.651528,0.398199,-7.293531,33.903222,0.558728,-0.558728
9.210000,0.257730,-1.168955,0.528319,0.608206,-8.034867,39.665595,0.497422,-0.497422
9.215000,0.289427,-1.160414,0.483330,0.740137,-7.818232,40.778624,0.435779,-0.435779
9.220000,0.249221,-1.132073,0.509149,1.034989,-7.557126,40.349600,0.373859,-0.373859
9.225000,0.268334,-1.079078,0.438776,1.183678,-9.191748,42.383290,0.311724,-0.311724
9.230000,0.258862,-1.108918,0.400100,1.456578,-9.028216,42.172105,0.249437,-0.249437
9.235000,0.308042,-1.095970,0.392976,1.436329,-8.371526,42.472349,0.187060,-0.187060
9.240000,0.263703,-1.060780,0.308613,1.644845,-8.395519,43.310970,0.124653,-0.124653
9.245000,0.285099,-1.116464,0.292970,2.123559,-9.665341,36.688116,0.062280,-0.062280
9.250000,0.289096,-0.922403,0.234617,2.225583,-8.877125,39.787499,0.000000,-0.000000
9.255000,0.310422,-1.089035,0.167222,2.297684,-9.762745,41.589619,-0.062124,0.062124
9.260000,0.306755,-0.909521,0.131781,2.747870,-9.479532,44.687891,-0.124032,0.124032
9.265000,0.286109,-0.881963,0.070326,2.634042,-10.504208,38.370098,-0.185662,0.185662
9.270000,0.274032,-0.928941,0.017023,2.883756,-11.730777,46.355271,-0.246956,0.246956
9.275000,0.259825,-0.882695,-0.040325,3.029891,-10.297817,45.946146,-0.307852,0.307852
9.280000,0.306026,-0.991916,-0.092427,3.767306,-12.329515,41.608061,-0.368293,0.368293
9.285000,0.273646,-0.873903,-0.148213,3.851165,-11.531732,39.654925,-0.428219,0.428219
9.290000,0.284345,-0.826560,-0.234333,3.626279,-11.813129,44.824472,-0.487572,0.487572
9.295000,0.298032,-0.786462,-0.302399,4.401485,-13.314620,40.813724,-0.546297,0.546297
9.300000,0.279372,-0.815552,-0.350343,4.539051,-13.207041,42.227735,-0.604335,0.604335
9.305000,0.292943,-0.829656,-0.398130,4.173543,-13.287939,46.404922,-0.661632,0.661632
9.310000,0.297929,-0.846399,-0.434501,4.553343,-12.279686,47.928570,-0.718132,0.718132
9.315000,0.275459,-0.728340,-0.512268,4.529987,-14.198839,41.304707,-0.773783,0.773783
9.320000,0.271320,-0.792363,-0.602203,5.254448,-13.924709,42.484404,-0.828530,0.828530
9.325000,0.282546,-0.718319,-0.716627,5.652870,-14.368797,45.362110,-0.882323,0.882323
9.330000,0.260679,-0.746328,-0.733624,5.934873,-14.515012,45.367833,-0.935111,0.935111
9.335000,0.257784,-0.678689,-0.833003,5.686449,-12.896858,43.654196,-0.986844,0.986844
9.340000,0.280219,-0.686726,-0.804670,6.201248,-13.868519,40.835229,-1.037473,1.037473
9.345000,0.267957,-0.605230,-1.014046,6.412227,-13.117606,43.504877,-1.086952,1.086952
9.350000,0.253780,-0.544414,-1.055634,6.091261,-13.541794,36.915303,-1.135234,1.135234
9.355000,0.235659,-0.587806,-1.059287,6.930331,-12.046283,39.672110,-1.182275,1.182275
9.360000,0.242167,-0.528102,-1.204246,6.983404,-13.515210,36.815613,-1.228031,1.228031
9.365000,0.213688,-0.444729,-1.247459,7.582615,-11.266606,36.020373,-1.272461,1.272461
9.370000,0.230706,-0.413795,-1.378396,7.957247,-12.615670,33.227800,-1.315523,1.315523
9.375000,0.215871,-0.431001,-1.205059,7.228385,-9.737020,28.722661,-1.357180,1.357180
9.380000,0.232798,-0.369202,-1.296087,7.544959,-10.397194,21.760961,-1.397392,1.397392
9.385000,0.188505,-0.304247,-1.480607,7.280411,-8.941929,19.333357,-1.436125,1.436125
9.390000,0.213923,-0.265996,-1.506220,7.808954,-8.132324,14.396499,-1.473343,1.473343
9.395000,0.181413,-0.265869,-1.597218,7.211134,-6.409944,9.202642,-1.509014,1.509014
9.400000,0.187052,-0.208159,-1.481190,8.452208,-5.209609,3.496615,-1.543105,1.543105
9.405000,0.188875,-0.159028,-1.477045,8.322215,-4.395508,-1.228063,-1.575589,1.575589
9.410000,0.159084,-0.128037,-1.610455,7.413377,-3.148211,-5.785190,-1.606436,1.606436
9.415000,0.172795,-0.097167,-1.555429,8.175897,-2.001426,-10.451590,-1.635620,1.635620
9.420000,0.139058,-0.054198,-1.666361,8.331581,-0.983997,-16.707267,-1.663116,1.663116
9.425000,0.141481,-0.017123,-1.464629,7.078428,0.000097,-17.355803,-1.688902,1.688902
9.430000,0.145368,0.018101,-1.476476,7.889080,0.877722,-20.707261,-1.712956,1.712956
9.435000,0.130568,0.060514,-1.485494,7.973001,1.508717,-24.913875,-1.735260,1.735260
9.440000,0.117894,0.094344,-1.560930,7.419233,2.242234,-30.348152,-1.755794,1.755794
9.445000,0.124993,0.138194,-1.611661,6.641615,2.665067,-30.248477,-1.774544,1.774544
9.450000,0.105958,0.164023,-1.619101,6.989851,3.194844,-29.960803,-1.791495,1.791495
9.455000,0.091851,0.212486,-1.483976,6.904931,3.450485,-29.268290,-1.806635,1.806635
9.460000,0.092183,0.223618,-1.511951,7.223498,3.277998,-34.998969,-1.819954,1.819954
9.465000,0.080265,0.253848,-1.368141,6.303991,3.204139,-35.538632,-1.831443,1.831443
9.470000,0.072352,0.306545,-1.550858,6.268011,3.339884,-31.549917,-1.841096,1.841096
9.475000,0.064910,0.331777,-1.599193,5.661345,3.233914,-30.621532,-1.848906,1.848906
9.480000,0.064789,0.376514,-1.370045,6.052212,3.507860,-32.306318,-1.854872,1.854872
9.485000,0.051075,0.410820,-1.377838,5.312462,3.276573,-28.819929,-1.858992,1.858992
9.490000,0.047979,0.387373,-1.323514,5.526737,3.347585,-29.708777,-1.861266,1.861266
9.495000,0.041786,0.404580,-1.313272,5.562545,3.325445,-28.905912,-1.861698,1.861698
9.500000,0.030869,0.450746,-1.389666,5.489680,3.323160,-33.132955,-1.860290,1.860290
9.505000,0.025413,0.507991,-1.402375,5.543702,2.858247,-30.696111,-1.857049,1.857049
9.510000,0.019326,0.555389,-1.391642,4.593580,2.915057,-28.160240,-1.851983,1.851983
9.515000,0.011664,0.554038,-1.222384,5.130084,2.964644,-30.974821,-1.845102,1.845102
9.520000,0.006176,0.536632,-1.377514,4.907126,2.865432,-26.718104,-1.836416,1.836416
9.525000,-0.000798,0.555600,-1.328234,4.652995,2.997934,-26.129495,-1.825939,1.825939
9.530000,-0.006891,0.649036,-1.228077,4.133597,2.944584,-27.306166,-1.813685,1.813685
9.535000,-0.013670,0.675813,-1.403917,4.469941,2.752395,-29.645606,-1.799672,1.799672
9.540000,-0.019609,0.649524,-1.174056,4.340357,2.680272,-30.664323,-1.783917,1.783917
9.545000,-0.028694,0.717627,-1.188269,3.987264,2.574890,-28.144309,-1.766440,1.766440
9.550000,-0.029958,0.655987,-1.304505,4.291436,2.360550,-30.268355,-1.747263,1.747263
9.555000,-0.039151,0.683499,-1.139266,3.461911,2.700508,-26.477746,-1.726409,1.726409
9.560000,-0.049007,0.774631,-1.128731,3.700264,2.579447,-26.934061,-1.703903,1.703903
9.565000,-0.055752,0.827164,-1.093456,3.402291,2.774635,-29.785438,-1.679770,1.679770
9.570000,-0.060415,0.847121,-1.117380,3.677748,2.759154,-25.939596,-1.654040,1.654040
9.575000,-0.065700,0.777478,-1.239906,2.952527,2.419224,-25.390877,-1.626741,1.626741
9.580000,-0.075227,0.836138,-1.081035,2.840403,2.453346,-25.282295,-1.597905,1.597905
9.585000,-0.072592,0.890007,-1.127097,2.929879,2.600082,-25.950233,-1.567562,1.567562
9.590000,-0.087667,0.839358,-1.226576,2.705509,2.618780,-26.146767,-1.535749,1.535749
9.595000,-0.090022,0.831435,-1.149880,2.933524,2.666425,-26.357916,-1.502498,1.502498
9.600000,-0.097600,0.940536,-1.013745,2.485748,2.933363,-29.525351,-1.467847,1.467847
9.605000,-0.096361,0.853038,-1.182722,2.453719,2.945183,-28.279612,-1.431834,1.431834
9.610000,-0.096889,0.890552,-1.107274,2.212948,3.188950,-28.937921,-1.394497,1.394497
9.615000,-0.097837,0.847325,-1.067158,1.971511,3.142913,-28.409913,-1.355877,1.355877
9.620000,-0.109856,0.821391,-1.097422,2.076925,2.927786,-30.022667,-1.316014,1.316014
9.625000,-0.116961,0.971370,-0.960155,1.918230,3.585254,-31.395241,-1.274952,1.274952
9.630000,-0.135038,0.905909,-1.029401,1.754471,3.315578,-28.397339,-1.232734,1.232734
9.635000,-0.137468,0.900145,-0.916498,1.463503,3.462878,-29.611854,-1.189404,1.189404
9.640000,-0.145147,0.897367,-1.026633,1.282473,4.014189,-27.627430,-1.145008,1.145008
9.645000,-0.150366,0.970085,-0.902489,1.108098,3.666165,-27.722847,-1.099593,1.099593
9.650000,-0.137913,0.878545,-0.882013,1.058096,4.111930,-33.226841,-1.053206,1.053206
9.655000,-0.140163,0.987062,-0.907684,0.825948,4.356862,-30.356478,-1.005894,1.005894
9.660000,-0.141855,1.008895,-0.841530,0.816428,4.752847,-30.546748,-0.957708,0.957708
9.665000,-0.159422,1.021177,-0.896422,0.587204,4.939245,-34.169345,-0.908697,0.908697
9.670000,-0.176483,0.878346,-0.875356,0.404524,5.073905,-31.221910,-0.858911,0.858911
9.675000,-0.175429,0.988981,-0.783949,0.292085,5.201869,-30.356144,-0.808401,0.808401
9.680000,-0.166887,0.943676,-0.733059,0.111750,5.245033,-30.212843,-0.757220,0.757220
9.685000,-0.177976,0.997800,-0.783177,-0.065393,5.520023,-35.759941,-0.705418,0.705418
9.690000,-0.189388,1.060117,-0.702816,-0.250853,6.087277,-36.343439,-0.653050,0.653050
9.695000,-0.198207,0.914977,-0.658434,-0.422447,5.423715,-31.841777,-0.600168,0.600168
9.700000,-0.199724,1.008007,-0.702087,-0.617868,6.211511,-34.240421,-0.546825,0.546825
9.705000,-0.177754,0.928843,-0.668856,-0.781914,6.572276,-36.592189,-0.493075,0.493075
9.710000,-0.206290,1.007624,-0.663324,-0.959984,5.999517,-38.374511,-0.438973,0.438973
9.715000,-0.192360,0.955740,-0.593958,-1.016372,6.453772,-34.051206,-0.384573,0.384573
9.720000,-0.206528,0.956036,-0.575089,-1.367711,7.743094,-39.138773,-0.329929,0.329929
9.725000,-0.182439,0.879454,-0.505965,-1.363621,6.593362,-36.928607,-0.275096,0.275096
9.730000,-0.188034,0.895333,-0.539788,-1.544866,7.772121,-37.780062,-0.220128,0.220128
9.735000,-0.190043,0.936470,-0.494788,-1.659526,8.185070,-38.614620,-0.165080,0.165080
9.740000,-0.225691,0.974404,-0.397525,-1.904013,8.805837,-34.237170,-0.110006,0.110006
9.745000,-0.219528,0.850610,-0.334715,-2.246523,8.707426,-35.321393,-0.054961,0.054961
9.750000,-0.192000,0.862117,-0.347827,-2.451880,8.345985,-39.852561,-0.000000,0.000000
9.755000,-0.201840,0.882896,-0.262126,-2.756955,8.310647,-35.469438,0.054824,-0.054824
9.760000,-0.230431,0.914634,-0.228412,-2.683065,10.008383,-38.481163,0.109458,-0.109458
9.765000,-0.203155,0.892253,-0.188689,-3.059797,10.293334,-37.140234,0.163846,-0.163846
9.770000,-0.225062,0.920222,-0.135666,-3.356376,9.186981,-39.697914,0.217938,-0.217938
9.775000,-0.229282,0.742904,-0.103461,-3.161328,9.192047,-42.189769,0.271679,-0.271679
9.780000,-0.207791,0.754159,-0.045860,-3.312776,9.477783,-37.602675,0.325017,-0.325017
9.785000,-0.196157,0.715801,0.006929,-3.506738,10.409229,-39.008078,0.377902,-0.377902
9.790000,-0.212477,0.779564,0.054174,-3.867909,11.426917,-39.132733,0.430281,-0.430281
9.795000,-0.209953,0.713760,0.113667,-4.294739,10.643529,-40.276147,0.482105,-0.482105
9.800000,-0.232534,0.800194,0.156380,-4.177891,11.913893,-35.836757,0.533324,-0.533324
9.805000,-0.222523,0.762288,0.234829,-4.920819,11.285862,-35.494302,0.583888,-0.583888
9.810000,-0.195502,0.737487,0.276509,-4.466681,11.857740,-39.236298,0.633749,-0.633749
9.815000,-0.209784,0.719837,0.340299,-5.002275,10.488254,-38.758206,0.682861,-0.682861
9.820000,-0.194644,0.589966,0.356680,-4.576747,11.807138,-33.379110,0.731175,-0.731175
9.825000,-0.220869,0.661248,0.457808,-4.923010,10.714927,-37.649744,0.778648,-0.778648
9.830000,-0.204010,0.637626,0.524963,-4.965379,10.630202,-34.333980,0.825233,-0.825233
9.835000,-0.215284,0.542724,0.504767,-5.103382,10.915442,-32.034932,0.870886,-0.870886
9.840000,-0.198143,0.554660,0.581702,-5.991186,11.162723,-32.245765,0.915567,-0.915567
9.845000,-0.209432,0.537646,0.601209,-5.710111,11.396362,-31.271545,0.959232,-0.959232
9.850000,-0.182078,0.458282,0.741701,-6.493244,9.554391,-27.626395,1.001840,-1.001840
9.855000,-0.189869,0.430377,0.801346,-6.184056,10.163996,-28.246278,1.043354,-1.043354
9.860000,-0.202361,0.375106,0.812638,-6.383942,8.744957,-21.594763,1.083734,-1.083734
9.865000,-0.173038,0.362966,0.849274,-7.037040,8.789477,-22.423260,1.122943,-1.122943
9.870000,-0.188047,0.312742,0.845666,-6.766589,7.503579,-17.943746,1.160945,-1.160945
9.875000,-0.155665,0.322570,0.979591,-6.187969,7.340930,-15.046313,1.197707,-1.197707
9.880000,-0.178210,0.290332,0.884629,-6.385684,5.921533,-11.940888,1.233194,-1.233194
9.885000,-0.160440,0.222849,0.978241,-7.233457,6.137081,-8.081305,1.267376,-1.267376
9.890000,-0.158872,0.229012,1.089625,-7.027378,4.402742,-4.031494,1.300220,-1.300220
9.895000,-0.147699,0.174500,1.052007,-6.754500,4.354261,-0.143046,1.331700,-1.331700
9.900000,-0.158988,0.137106,1.049544,-6.082780,3.280285,3.472092,1.361786,-1.361786
9.905000,-0.144552,0.101471,1.141070,-7.093075,2.416939,6.596064,1.390452,-1.390452
9.910000,-0.138413,0.066828,0.982852,-7.205562,1.531441,9.078354,1.417675,-1.417675
9.915000,-0.122631,0.039077,1.011167,-7.187029,0.995129,12.666801,1.443429,-1.443429
9.920000,-0.136885,0.007203,1.164535,-6.512613,0.351332,16.167843,1.467695,-1.467695
9.925000,-0.129138,-0.025972,1.167998,-5.966301,-0.168590,15.995411,1.490451,-1.490451
9.930000,-0.118939,-0.052605,1.134303,-6.831165,-0.685998,21.131489,1.511679,-1.511679
9.935000,-0.115370,-0.082410,1.168912,-6.246500,-0.983230,20.610116,1.531361,-1.531361
9.940000,-0.108193,-0.127617,1.163408,-5.617496,-1.416064,21.203814,1.549483,-1.549483
9.945000,-0.106853,-0.140866,1.126116,-6.468499,-1.488212,24.673415,1.566029,-1.566029
9.950000,-0.092310,-0.177567,1.040302,-6.189716,-1.726869,25.363270,1.580989,-1.580989
9.955000,-0.094553,-0.220252,1.091224,-5.395992,-2.087181,24.897665,1.594350,-1.594350
9.960000,-0.076368,-0.239069,1.143707,-5.878398,-2.205111,27.030215,1.606104,-1.606104
9.965000,-0.078000,-0.291436,0.985772,-5.281773,-2.294131,26.787961,1.616243,-1.616243
9.970000,-0.073504,-0.295213,0.937976,-5.321048,-2.298316,26.739265,1.624761,-1.624761
9.975000,-0.069161,-0.288507,0.934062,-5.698851,-2.314181,25.458378,1.631654,-1.631654
9.980000,-0.063120,-0.331442,0.943460,-5.448707,-2.354484,23.471705,1.636919,-1.636919
9.985000,-0.054409,-0.380716,0.967365,-5.509147,-2.200354,23.552432,1.640555,-1.640555
9.990000,-0.054507,-0.434097,1.050857,-4.990610,-2.217472,23.735001,1.642562,-1.642562
9.995000,-0.045387,-0.383892,0.983961,-5.101769,-2.135740,23.523663,1.642942,-1.642942
10.000000,-0.037613,-0.488932,0.922861,-4.619232,-1.957106,26.582446,1.641700,-1.641700
10.005000,-0.034091,-0.479881,0.965345,-4.676831,-1.930104,24.733536,1.638840,-1.638840
10.010000,-0.031571,-0.454433,0.906227,-4.208409,-1.782317,24.704783,1.634369,-1.634369
10.015000,-0.027758,-0.550126,0.948013,-3.902019,-1.676346,22.747040,1.628296,-1.628296
10.020000,-0.024258,-0.497522,0.885695,-3.958035,-1.870930,24.693561,1.620631,-1.620631
10.025000,-0.016514,-0.504369,0.849470,-4.430875,-1.689858,22.076999,1.611385,-1.611385
10.030000,-0.012152,-0.527199,0.946998,-3.976732,-1.852090,22.670548,1.600572,-1.600572
10.035000,-0.009612,-0.572622,0.955196,-3.579256,-1.734648,25.911466,1.588205,-1.588205
10.040000,-0.004699,-0.552827,0.848401,-3.634135,-1.730231,22.080342,1.574301,-1.574301
10.045000,0.000086,-0.571985,0.901030,-3.363820,-1.825774,24.976752,1.558878,-1.558878
10.050000,0.004766,-0.602820,0.952396,-3.715026,-1.526512,24.672190,1.541954,-1.541954
10.055000,0.008231,-0.634541,0.894897,-3.457142,-1.688493,23.171433,1.523550,-1.523550
10.060000,0.012697,-0.614087,0.912036,-3.350211,-1.800416,26.431758,1.503689,-1.503689
10.065000,0.017342,-0.692375,0.771162,-3.026936,-1.702851,22.964533,1.482392,-1.482392
10.070000,0.022472,-0.662007,0.929502,-2.731176,-1.650003,23.472462,1.459685,-1.459685
10.075000,0.027626,-0.713318,0.825796,-3.078403,-1.857280,22.708262,1.435594,-1.435594
10.080000,0.029545,-0.752206,0.811764,-2.860753,-1.663174,23.373536,1.410146,-1.410146
10.085000,0.032456,-0.820606,0.769359,-2.412446,-1.627951,22.948758,1.383369,-1.383369
10.090000,0.040092,-0.728604,0.887309,-2.317777,-1.888453,26.971271,1.355293,-1.355293
10.095000,0.042122,-0.716513,0.769552,-2.260254,-1.944812,25.083197,1.325950,-1.325950
10.100000,0.045995,-0.800834,0.779014,-1.984563,-2.069551,26.179573,1.295371,-1.295371
10.105000,0.049024,-0.813310,0.750354,-2.057307,-2.145061,25.445642,1.263589,-1.263589
10.110000,0.058261,-0.741456,0.694630,-1.775306,-2.184811,26.964991,1.230639,-1.230639
10.115000,0.062877,-0.851054,0.766636,-1.889695,-2.319520,27.426618,1.196557,-1.196557
10.120000,0.060684,-0.898032,0.751151,-1.537822,-2.171701,24.991920,1.161379,-1.161379
10.125000,0.069420,-0.816437,0.675880,-1.516042,-2.297939,28.464523,1.125141,-1.125141
10.130000,0.067901,-0.782736,0.736091,-1.459338,-2.420893,25.125306,1.087884,-1.087884
10.135000,0.073629,-0.831107,0.774778,-1.169798,-2.356940,27.667114,1.049646,-1.049646
10.140000,0.072008,-0.886499,0.742914,-1.102725,-2.893222,25.110650,1.010466,-1.010466
10.145000,0.076691,-0.830068,0.629110,-1.003696,-3.050723,28.251950,0.970388,-0.970388
10.150000,0.076492,-0.842197,0.648234,-0.940903,-3.108444,27.905388,0.929451,-0.929451
10.155000,0.078734,-0.948953,0.670515,-0.663240,-3.044272,28.698602,0.887699,-0.887699
10.160000,0.092623,-0.859140,0.667575,-0.564732,-3.090316,31.085090,0.845175,-0.845175
10.165000,0.090113,-0.891565,0.565949,-0.450337,-3.619956,30.174000,0.801922,-0.801922
10.170000,0.091375,-0.836219,0.649927,-0.279823,-3.558748,27.950030,0.757986,-0.757986
10.175000,0.096188,-0.964268,0.550276,-0.143187,-3.419265,26.945753,0.713412,-0.713412
10.180000,0.107238,-0.879844,0.572792,0.016690,-3.887792,28.236218,0.668244,-0.668244
10.185000,0.095766,-0.824991,0.554483,0.175414,-4.460725,31.291916,0.622529,-0.622529
10.190000,0.111704,-0.811766,0.512903,0.333251,-3.899717,29.603428,0.576315,-0.576315
10.195000,0.113758,-0.822989,0.493067,0.513591,-4.219946,31.857019,0.529646,-0.529646
10.200000,0.121466,-0.920491,0.500769,0.674503,-4.952838,32.983112,0.482571,-0.482571
10.205000,0.113917,-0.842730,0.423777,0.758339,-5.277281,32.478769,0.435138,-0.435138
10.210000,0.120727,-0.793576,0.415936,0.954668,-5.119158,34.350265,0.387393,-0.387393
10.215000,0.123981,-0.840846,0.389040,1.133964,-4.733664,33.755694,0.339385,-0.339385
10.220000,0.125927,-0.870970,0.350041,1.185957,-5.699109,34.572560,0.291161,-0.291161
10.225000,0.127933,-0.918733,0.351646,1.446022,-5.177910,31.936531,0.242771,-0.242771
10.230000,0.128771,-0.849732,0.351064,1.742915,-5.872451,32.841420,0.194262,-0.194262
10.235000,0.129307,-0.880837,0.309807,1.802283,-5.698882,36.310812,0.145682,-0.145682
10.240000,0.124260,-0.793644,0.248427,1.960394,-6.250790,33.978232,0.097080,-0.097080
10.245000,0.117362,-0.881971,0.216592,2.048092,-6.699759,32.901655,0.048503,-0.048503
10.250000,0.133699,-0.874706,0.208405,2.061473,-7.036077,32.760742,0.000000,-0.000000
10.255000,0.132085,-0.829665,0.166114,2.261380,-7.066480,34.140873,-0.048382,0.048382
10.260000,0.139397,-0.831662,0.139131,2.758434,-7.611305,33.371100,-0.096596,0.096596
10.265000,0.124626,-0.834497,0.092524,2.798703,-7.871246,35.929660,-0.144594,0.144594
10.270000,0.121240,-0.818136,0.059085,2.764073,-7.516908,31.753563,-0.192329,0.192329
10.275000,0.139923,-0.716281,0.021287,3.183288,-7.562324,31.022579,-0.239755,0.239755
10.280000,0.133039,-0.674219,-0.015503,3.143534,-7.016566,36.510537,-0.286827,0.286827
10.285000,0.139110,-0.751217,-0.059130,3.788327,-8.239487,35.376913,-0.333497,0.333497
10.290000,0.134836,-0.716001,-0.103578,3.399937,-8.139553,34.034302,-0.379722,0.379722
10.295000,0.135032,-0.639542,-0.138274,3.776069,-8.182766,31.708951,-0.425456,0.425456
10.300000,0.126481,-0.672397,-0.163497,3.850969,-7.624740,34.499920,-0.470657,0.470657
10.305000,0.139747,-0.646419,-0.230912,4.016491,-8.104854,31.393305,-0.515279,0.515279
10.310000,0.140059,-0.621225,-0.239700,4.414651,-7.982208,31.682891,-0.559282,0.559282
10.315000,0.138871,-0.630750,-0.321963,4.851133,-8.848137,32.044177,-0.602623,0.602623
10.320000,0.136260,-0.531091,-0.339650,4.674019,-8.751456,31.790595,-0.645260,0.645260
10.325000,0.134495,-0.570743,-0.367670,5.130193,-8.632883,27.597517,-0.687154,0.687154
10.330000,0.121456,-0.499517,-0.384273,4.548737,-8.571529,27.726792,-0.728265,0.728265
10.335000,0.121636,-0.477117,-0.469619,5.392243,-8.121717,27.398201,-0.768555,0.768555
10.340000,0.118719,-0.487438,-0.529597,5.439398,-7.541929,27.464898,-0.807985,0.807985
10.345000,0.103327,-0.409909,-0.496465,5.502562,-6.624495,24.639027,-0.846519,0.846519
10.350000,0.122009,-0.420942,-0.560350,4.872871,-6.951948,19.479705,-0.884121,0.884121
10.355000,0.103912,-0.387226,-0.639033,5.071391,-7.157278,20.320817,-0.920756,0.920756
10.360000,0.099499,-0.386329,-0.651920,6.034002,-6.244953,18.743021,-0.956391,0.956391
10.365000,0.111719,-0.317838,-0.667555,5.266818,-5.626568,13.291438,-0.990993,0.990993
10.370000,0.103348,-0.314900,-0.710616,5.551744,-5.067521,11.586811,-1.024530,1.024530
10.375000,0.096453,-0.252138,-0.742695,6.033938,-4.827441,10.445360,-1.056972,1.056972
10.380000,0.094166,-0.227434,-0.765973,5.521220,-3.996046,7.081335,-1.088290,1.088290
10.385000,0.091533,-0.212945,-0.691937,6.347760,-3.149384,3.938064,-1.118455,1.118455
10.390000,0.086882,-0.191188,-0.816863,5.674734,-3.034261,1.400851,-1.147441,1.147441
10.395000,0.082410,-0.155078,-0.754390,5.477596,-2.122077,-1.098087,-1.175221,1.175221
10.400000,0.079050,-0.117496,-0.769238,5.667548,-1.629692,-4.013273,-1.201772,1.201772
10.405000,0.075618,-0.097238,-0.840793,5.294334,-1.260776,-5.552811,-1.227070,1.227070
10.410000,0.069499,-0.062073,-0.790082,5.646454,-0.703738,-7.996763,-1.251093,1.251093
10.415000,0.065145,-0.034094,-0.818964,5.703325,-0.187049,-9.593346,-1.273822,1.273822
10.420000,0.059492,-0.007655,-0.786746,5.768396,0.248128,-11.541852,-1.295236,1.295236
10.425000,0.054923,0.020544,-0.846690,5.999872,0.587533,-12.985146,-1.315318,1.315318
10.430000,0.053763,0.050866,-0.777194,5.945205,0.959543,-15.850102,-1.334052,1.334052
10.435000,0.052004,0.082888,-0.730241,5.146388,1.123108,-18.124911,-1.351422,1.351422
10.440000,0.047380,0.105286,-0.821088,5.686025,1.405823,-18.535373,-1.367414,1.367414
10.445000,0.043465,0.127209,-0.746579,5.467286,1.736443,-20.438899,-1.382016,1.382016
10.450000,0.037437,0.145993,-0.744196,5.056203,1.762347,-20.816226,-1.395218,1.395218
10.455000,0.034827,0.192179,-0.822156,4.876622,1.861994,-19.585426,-1.407009,1.407009
10.460000,0.026814,0.216627,-0.804407,4.520066,2.000007,-18.603746,-1.417382,1.417382
10.465000,0.027309,0.227206,-0.798795,5.066756,2.368720,-22.910829,-1.426329,1.426329
10.470000,0.022890,0.266288,-0.739626,4.703386,2.377904,-19.391975,-1.433847,1.433847
10.475000,0.018467,0.260787,-0.723986,4.473707,2.333684,-19.259163,-1.439930,1.439930
10.480000,0.013052,0.294209,-0.686355,4.836575,2.275253,-23.510732,-1.444576,1.444576
10.485000,0.010528,0.300206,-0.651756,4.649085,2.385183,-22.785089,-1.447784,1.447784
10.490000,0.006805,0.367381,-0.668311,4.644122,2.019721,-21.076445,-1.449556,1.449556
10.495000,0.003447,0.362303,-0.629652,4.086841,2.200711,-20.094673,-1.449891,1.449891
10.500000,0.000236,0.369704,-0.727043,3.830416,2.304982,-23.220474,-1.448795,1.448795
10.505000,-0.003012,0.381841,-0.672757,3.879092,2.133742,-22.336152,-1.446271,1.446271
10.510000,-0.006772,0.419630,-0.682327,3.717495,2.365839,-20.296822,-1.442326,1.442326
10.515000,-0.009561,0.425792,-0.588650,3.815406,2.214571,-23.045720,-1.436967,1.436967
10.520000,-0.011892,0.431216,-0.632391,3.738214,2.120137,-20.878682,-1.430202,1.430202
10.525000,-0.017162,0.439283,-0.615269,3.605778,2.223607,-20.007381,-1.422042,1.422042
10.530000,-0.018527,0.536827,-0.648203,3.788079,1.872506,-22.330215,-1.412499,1.412499
10.535000,-0.020319,0.532887,-0.541166,3.529174,2.221015,-20.155644,-1.401586,1.401586
10.540000,-0.022583,0.558801,-0.582754,2.977782,1.864790,-19.922754,-1.389316,1.389316
10.545000,-0.028582,0.497924,-0.607705,2.921937,1.884815,-21.765521,-1.375705,1.375705
10.550000,-0.028969,0.518335,-0.577543,2.936889,2.003380,-20.325579,-1.360770,1.360770
10.555000,-0.033603,0.596495,-0.552840,2.926885,2.203271,-22.251368,-1.344529,1.344529
10.560000,-0.032976,0.632558,-0.494271,2.985613,2.215599,-22.090131,-1.327001,1.327001
10.565000,-0.036726,0.584319,-0.569445,2.969841,2.212057,-24.062744,-1.308206,1.308206
10.570000,-0.037771,0.578108,-0.548541,2.554565,1.834019,-23.215070,-1.288168,1.288168
10.575000,-0.040476,0.632047,-0.562914,2.697121,1.870920,-22.557729,-1.266907,1.266907
10.580000,-0.048759,0.626632,-0.520581,2.567318,1.996339,-23.237647,-1.244449,1.244449
10.585000,-0.053757,0.680559,-0.468884,2.361671,2.083474,-23.014737,-1.220819,1.220819
10.590000,-0.046577,0.672215,-0.486907,2.325833,1.954853,-24.954457,-1.196042,1.196042
10.595000,-0.057822,0.684864,-0.507832,1.849837,2.014820,-23.067142,-1.170147,1.170147
10.600000,-0.052330,0.750206,-0.418698,1.896471,2.267535,-21.457550,-1.143161,1.143161
10.605000,-0.058567,0.692642,-0.457963,1.685901,2.034924,-24.518427,-1.115113,1.115113
10.610000,-0.059090,0.722845,-0.425973,1.654109,2.339783,-25.983469,-1.086035,1.086035
10.615000,-0.060133,0.787452,-0.388545,1.519422,2.348051,-24.654241,-1.055958,1.055958
10.620000,-0.062265,0.679517,-0.388265,1.357916,2.544950,-25.397236,-1.024913,1.024913
10.625000,-0.072270,0.764696,-0.416271,1.424609,2.240095,-26.292524,-0.992934,0.992934
10.630000,-0.065436,0.798536,-0.390925,1.213585,2.363153,-22.992905,-0.960054,0.960054
10.635000,-0.066708,0.736887,-0.381886,1.139789,2.379215,-22.473189,-0.926309,0.926309
10.640000,-0.077421,0.807753,-0.355989,0.984848,2.448835,-23.004781,-0.891733,0.891733
10.645000,-0.074975,0.684592,-0.360664,0.850165,3.001246,-26.217143,-0.856364,0.856364
10.650000,-0.078411,0.824338,-0.346542,0.722062,2.844932,-25.121073,-0.820238,0.820238
10.655000,-0.072201,0.714261,-0.324287,0.615716,3.045137,-23.743241,-0.783391,0.783391
10.660000,-0.072493,0.701192,-0.298282,0.425618,2.841854,-27.316546,-0.745864,0.745864
10.665000,-0.076517,0.831991,-0.293651,0.342067,3.242923,-26.201651,-0.707694,0.707694
10.670000,-0.078287,0.717579,-0.253878,0.174138,3.500607,-27.932441,-0.668920,0.668920
10.675000,-0.077189,0.766177,-0.258127,0.048706,3.073749,-28.389136,-0.629584,0.629584
10.680000,-0.079635,0.795189,-0.257867,-0.083943,3.666391,-29.544653,-0.589723,0.589723
10.685000,-0.077891,0.834774,-0.234800,-0.228893,3.490291,-28.332742,-0.549380,0.549380
10.690000,-0.095727,0.826835,-0.210556,-0.378167,3.911068,-25.407628,-0.508596,0.508596
10.695000,-0.089897,0.727323,-0.170349,-0.501522,3.464738,-29.178047,-0.467411,0.467411
10.700000,-0.089730,0.710505,-0.181567,-0.592492,3.965851,-25.730900,-0.425868,0.425868
10.705000,-0.097202,0.684447,-0.163635,-0.812780,3.929762,-30.318667,-0.384008,0.384008
10.710000,-0.093532,0.736738,-0.136913,-0.925996,4.614018,-30.232368,-0.341873,0.341873
10.715000,-0.082586,0.792485,-0.100948,-1.114976,4.541913,-28.387580,-0.299506,0.299506
10.720000,-0.093106,0.767628,-0.081425,-1.249046,4.915001,-28.052504,-0.256949,0.256949
10.725000,-0.087355,0.716922,-0.063394,-1.274551,4.970872,-29.438080,-0.214245,0.214245
10.730000,-0.089934,0.741632,-0.040811,-1.621539,4.441561,-29.106874,-0.171436,0.171436
10.735000,-0.088986,0.753775,-0.014018,-1.541382,4.398028,-26.996447,-0.128564,0.128564
10.740000,-0.083529,0.721363,0.010111,-1.654344,5.149602,-29.198068,-0.085673,0.085673
10.745000,-0.084606,0.738076,0.035057,-1.837132,5.206475,-27.683502,-0.042804,0.042804
10.750000,-0.096756,0.759669,0.060486,-2.026875,5.701894,-30.742342,-0.000000,0.000000
10.755000,-0.090268,0.708312,0.084357,-2.116409,5.409946,-27.149211,0.042697,-0.042697
10.760000,-0.082915,0.723222,0.106790,-2.259302,4.978035,-29.439210,0.085246,-0.085246
10.765000,-0.092940,0.597052,0.145942,-2.524338,5.257912,-27.855068,0.127604,-0.127604
10.770000,-0.090765,0.653259,0.167035,-2.575993,5.420702,-27.708565,0.169730,-0.169730
10.775000,-0.092062,0.634901,0.197258,-2.574989,5.752332,-29.972172,0.211583,-0.211583
10.780000,-0.089019,0.633591,0.240043,-3.055633,6.211671,-30.441201,0.253124,-0.253124
10.785000,-0.090056,0.622313,0.237217,-3.205607,6.243909,-29.341643,0.294310,-0.294310
10.790000,-0.089330,0.558087,0.280048,-3.118850,6.097046,-26.355646,0.335103,-0.335103
10.795000,-0.079230,0.545051,0.325884,-3.693862,6.199827,-28.594232,0.375464,-0.375464
10.800000,-0.082102,0.578612,0.341089,-3.243066,6.489349,-28.716252,0.415353,-0.415353
10.805000,-0.081930,0.547480,0.358355,-3.502716,6.320448,-27.822921,0.454732,-0.454732
10.810000,-0.072861,0.499225,0.393672,-3.661988,5.493014,-25.483238,0.493565,-0.493565
10.815000,-0.077672,0.448196,0.429076,-4.030250,5.741043,-23.490938,0.531813,-0.531813
10.820000,-0.071268,0.438183,0.464330,-4.077378,5.133181,-22.213197,0.569440,-0.569440
10.825000,-0.068562,0.422808,0.524694,-3.938483,5.171055,-21.146977,0.606411,-0.606411
10.830000,-0.064368,0.434964,0.530504,-4.353396,5.737402,-21.085133,0.642692,-0.642692
10.835000,-0.062011,0.445302,0.526925,-4.244433,5.591521,-19.289551,0.678247,-0.678247
10.840000,-0.061810,0.364622,0.604037,-4.743999,5.398219,-20.301801,0.713044,-0.713044
10.845000,-0.058721,0.362385,0.554551,-4.629923,4.684747,-16.061879,0.747050,-0.747050
10.850000,-0.053101,0.360497,0.641711,-5.012624,4.414246,-16.320784,0.780234,-0.780234
10.855000,-0.050526,0.302669,0.634102,-4.949955,4.321865,-15.232758,0.812565,-0.812565
10.860000,-0.055171,0.314306,0.659437,-4.418544,4.054605,-11.935096,0.844013,-0.844013
10.865000,-0.045213,0.262285,0.679600,-5.243534,3.618702,-10.739392,0.874549,-0.874549
10.870000,-0.042015,0.250015,0.741416,-4.393618,2.748769,-8.428667,0.904145,-0.904145
10.875000,-0.041887,0.248037,0.759613,-5.325143,2.434292,-6.920585,0.932775,-0.932775
10.880000,-0.034287,0.205414,0.704278,-5.039727,2.458103,-5.098367,0.960413,-0.960413
10.885000,-0.031530,0.196112,0.717738,-4.497176,1.901378,-2.841045,0.987033,-0.987033
10.890000,-0.028170,0.147799,0.711974,-4.852693,1.559605,-0.873495,1.012613,-1.012613
10.895000,-0.024815,0.137578,0.728775,-4.579219,1.139424,1.038675,1.037129,-1.037129
10.900000,-0.020860,0.108670,0.782779,-5.059356,0.649444,2.661029,1.060560,-1.060560
10.905000,-0.018015,0.085497,0.709021,-4.690188,0.303209,4.523223,1.082885,-1.082885
10.910000,-0.016007,0.058686,0.712323,-4.509639,-0.038091,6.162572,1.104086,-1.104086
10.915000,-0.011458,0.032406,0.724609,-5.340590,-0.344576,7.536496,1.124144,-1.124144
10.920000,-0.008554,0.007758,0.803954,-5.177344,-0.674664,8.867690,1.143042,-1.143042
10.925000,-0.004530,-0.015020,0.763544,-4.798572,-0.909379,11.048199,1.160764,-1.160764
10.930000,-0.000486,-0.038114,0.766816,-4.931302,-1.310738,10.572341,1.177297,-1.177297
10.935000,0.003109,-0.062613,0.766381,-4.394242,-1.321325,12.475501,1.192625,-1.192625
10.940000,0.007010,-0.079253,0.707504,-4.237089,-1.502556,14.194112,1.206738,-1.206738
10.945000,0.010047,-0.114129,0.644764,-4.674672,-1.661602,13.519522,1.219625,-1.219625
10.950000,0.014617,-0.122492,0.764275,-4.404793,-1.776109,16.062281,1.231275,-1.231275
10.955000,0.015926,-0.167602,0.738081,-4.265656,-1.961024,16.101335,1.241681,-1.241681
10.960000,0.020418,-0.168835,0.728514,-4.080800,-2.346549,17.347009,1.250835,-1.250835
10.965000,0.024595,-0.210904,0.676423,-3.995188,-2.168864,17.355925,1.258731,-1.258731
10.970000,0.028247,-0.223832,0.697748,-4.478784,-2.434316,17.981496,1.265365,-1.265365
10.975000,0.028686,-0.246038,0.624402,-4.111038,-2.216830,18.177514,1.270733,-1.270733
10.980000,0.032891,-0.245597,0.640186,-4.269267,-2.501572,18.162007,1.274834,-1.274834
10.985000,0.040431,-0.278962,0.676982,-3.827611,-2.580967,17.709602,1.277665,-1.277665
10.990000,0.043843,-0.281183,0.590771,-3.414394,-2.608694,19.245063,1.279228,-1.279228
10.995000,0.042549,-0.313746,0.557346,-3.480357,-2.311812,17.191787,1.279525,-1.279525
11.000000,0.049450,-0.311769,0.535964,-3.517805,-2.691110,19.992344,1.278557,-1.278557
11.005000,0.045257,-0.330173,0.519493,-3.403326,-2.453862,17.000608,1.276330,-1.276330
11.010000,0.047771,-0.395804,0.610595,-3.167884,-2.657119,17.376525,1.272848,-1.272848
11.015000,0.051359,-0.388500,0.577862,-3.134029,-2.397266,20.514107,1.268119,-1.268119
11.020000,0.055759,-0.400462,0.574977,-3.519214,-2.677306,19.857973,1.262149,-1.262149
11.025000,0.059970,-0.448474,0.505869,-3.136004,-2.744966,18.080113,1.254948,-1.254948
11.030000,0.059030,-0.472885,0.486325,-3.203068,-2.478099,17.793554,1.246526,-1.246526
11.035000,0.061801,-0.454686,0.463061,-2.970439,-2.719675,19.895697,1.236895,-1.236895
11.040000,0.068132,-0.498726,0.482331,-2.656505,-2.738682,20.482156,1.226067,-1.226067
11.045000,0.064729,-0.460362,0.449977,-2.537209,-2.569748,18.342877,1.214055,-1.214055
11.050000,0.076294,-0.500822,0.467905,-2.420423,-2.909528,20.870209,1.200875,-1.200875
11.055000,0.075999,-0.473407,0.400729,-2.558279,-2.826239,19.521938,1.186542,-1.186542
11.060000,0.072832,-0.471361,0.410158,-2.399664,-2.686646,21.307315,1.171074,-1.171074
11.065000,0.081200,-0.502753,0.447137,-2.142287,-2.583155,19.027128,1.154488,-1.154488
11.070000,0.080448,-0.486420,0.435370,-2.236975,-2.769307,18.952580,1.136804,-1.136804
11.075000,0.077213,-0.519551,0.362263,-2.189681,-2.816621,20.432829,1.118042,-1.118042
11.080000,0.081420,-0.563261,0.385335,-2.157884,-2.666612,21.474208,1.098223,-1.098223
11.085000,0.078161,-0.513510,0.391312,-1.760236,-2.740899,19.025012,1.077369,-1.077369
11.090000,0.080739,-0.539937,0.324235,-1.960049,-2.784039,20.210533,1.055504,-1.055504
11.095000,0.081720,-0.578669,0.306826,-1.873209,-3.047434,20.913759,1.032651,-1.032651
11.100000,0.088908,-0.654177,0.333171,-1.537918,-2.630985,21.630296,1.008836,-1.008836
11.105000,0.094093,-0.660761,0.284490,-1.605737,-2.776040,20.346139,0.984084,-0.984084
11.110000,0.100864,-0.614920,0.303632,-1.298886,-3.245142,20.800689,0.958423,-0.958423
11.115000,0.101171,-0.592954,0.284917,-1.336772,-3.065227,21.415608,0.931880,-0.931880
11.120000,0.103996,-0.568911,0.262798,-1.217721,-3.193991,23.803782,0.904483,-0.904483
11.125000,0.094992,-0.571262,0.239229,-0.990792,-2.882308,21.689245,0.876261,-0.876261
11.130000,0.109420,-0.613150,0.239739,-0.908837,-3.432168,23.697151,0.847245,-0.847245
11.135000,0.107150,-0.627270,0.196766,-0.924927,-3.439270,22.365271,0.817465,-0.817465
11.140000,0.107917,-0.688983,0.204548,-0.687950,-2.960260,23.712155,0.786952,-0.786952
11.145000,0.110039,-0.646681,0.173591,-0.622191,-3.169135,24.888055,0.755739,-0.755739
11.150000,0.107975,-0.684246,0.163419,-0.518746,-3.516124,22.749269,0.723857,-0.723857
11.155000,0.114518,-0.696224,0.145711,-0.408815,-3.127658,23.327851,0.691341,-0.691341
11.160000,0.099010,-0.625137,0.134527,-0.262821,-3.513002,23.496595,0.658223,-0.658223
11.165000,0.097134,-0.642724,0.101412,-0.160823,-3.311911,23.882315,0.624538,-0.624538
11.170000,0.095846,-0.713448,0.100535,-0.056816,-3.722187,22.682984,0.590320,-0.590320
11.175000,0.112633,-0.615384,0.069508,0.064661,-3.989478,22.201143,0.555606,-0.555606
11.180000,0.117091,-0.636235,0.057867,0.195925,-3.966165,24.054421,0.520429,-0.520429
11.185000,0.109608,-0.649593,0.037853,0.302390,-4.238165,22.332160,0.484826,-0.484826
11.190000,0.108182,-0.665221,0.015995,0.453577,-4.290858,25.405198,0.448834,-0.448834
11.195000,0.114220,-0.592521,-0.003545,0.561924,-4.184722,25.258183,0.412489,-0.412489
11.200000,0.097057,-0.620543,-0.025422,0.673736,-3.942924,22.699098,0.375827,-0.375827
11.205000,0.114899,-0.586547,-0.040408,0.729620,-3.868005,24.011742,0.338885,-0.338885
11.210000,0.110440,-0.646585,-0.064572,0.931437,-4.147856,25.466543,0.301702,-0.301702
11.215000,0.102690,-0.617133,-0.080441,1.083843,-4.147306,25.600834,0.264313,-0.264313
11.220000,0.115119,-0.636015,-0.117310,1.134639,-4.708139,27.251469,0.226757,-0.226757
11.225000,0.109521,-0.631943,-0.125099,1.351502,-4.839572,26.450996,0.189070,-0.189070
11.230000,0.097320,-0.670057,-0.157609,1.507655,-4.972587,23.042550,0.151291,-0.151291
11.235000,0.112569,-0.661362,-0.170415,1.512094,-4.400003,22.755158,0.113458,-0.113458
11.240000,0.095607,-0.572196,-0.200500,1.724375,-4.344644,25.724886,0.075606,-0.075606
11.245000,0.107835,-0.555087,-0.237362,1.846750,-4.455720,23.759090,0.037774,-0.037774
11.250000,0.105779,-0.612342,-0.252405,1.951880,-5.072239,24.650022,0.000000,-0.000000
11.255000,0.090872,-0.596393,-0.275015,1.968253,-4.855394,24.155277,-0.037680,0.037680
11.260000,0.101390,-0.516964,-0.312404,2.130351,-4.435929,22.322096,-0.075229,0.075229
11.265000,0.097735,-0.524413,-0.337745,2.240269,-4.741172,22.418919,-0.112610,0.112610
11.270000,0.089834,-0.489852,-0.314341,2.373662,-4.429306,25.356077,-0.149786,0.149786
11.275000,0.090810,-0.561607,-0.384783,2.346970,-4.998639,23.667947,-0.186722,0.186722
11.280000,0.087908,-0.534467,-0.367674,2.877065,-4.801807,21.659139,-0.223381,0.223381
11.285000,0.093863,-0.511140,-0.430365,3.006130,-5.062103,22.709017,-0.259728,0.259728
11.290000,0.083534,-0.530487,-0.456955,2.721634,-4.557769,21.478541,-0.295728,0.295728
11.295000,0.081557,-0.491791,-0.427908,2.860436,-4.848424,20.799308,-0.331346,0.331346
11.300000,0.084844,-0.483095,-0.512350,3.179946,-4.927670,20.870867,-0.366548,0.366548
11.305000,0.081870,-0.406333,-0.503393,3.340943,-4.694198,18.997345,-0.401300,0.401300
11.310000,0.077329,-0.415008,-0.543671,3.409443,-4.331111,18.569417,-0.435569,0.435569
11.315000,0.072896,-0.398103,-0.535694,3.082778,-4.318571,19.584445,-0.469323,0.469323
11.320000,0.069794,-0.384689,-0.556544,3.761942,-4.692276,16.172910,-0.502529,0.502529
11.325000,0.072015,-0.348286,-0.584618,3.362821,-4.238315,17.117626,-0.535156,0.535156
11.330000,0.071165,-0.342855,-0.625694,3.516916,-4.235286,17.068351,-0.567173,0.567173
11.335000,0.064445,-0.368119,-0.585495,3.607350,-3.957790,14.596940,-0.598551,0.598551
11.340000,0.064083,-0.309443,-0.641847,3.827476,-3.888557,14.525844,-0.629259,0.629259
11.345000,0.057410,-0.304347,-0.668450,3.814470,-3.077081,11.296427,-0.659270,0.659270
11.350000,0.047412,-0.281106,-0.632307,4.193811,-2.870050,11.053665,-0.688554,0.688554
11.355000,0.047700,-0.285032,-0.655083,3.826370,-2.681641,9.239664,-0.717086,0.717086
11.360000,0.043712,-0.231751,-0.767678,4.278176,-2.496081,8.063027,-0.744838,0.744838
11.365000,0.045194,-0.209474,-0.801630,3.935114,-2.244949,7.328669,-0.771786,0.771786
11.370000,0.036654,-0.191952,-0.708918,4.490703,-2.101458,5.700175,-0.797905,0.797905
11.375000,0.035033,-0.195690,-0.716791,3.978054,-1.656382,4.117433,-0.823171,0.823171
11.380000,0.030087,-0.153828,-0.730828,4.333224,-1.437920,2.717307,-0.847561,0.847561
11.385000,0.026521,-0.139504,-0.723067,4.264204,-1.168898,1.478828,-0.871054,0.871054
11.390000,0.023766,-0.111112,-0.728515,3.945423,-1.023592,0.213311,-0.893628,0.893628
11.395000,0.019772,-0.095292,-0.824406,4.392145,-0.660839,-1.158582,-0.915263,0.915263
11.400000,0.015387,-0.071062,-0.745836,4.299394,-0.377683,-2.576447,-0.935941,0.935941
11.405000,0.011045,-0.055546,-0.809374,4.347838,-0.126203,-3.592089,-0.955643,0.955643
11.410000,0.007178,-0.035365,-0.839325,3.776169,0.116258,-4.929172,-0.974353,0.974353
11.415000,0.003394,-0.012289,-0.753102,3.728695,0.327325,-5.307885,-0.992054,0.992054
11.420000,-0.000537,0.006521,-0.847605,4.178941,0.519519,-7.087376,-1.008731,1.008731
11.425000,-0.004471,0.025696,-0.852835,4.285099,0.730811,-7.472054,-1.024371,1.024371
11.430000,-0.008974,0.050636,-0.697990,3.892726,0.966058,-8.176848,-1.038961,1.038961
11.435000,-0.013021,0.061116,-0.824832,4.165238,1.228742,-9.444180,-1.052488,1.052488
11.440000,-0.014545,0.083019,-0.697333,3.971258,1.259627,-10.774301,-1.064943,1.064943
11.445000,-0.019756,0.104156,-0.798959,3.456377,1.586807,-10.146019,-1.076315,1.076315
11.450000,-0.021506,0.127588,-0.797846,3.425615,1.523131,-11.459405,-1.086597,1.086597
11.455000,-0.025200,0.155705,-0.809624,3.556977,1.569315,-11.440023,-1.095780,1.095780
11.460000,-0.030097,0.170804,-0.735963,3.725933,1.723853,-11.658247,-1.103858,1.103858
11.465000,-0.031951,0.161973,-0.769537,3.335112,1.758938,-13.590038,-1.110826,1.110826
11.470000,-0.037883,0.215709,-0.711892,3.689169,1.951067,-14.387110,-1.116681,1.116681
11.475000,-0.039377,0.225542,-0.655704,3.436492,1.993528,-13.487302,-1.121418,1.121418
11.480000,-0.048280,0.214304,-0.636985,3.704750,2.255533,-13.031710,-1.125037,1.125037
11.485000,-0.045344,0.254892,-0.695734,3.138628,2.237164,-13.808369,-1.127536,1.127536
11.490000,-0.050597,0.246718,-0.632108,2.946489,2.417168,-13.994368,-1.128915,1.128915
11.495000,-0.052018,0.308136,-0.650646,2.882941,2.460429,-14.641986,-1.129177,1.129177
11.500000,-0.060443,0.271546,-0.672517,3.091241,2.401772,-14.132053,-1.128323,1.128323
11.505000,-0.066985,0.340057,-0.661580,2.786130,2.571938,-16.830845,-1.126357,1.126357
11.510000,-0.061061,0.341406,-0.609109,2.963223,2.398204,-16.276260,-1.123285,1.123285
11.515000,-0.062975,0.329076,-0.633455,2.632089,2.637246,-15.584058,-1.119111,1.119111
11.520000,-0.070526,0.354059,-0.628554,2.897014,2.453723,-17.042835,-1.113842,1.113842
11.525000,-0.075389,0.395437,-0.611426,2.512737,2.653883,-17.672949,-1.107488,1.107488
11.530000,-0.071566,0.405877,-0.571492,2.681930,2.761987,-16.698043,-1.100056,1.100056
11.535000,-0.076457,0.358671,-0.536460,2.418497,2.765352,-15.768131,-1.091556,1.091556
11.540000,-0.078984,0.366618,-0.529088,2.197044,2.664935,-17.457786,-1.082000,1.082000
11.545000,-0.090780,0.403662,-0.501569,2.300875,2.632304,-15.774355,-1.071400,1.071400
11.550000,-0.084486,0.435134,-0.536362,2.473311,2.557981,-17.996797,-1.059768,1.059768
11.555000,-0.083278,0.409115,-0.510397,1.956692,2.642632,-15.953582,-1.047120,1.047120
11.560000,-0.095899,0.431615,-0.495178,2.100753,3.060550,-16.237704,-1.033469,1.033469
11.565000,-0.086408,0.459757,-0.473141,2.146515,3.013780,-18.930977,-1.018832,1.018832
11.570000,-0.104745,0.429611,-0.488105,1.783746,3.187239,-19.557122,-1.003226,1.003226
11.575000,-0.093205,0.465693,-0.402408,1.812543,2.823785,-19.144841,-0.986668,0.986668
11.580000,-0.093804,0.531419,-0.435723,1.661830,2.984214,-17.452982,-0.969178,0.969178
11.585000,-0.095278,0.543942,-0.406526,1.563159,2.878972,-17.319021,-0.950775,0.950775
11.590000,-0.113114,0.530080,-0.410620,1.483515,3.270651,-19.136273,-0.931479,0.931479
11.595000,-0.115635,0.490818,-0.369085,1.371619,3.393919,-19.364471,-0.911311,0.911311
11.600000,-0.115158,0.470630,-0.351393,1.354959,3.128288,-19.734715,-0.890294,0.890294
11.605000,-0.112276,0.520999,-0.335121,1.358158,2.985026,-19.307530,-0.868451,0.868451
11.610000,-0.103303,0.484392,-0.339583,1.103164,3.205037,-18.696524,-0.845805,0.845805
11.615000,-0.120841,0.587166,-0.340258,0.960971,3.216624,-20.460700,-0.822381,0.822381
11.620000,-0.112476,0.506223,-0.268350,1.007636,3.382914,-21.639888,-0.798203,0.798203
11.625000,-0.114620,0.558617,-0.298458,0.925715,3.334985,-19.765101,-0.773298,0.773298
11.630000,-0.111137,0.508613,-0.256031,0.715785,3.641646,-21.072322,-0.747691,0.747691
11.635000,-0.119105,0.528046,-0.254825,0.586572,3.866150,-21.914274,-0.721410,0.721410
11.640000,-0.109594,0.536035,-0.245929,0.512029,3.371884,-21.345500,-0.694483,0.694483
11.645000,-0.134438,0.549957,-0.215075,0.424124,3.562447,-21.133139,-0.666937,0.666937
11.650000,-0.112187,0.516094,-0.182263,0.337631,4.029836,-20.824452,-0.638802,0.638802
11.655000,-0.127520,0.560617,-0.169915,0.258351,4.208784,-22.826802,-0.610106,0.610106
11.660000,-0.122731,0.608036,-0.158658,0.131566,3.610234,-23.036861,-0.580879,0.580879
11.665000,-0.118738,0.581454,-0.119124,0.029891,3.889818,-19.055003,-0.551153,0.551153
11.670000,-0.127783,0.513332,-0.102494,-0.084486,3.698269,-20.739053,-0.520956,0.520956
11.675000,-0.130658,0.542069,-0.098357,-0.171961,4.222210,-20.223661,-0.490320,0.490320
11.680000,-0.121826,0.567367,-0.064619,-0.262072,4.475330,-22.316682,-0.459277,0.459277
11.685000,-0.131036,0.601430,-0.045423,-0.418107,4.033971,-21.417369,-0.427858,0.427858
11.690000,-0.118643,0.531839,-0.029639,-0.510314,4.122704,-23.404610,-0.396095,0.396095
11.695000,-0.135823,0.609945,-0.006381,-0.670327,3.881443,-22.082472,-0.364020,0.364020
11.700000,-0.117767,0.565082,0.015691,-0.715384,4.066553,-20.741741,-0.331666,0.331666
11.705000,-0.116172,0.593899,0.038348,-0.853480,4.263016,-21.870080,-0.299065,0.299065
11.710000,-0.131371,0.524880,0.058583,-1.008116,4.248402,-21.930317,-0.266251,0.266251
11.715000,-0.137588,0.534111,0.087340,-1.047766,4.209221,-21.576535,-0.233255,0.233255
11.720000,-0.124402,0.541795,0.109245,-1.248595,4.845367,-21.058409,-0.200112,0.200112
11.725000,-0.117536,0.504604,0.139296,-1.247979,4.700804,-21.498954,-0.166854,0.166854
11.730000,-0.136852,0.552527,0.162152,-1.288300,4.364784,-23.496670,-0.133514,0.133514
11.735000,-0.112376,0.558440,0.190277,-1.334665,4.233818,-21.522753,-0.100126,0.100126
11.740000,-0.134580,0.499428,0.189577,-1.553133,4.874495,-22.568930,-0.066722,0.066722
11.745000,-0.114931,0.452155,0.212291,-1.853750,4.316533,-23.072928,-0.033336,0.033336
11.750000,-0.133045,0.509839,0.242043,-1.962837,4.623423,-20.800001,0.000000,-0.000000
11.755000,-0.121789,0.475902,0.282179,-2.075233,4.329391,-22.225769,0.033253,-0.033253
11.760000,-0.109081,0.441900,0.302308,-2.016686,4.945017,-22.351708,0.066389,-0.066389
11.765000,-0.111246,0.467232,0.335173,-2.209242,4.288974,-21.020164,0.099378,-0.099378
11.770000,-0.109357,0.421427,0.311767,-2.333265,4.882589,-17.947088,0.132186,-0.132186
11.775000,-0.108663,0.480085,0.339337,-2.144640,4.724484,-21.209963,0.164781,-0.164781
11.780000,-0.107703,0.433105,0.350748,-2.531809,4.887157,-18.073600,0.197133,-0.197133
11.785000,-0.101772,0.390573,0.380453,-2.551700,4.224811,-17.204126,0.229209,-0.229209
11.790000,-0.113158,0.381773,0.422950,-2.584588,4.613653,-19.441112,0.260979,-0.260979
11.795000,-0.113382,0.425693,0.465478,-2.409339,4.745791,-16.987714,0.292412,-0.292412
11.800000,-0.102412,0.401961,0.432361,-2.520880,4.526328,-15.983418,0.323477,-0.323477
11.805000,-0.096677,0.373257,0.474837,-2.632889,4.398225,-16.219281,0.354146,-0.354146
11.810000,-0.104325,0.329839,0.496244,-3.172164,4.029766,-16.726945,0.384388,-0.384388
11.815000,-0.091967,0.313936,0.504188,-2.765713,4.030149,-13.482838,0.414176,-0.414176
11.820000,-0.086038,0.309133,0.587708,-2.963065,4.025916,-14.388011,0.443480,-0.443480
11.825000,-0.092271,0.305843,0.624993,-2.866267,3.792331,-13.576897,0.472274,-0.472274
11.830000,-0.087235,0.274390,0.613574,-3.497597,3.420887,-12.797485,0.500529,-0.500529
11.835000,-0.091644,0.266747,0.606525,-2.989856,3.066072,-11.921150,0.528219,-0.528219
11.840000,-0.075766,0.239952,0.577027,-3.283705,3.010688,-9.905053,0.555319,-0.555319
11.845000,-0.078703,0.247643,0.650177,-3.195613,3.082239,-8.826304,0.581803,-0.581803
11.850000,-0.077740,0.236149,0.620472,-3.121514,2.761003,-8.148692,0.607647,-0.607647
11.855000,-0.066021,0.197561,0.703535,-3.287839,2.719120,-6.771754,0.632826,-0.632826
11.860000,-0.066490,0.173835,0.728889,-3.677266,2.247786,-5.383615,0.657318,-0.657318
11.865000,-0.070313,0.183569,0.718085,-3.297366,2.119198,-4.474710,0.681099,-0.681099
11.870000,-0.066075,0.157089,0.682522,-3.441542,1.831732,-3.999192,0.704149,-0.704149
11.875000,-0.059566,0.143855,0.747057,-3.226070,1.789165,-3.041665,0.726446,-0.726446
11.880000,-0.049561,0.125470,0.781562,-3.840030,1.627376,-1.584425,0.747970,-0.747970
11.885000,-0.050222,0.091497,0.689466,-3.672148,1.376298,-0.750635,0.768702,-0.768702
11.890000,-0.048838,0.085336,0.687912,-3.784730,1.223284,0.254596,0.788624,-0.788624
11.895000,-0.040004,0.057539,0.686912,-3.466429,1.027517,1.162241,0.807717,-0.807717
11.900000,-0.036415,0.045167,0.720278,-3.593804,0.716467,2.119432,0.825965,-0.825965
11.905000,-0.035379,0.026933,0.733594,-3.438973,0.524017,3.161351,0.843352,-0.843352
11.910000,-0.034083,0.009027,0.711519,-3.417036,0.375552,3.615796,0.859863,-0.859863
11.915000,-0.027491,-0.008307,0.795073,-3.651119,0.214069,5.139330,0.875484,-0.875484
11.920000,-0.022443,-0.026020,0.827203,-3.469215,0.022521,5.917097,0.890202,-0.890202
11.925000,-0.018748,-0.043576,0.829139,-3.223149,-0.136088,5.684167,0.904004,-0.904004
11.930000,-0.017682,-0.060468,0.824603,-3.695001,-0.304436,7.110389,0.916880,-0.916880
11.935000,-0.011524,-0.074366,0.768695,-3.464913,-0.431335,8.289888,0.928818,-0.928818
11.940000,-0.008078,-0.099581,0.807328,-3.317721,-0.579274,8.211749,0.939809,-0.939809
11.945000,-0.005173,-0.110838,0.763568,-3.036262,-0.732611,8.166041,0.949845,-0.949845
11.950000,-0.001363,-0.118017,0.760573,-3.269947,-0.868413,9.663822,0.958918,-0.958918
11.955000,0.002403,-0.144162,0.802378,-2.931319,-0.860088,9.708278,0.967022,-0.967022
11.960000,0.006183,-0.143068,0.661996,-3.284697,-1.084191,10.814498,0.974151,-0.974151
11.965000,0.010026,-0.181806,0.767568,-2.794579,-1.208537,11.656554,0.980301,-0.980301
11.970000,0.013450,-0.180094,0.773060,-2.726090,-1.330841,11.478213,0.985467,-0.985467
11.975000,0.018264,-0.204698,0.657154,-3.079096,-1.442535,11.308436,0.989648,-0.989648
11.980000,0.021091,-0.232784,0.690783,-3.040971,-1.367412,11.262666,0.992841,-0.992841
11.985000,0.023755,-0.229590,0.663813,-2.564622,-1.558392,11.811761,0.995047,-0.995047
11.990000,0.025665,-0.242272,0.708544,-2.921405,-1.699573,11.731747,0.996264,-0.996264
11.995000,0.030025,-0.264811,0.622912,-2.792498,-1.720436,12.499976,0.996495,-0.996495
12.000000,0.032296,-0.296895,0.720012,-2.748389,-1.598455,12.104524,0.995741,-0.995741
12.005000,0.037756,-0.304838,0.657847,-2.773767,-1.652866,14.016323,0.994007,-0.994007
12.010000,0.037920,-0.270180,0.708844,-2.643112,-1.664352,15.093667,0.991295,-0.991295
12.015000,0.040840,-0.295568,0.682494,-2.299237,-2.002820,14.837089,0.987612,-0.987612
12.020000,0.049517,-0.354966,0.627814,-2.368173,-2.111076,15.608903,0.982963,-0.982963
12.025000,0.050859,-0.324196,0.651195,-2.113786,-2.193692,14.956154,0.977355,-0.977355
12.030000,0.051378,-0.339576,0.651926,-2.041798,-2.022541,15.505904,0.970796,-0.970796
12.035000,0.052175,-0.321251,0.596432,-1.997196,-2.318995,14.521332,0.963295,-0.963295
12.040000,0.060414,-0.399264,0.618533,-2.141204,-2.283323,15.179912,0.954862,-0.954862
12.045000,0.060173,-0.342617,0.577314,-2.072653,-2.154744,14.112146,0.945507,-0.945507
12.050000,0.065319,-0.399965,0.570167,-2.081176,-2.133843,16.982233,0.935242,-0.935242
12.055000,0.063748,-0.427462,0.563373,-1.877307,-2.475663,17.177347,0.924080,-0.924080
12.060000,0.070462,-0.434188,0.588968,-1.857345,-2.586220,16.624174,0.912033,-0.912033
12.065000,0.076368,-0.451449,0.583629,-1.821510,-2.579129,17.620329,0.899116,-0.899116
12.070000,0.083253,-0.459277,0.544526,-1.578038,-2.779128,17.816202,0.885344,-0.885344
12.075000,0.075546,-0.395895,0.497313,-1.455262,-2.347124,16.567854,0.870732,-0.870732
12.080000,0.078866,-0.417679,0.481499,-1.335695,-2.821249,16.270559,0.855297,-0.855297
12.085000,0.079741,-0.436024,0.467896,-1.356744,-2.765182,15.168680,0.839056,-0.839056
12.090000,0.085688,-0.468296,0.508077,-1.254264,-2.633348,16.686231,0.822027,-0.822027
12.095000,0.089318,-0.413447,0.465431,-1.154900,-2.705596,18.319788,0.804229,-0.804229
12.100000,0.084228,-0.427854,0.410521,-1.096811,-2.973166,16.475833,0.785682,-0.785682
12.105000,0.084320,-0.452171,0.408035,-0.975623,-3.186991,16.075776,0.766406,-0.766406
12.110000,0.101956,-0.437847,0.382484,-0.941712,-3.048501,19.340391,0.746421,-0.746421
12.115000,0.099195,-0.522434,0.388110,-0.854853,-3.251288,17.612641,0.725749,-0.725749
12.120000,0.098819,-0.454469,0.420667,-0.672722,-3.303990,19.083400,0.704412,-0.704412
12.125000,0.101875,-0.456559,0.383070,-0.600055,-3.034378,18.410021,0.682433,-0.682433
12.130000,0.106410,-0.450183,0.331301,-0.510651,-3.031413,18.765922,0.659835,-0.659835
12.135000,0.109461,-0.453938,0.328528,-0.455600,-3.449595,16.988897,0.636642,-0.636642
12.140000,0.115531,-0.541651,0.343888,-0.360007,-3.717556,19.320607,0.612879,-0.612879
12.145000,0.107589,-0.533377,0.275284,-0.263321,-3.261752,17.029440,0.588570,-0.588570
12.150000,0.113482,-0.464524,0.288778,-0.196237,-3.603867,16.838999,0.563740,-0.563740
12.155000,0.121860,-0.450184,0.273362,-0.111434,-3.590431,17.672785,0.538417,-0.538417
12.160000,0.104682,-0.546415,0.261892,-0.009332,-3.566844,19.193266,0.512624,-0.512624
12.165000,0.111806,-0.452516,0.234244,0.085278,-3.682032,17.301784,0.486390,-0.486390
12.170000,0.125950,-0.494378,0.219256,0.189015,-3.651500,19.996603,0.459742,-0.459742
12.175000,0.126293,-0.473650,0.179026,0.295637,-4.085786,19.856692,0.432706,-0.432706
12.180000,0.126135,-0.479462,0.158615,0.370111,-3.978670,20.946175,0.405310,-0.405310
12.185000,0.127250,-0.507120,0.152894,0.458844,-4.218419,20.582014,0.377583,-0.377583
12.190000,0.119138,-0.453373,0.131795,0.614786,-4.261926,17.288741,0.349552,-0.349552
12.195000,0.112020,-0.527195,0.119362,0.625434,-3.875513,18.737951,0.321247,-0.321247
12.200000,0.114783,-0.449589,0.087168,0.716399,-4.276909,20.756941,0.292694,-0.292694
12.205000,0.113714,-0.514332,0.079256,0.822917,-4.184899,20.517401,0.263924,-0.263924
12.210000,0.108864,-0.473603,0.048817,0.879141,-4.388678,19.541464,0.234966,-0.234966
12.215000,0.120424,-0.482028,0.027569,0.964301,-4.124066,17.187658,0.205847,-0.205847
12.220000,0.109076,-0.445132,0.008936,1.078317,-4.081354,17.970025,0.176598,-0.176598
12.225000,0.108480,-0.475365,-0.011325,1.297173,-3.916532,18.584715,0.147248,-0.147248
12.230000,0.118555,-0.411646,-0.034987,1.369215,-4.367127,17.735425,0.117826,-0.117826
12.235000,0.109914,-0.425675,-0.055889,1.387763,-4.245157,19.769148,0.088361,-0.088361
12.240000,0.112471,-0.456198,-0.071058,1.374138,-3.953212,18.248416,0.058882,-0.058882
12.245000,0.128373,-0.455517,-0.095574,1.597104,-4.499563,16.814936,0.029419,-0.029419
12.250000,0.121731,-0.384875,-0.122696,1.735173,-4.401591,16.586737,0.000000,-0.000000
12.255000,0.129285,-0.384228,-0.141023,1.703729,-4.020618,17.819306,-0.029345,0.029345
12.260000,0.113404,-0.439213,-0.148869,1.704186,-4.027444,16.328968,-0.058588,0.058588
12.265000,0.126768,-0.385602,-0.197106,1.827073,-4.213226,18.150379,-0.087701,0.087701
12.270000,0.125335,-0.346373,-0.228131,1.979697,-4.476964,17.545867,-0.116654,0.116654
12.275000,0.110834,-0.380633,-0.228129,2.227165,-4.539922,15.155153,-0.145419,0.145419
12.280000,0.109006,-0.344826,-0.232538,2.298662,-4.288991,15.215606,-0.173969,0.173969
12.285000,0.106671,-0.386099,-0.296431,2.066992,-4.566733,14.633748,-0.202276,0.202276
12.290000,0.113579,-0.355161,-0.286516,2.290547,-3.720577,13.913827,-0.230313,0.230313
12.295000,0.113924,-0.355474,-0.285896,2.178704,-4.099484,14.344945,-0.258052,0.258052
12.300000,0.099648,-0.333722,-0.363278,2.283452,-3.634395,12.440351,-0.285468,0.285468
12.305000,0.102220,-0.280580,-0.322874,2.445497,-4.159540,12.080092,-0.312533,0.312533
12.310000,0.093877,-0.276924,-0.354183,2.566664,-3.740216,11.312729,-0.339222,0.339222
12.315000,0.091819,-0.287956,-0.400068,2.758393,-3.826311,10.937028,-0.365509,0.365509
12.320000,0.103058,-0.257513,-0.371453,2.816691,-3.894393,10.596755,-0.391370,0.391370
12.325000,0.091100,-0.270682,-0.423275,2.837727,-3.290769,10.203583,-0.416780,0.416780
12.330000,0.094484,-0.225003,-0.445025,2.597714,-3.531397,9.246692,-0.441715,0.441715
12.335000,0.097133,-0.206086,-0.470658,3.050668,-2.920860,9.227885,-0.466152,0.466152
12.340000,0.086691,-0.212919,-0.466806,2.893521,-2.789760,7.288708,-0.490068,0.490068
12.345000,0.085853,-0.193820,-0.534902,2.854236,-3.060958,7.145542,-0.513440,0.513440
12.350000,0.083545,-0.169561,-0.495248,2.846972,-2.838947,6.534604,-0.536246,0.536246
12.355000,0.077115,-0.147873,-0.556473,3.042742,-2.741945,5.309840,-0.558467,0.558467
12.360000,0.073102,-0.142237,-0.570438,2.873009,-2.203810,4.821991,-0.580081,0.580081
12.365000,0.076995,-0.132944,-0.520818,2.995133,-2.265314,3.613086,-0.601068,0.601068
12.370000,0.081210,-0.110700,-0.506513,2.861978,-2.277527,2.723212,-0.621409,0.621409
12.375000,0.073168,-0.109182,-0.602685,3.332361,-1.760872,1.915607,-0.641086,0.641086
12.380000,0.066387,-0.093908,-0.593809,3.371608,-1.847379,1.238752,-0.660081,0.660081
12.385000,0.068989,-0.065015,-0.552737,3.036883,-1.670978,0.355363,-0.678377,0.678377
12.390000,0.065098,-0.050261,-0.567381,2.789452,-1.466230,-0.469361,-0.695958,0.695958
12.395000,0.056543,-0.041703,-0.621864,3.246030,-1.334811,-1.278574,-0.712808,0.712808
12.400000,0.053737,-0.023448,-0.551818,3.210282,-1.206393,-2.004510,-0.728911,0.728911
12.405000,0.051296,-0.009026,-0.663395,3.332678,-0.994265,-2.718193,-0.744256,0.744256
12.410000,0.047249,0.005959,-0.572858,3.112607,-0.833978,-3.698963,-0.758827,0.758827
12.415000,0.049365,0.019191,-0.556908,2.989277,-0.708525,-4.006933,-0.772612,0.772612
12.420000,0.048275,0.035685,-0.677928,2.832037,-0.575370,-5.127683,-0.785601,0.785601
12.425000,0.047073,0.046657,-0.569625,2.931998,-0.405216,-5.363036,-0.797781,0.797781
12.430000,0.038315,0.066999,-0.683520,3.189484,-0.326245,-6.071053,-0.809143,0.809143
12.435000,0.037056,0.076694,-0.676892,3.107405,-0.206488,-6.694596,-0.819679,0.819679
12.440000,0.035988,0.098352,-0.584147,2.849556,-0.080045,-7.601812,-0.829378,0.829378
12.445000,0.029051,0.112674,-0.668072,2.926155,0.023081,-7.828068,-0.838235,0.838235
12.450000,0.026204,0.124118,-0.667971,2.607331,0.141200,-8.096685,-0.846242,0.846242
12.455000,0.023444,0.136002,-0.659393,2.527860,0.229359,-7.870584,-0.853394,0.853394
12.460000,0.022056,0.150090,-0.580411,2.811086,0.353518,-8.498530,-0.859685,0.859685
12.465000,0.017004,0.159107,-0.590394,2.545376,0.406956,-8.722025,-0.865113,0.865113
12.470000,0.016251,0.193578,-0.666126,2.734977,0.533603,-9.363093,-0.869672,0.869672
12.475000,0.012720,0.201716,-0.590436,2.800504,0.592298,-9.280648,-0.873361,0.873361
12.480000,0.008578,0.195033,-0.573059,2.778807,0.612126,-10.803445,-0.876180,0.876180
12.485000,0.006006,0.225127,-0.564525,2.588450,0.713837,-11.215442,-0.878126,0.878126
12.490000,0.002999,0.213052,-0.617422,2.380406,0.895868,-11.114553,-0.879200,0.879200
12.495000,-0.000296,0.257101,-0.596030,2.199315,0.921454,-12.127137,-0.879404,0.879404
12.500000,-0.003083,0.263329,-0.593426,2.334959,0.958067,-10.941360,-0.878739,0.878739
12.505000,-0.005743,0.284780,-0.628684,2.267829,1.100277,-11.976386,-0.877208,0.877208
12.510000,-0.008653,0.279258,-0.546316,2.087720,1.094245,-12.754274,-0.874815,0.874815
12.515000,-0.013156,0.289112,-0.529859,2.243479,1.210397,-11.616207,-0.871564,0.871564
12.520000,-0.015916,0.294064,-0.615459,2.186835,1.287495,-13.190102,-0.867461,0.867461
12.525000,-0.019069,0.299366,-0.515473,1.934000,1.291924,-13.507437,-0.862512,0.862512
12.530000,-0.020751,0.303036,-0.561781,1.892922,1.358438,-14.401810,-0.856724,0.856724
12.535000,-0.023564,0.334673,-0.500439,1.820903,1.544242,-12.129995,-0.850105,0.850105
12.540000,-0.028146,0.325430,-0.582461,1.759055,1.510325,-12.494573,-0.842663,0.842663
12.545000,-0.030564,0.319663,-0.570292,1.924403,1.620993,-13.707011,-0.834407,0.834407
12.550000,-0.031530,0.325689,-0.557568,1.729739,1.737309,-12.965310,-0.825349,0.825349
12.555000,-0.033499,0.343974,-0.520552,1.734966,1.711708,-14.149232,-0.815498,0.815498
12.560000,-0.037124,0.360076,-0.543684,1.531732,1.801181,-14.698074,-0.804867,0.804867
12.565000,-0.038371,0.385597,-0.469144,1.462336,1.919244,-15.176154,-0.793467,0.793467
12.570000,-0.041901,0.414142,-0.509811,1.519975,1.829906,-15.962475,-0.781313,0.781313
12.575000,-0.041885,0.393729,-0.486426,1.415794,2.065589,-13.525540,-0.768418,0.768418
12.580000,-0.044046,0.370383,-0.497375,1.341757,1.966224,-14.893208,-0.754797,0.754797
12.585000,-0.049790,0.374931,-0.456040,1.221010,2.017236,-15.362160,-0.740464,0.740464
12.590000,-0.054758,0.390232,-0.445802,1.116187,2.288685,-16.164283,-0.725436,0.725436
12.595000,-0.050080,0.383806,-0.415597,0.967301,1.949202,-15.101198,-0.709730,0.709730
12.600000,-0.056935,0.391053,-0.417318,1.015348,2.172553,-15.850981,-0.693362,0.693362
12.605000,-0.058247,0.452333,-0.442381,0.788396,2.375403,-16.119473,-0.676350,0.676350
12.610000,-0.056464,0.387814,-0.397484,0.709221,2.564594,-17.150202,-0.658714,0.658714
12.615000,-0.066652,0.444843,-0.413660,0.662650,2.201596,-16.819426,-0.640471,0.640471
12.620000,-0.067186,0.402507,-0.374199,0.641056,2.279103,-14.691564,-0.621641,0.621641
12.625000,-0.069914,0.421456,-0.377111,0.494928,2.359741,-14.885543,-0.602245,0.602245
12.630000,-0.074387,0.475105,-0.363107,0.467098,2.507990,-18.113583,-0.582302,0.582302
12.635000,-0.074989,0.418457,-0.341509,0.356409,2.598627,-16.066614,-0.561835,0.561835
12.640000,-0.075288,0.483282,-0.326108,0.269632,2.788595,-17.450987,-0.540864,0.540864
12.645000,-0.075716,0.408748,-0.350076,0.195634,3.033325,-17.545114,-0.519411,0.519411
12.650000,-0.074075,0.427610,-0.340213,0.127673,3.078878,-15.860622,-0.497499,0.497499
12.655000,-0.083658,0.487607,-0.316784,0.034196,2.976594,-16.789177,-0.475151,0.475151
12.660000,-0.081259,0.461636,-0.254109,-0.056346,3.215070,-18.565739,-0.452389,0.452389
12.665000,-0.074282,0.459081,-0.261073,-0.131813,3.120825,-16.781673,-0.429238,0.429238
12.670000,-0.087515,0.452316,-0.239336,-0.239409,3.288332,-16.705550,-0.405721,0.405721
12.675000,-0.079812,0.425094,-0.247994,-0.299690,3.025030,-18.307404,-0.381862,0.381862
12.680000,-0.082694,0.457656,-0.224315,-0.381850,3.200484,-17.081064,-0.357685,0.357685
12.685000,-0.075677,0.448015,-0.201629,-0.481907,2.919479,-17.456389,-0.333216,0.333216
12.690000,-0.079006,0.470699,-0.181966,-0.556794,3.143473,-16.021392,-0.308479,0.308479
12.695000,-0.091330,0.410083,-0.176436,-0.584900,3.027293,-15.990907,-0.283499,0.283499
12.700000,-0.081192,0.454327,-0.154234,-0.663113,3.472403,-16.959156,-0.258302,0.258302
12.705000,-0.093501,0.409272,-0.147185,-0.856845,3.744752,-16.947149,-0.232912,0.232912
12.710000,-0.081441,0.427826,-0.126862,-0.859792,3.164002,-17.778633,-0.207356,0.207356
12.715000,-0.094128,0.402753,-0.110782,-1.001889,3.217417,-16.514453,-0.181660,0.181660
12.720000,-0.091513,0.398532,-0.091161,-1.059594,3.433857,-15.306716,-0.155847,0.155847
12.725000,-0.085105,0.423777,-0.070320,-1.084889,3.331252,-17.020812,-0.129946,0.129946
12.730000,-0.086279,0.437456,-0.048542,-1.346089,3.290272,-16.173422,-0.103981,0.103981
12.735000,-0.092668,0.423469,-0.030386,-1.326933,3.733382,-16.497475,-0.077978,0.077978
12.740000,-0.089824,0.379407,-0.014035,-1.384218,3.450480,-16.621329,-0.051963,0.051963
12.745000,-0.085801,0.362084,0.004268,-1.560258,3.683667,-14.693788,-0.025962,0.025962
12.750000,-0.091751,0.343694,0.021359,-1.540186,3.771261,-15.111316,-0.000000,0.000000
12.755000,-0.092026,0.388210,0.036389,-1.788304,3.739692,-16.141397,0.025897,-0.025897
12.760000,-0.084214,0.346090,0.058663,-1.594753,3.749537,-14.293902,0.051704,-0.051704
12.765000,-0.095442,0.330904,0.079857,-1.704507,3.406442,-14.121198,0.077396,-0.077396
12.770000,-0.091374,0.336389,0.091461,-1.669653,3.581651,-13.527097,0.102946,-0.102946
12.775000,-0.092576,0.323797,0.107240,-2.022311,3.811408,-13.887710,0.128332,-0.128332
12.780000,-0.094127,0.296828,0.124315,-2.138925,3.777781,-13.430704,0.153527,-0.153527
12.785000,-0.078111,0.290340,0.133303,-2.008834,3.575977,-11.787305,0.178508,-0.178508
12.790000,-0.091628,0.323886,0.161343,-2.223593,3.388719,-12.671595,0.203250,-0.203250
12.795000,-0.089217,0.264856,0.170880,-2.081066,3.401086,-11.297064,0.227730,-0.227730
12.800000,-0.075844,0.261810,0.205813,-2.357413,3.103637,-12.384262,0.251924,-0.251924
12.805000,-0.083776,0.263239,0.215567,-2.503730,3.052444,-9.888693,0.275809,-0.275809
12.810000,-0.076156,0.248598,0.232960,-2.348653,3.147357,-10.089965,0.299362,-0.299362
12.815000,-0.083770,0.242265,0.226424,-2.598338,3.281366,-10.385394,0.322561,-0.322561
12.820000,-0.076973,0.208959,0.284013,-2.634522,3.020030,-9.757816,0.345383,-0.345383
12.825000,-0.081789,0.197293,0.292554,-2.457155,2.744650,-8.419526,0.367807,-0.367807
12.830000,-0.072336,0.190007,0.259681,-2.420496,2.664134,-7.981842,0.389812,-0.389812
12.835000,-0.067957,0.182692,0.303537,-2.667891,2.516486,-7.498866,0.411378,-0.411378
12.840000,-0.075491,0.176654,0.309283,-2.738248,2.392588,-6.391689,0.432483,-0.432483
12.845000,-0.068804,0.152634,0.304802,-2.805108,2.309744,-5.456250,0.453109,-0.453109
12.850000,-0.075036,0.144748,0.305278,-2.739686,2.076399,-4.962652,0.473236,-0.473236
12.855000,-0.071274,0.136748,0.369702,-2.771483,2.196677,-4.558373,0.492845,-0.492845
12.860000,-0.063479,0.129106,0.358177,-2.691718,2.209828,-3.427499,0.511919,-0.511919
12.865000,-0.064808,0.123599,0.343339,-2.876540,1.818024,-3.002202,0.530441,-0.530441
12.870000,-0.058885,0.101708,0.371977,-2.814533,1.975924,-2.255723,0.548392,-0.548392
12.875000,-0.065275,0.079415,0.374038,-2.812340,1.555719,-1.624796,0.565757,-0.565757
12.880000,-0.064695,0.069426,0.381422,-2.546673,1.676584,-1.028528,0.582520,-0.582520
12.885000,-0.055107,0.064345,0.419141,-2.839433,1.413388,-0.280469,0.598666,-0.598666
12.890000,-0.060167,0.042077,0.369519,-2.660496,1.247986,0.364028,0.614181,-0.614181
12.895000,-0.056190,0.033961,0.409438,-2.625337,1.141864,0.937629,0.629050,-0.629050
12.900000,-0.051432,0.019308,0.434329,-2.672641,1.092591,1.760034,0.643262,-0.643262
12.905000,-0.047154,0.005658,0.465268,-2.653728,1.030148,2.307431,0.656803,-0.656803
12.910000,-0.049556,-0.008286,0.460475,-2.844878,0.883576,2.850963,0.669662,-0.669662
12.915000,-0.048112,-0.023312,0.411209,-2.711896,0.821204,3.124849,0.681828,-0.681828
12.920000,-0.039021,-0.031501,0.426928,-2.889184,0.613189,3.856778,0.693290,-0.693290
12.925000,-0.038965,-0.043945,0.407431,-2.584963,0.597428,4.687818,0.704039,-0.704039
12.930000,-0.036472,-0.061859,0.447487,-2.775639,0.465386,4.909173,0.714067,-0.714067
12.935000,-0.036372,-0.078470,0.441857,-2.393299,0.346654,5.110506,0.723364,-0.723364
12.940000,-0.032851,-0.080389,0.458503,-2.661802,0.244654,6.140440,0.731924,-0.731924
12.945000,-0.028600,-0.091834,0.413675,-2.639336,0.174687,5.825028,0.739740,-0.739740
12.950000,-0.029391,-0.116512,0.426981,-2.628367,0.096629,6.670304,0.746806,-0.746806
12.955000,-0.025268,-0.114785,0.416139,-2.230721,0.012978,6.562708,0.753118,-0.753118
12.960000,-0.026235,-0.144071,0.411900,-2.541411,-0.068729,7.790341,0.758670,-0.758670
12.965000,-0.023990,-0.146073,0.420756,-2.539781,-0.154075,8.562570,0.763459,-0.763459
12.970000,-0.018686,-0.176188,0.446108,-2.420861,-0.194815,7.652680,0.767483,-0.767483
12.975000,-0.019311,-0.169515,0.445598,-2.217207,-0.272198,8.234986,0.770739,-0.770739
12.980000,-0.017249,-0.185116,0.407756,-2.416522,-0.369140,9.138828,0.773226,-0.773226
12.985000,-0.012419,-0.190383,0.458458,-2.095336,-0.378864,8.679258,0.774943,-0.774943
12.990000,-0.011187,-0.216827,0.442667,-2.042040,-0.521287,9.381523,0.775891,-0.775891
12.995000,-0.009392,-0.232251,0.472982,-1.995914,-0.537825,10.911589,0.776071,-0.776071
13.000000,-0.006776,-0.239437,0.406894,-2.217041,-0.555585,10.520742,0.775484,-0.775484
13.005000,-0.004871,-0.238609,0.469058,-1.976572,-0.639722,10.050249,0.774133,-0.774133
13.010000,-0.002388,-0.224047,0.445735,-2.057221,-0.692398,10.711906,0.772021,-0.772021
13.015000,-0.000510,-0.269673,0.460967,-2.108768,-0.809609,11.674898,0.769153,-0.769153
13.020000,0.001500,-0.292678,0.441926,-1.958531,-0.898782,11.230055,0.765532,-0.765532
13.025000,0.003449,-0.280929,0.456556,-1.949973,-0.964956,11.924616,0.761164,-0.761164
13.030000,0.006085,-0.293414,0.405559,-1.884894,-0.938929,11.200392,0.756056,-0.756056
13.035000,0.008319,-0.291237,0.410215,-1.586036,-0.997515,11.840150,0.750215,-0.750215
13.040000,0.009746,-0.324771,0.413616,-1.784192,-1.090580,13.189848,0.743647,-0.743647
13.045000,0.011038,-0.340653,0.374331,-1.697683,-1.028803,11.908232,0.736362,-0.736362
13.050000,0.012734,-0.309424,0.365459,-1.538923,-1.169397,11.664641,0.728368,-0.728368
13.055000,0.017259,-0.321126,0.411820,-1.562600,-1.266900,12.504241,0.719674,-0.719674
13.060000,0.016572,-0.310588,0.409179,-1.377961,-1.336076,13.051883,0.710292,-0.710292
13.065000,0.017941,-0.332099,0.411405,-1.288367,-1.382677,12.529320,0.700232,-0.700232
13.070000,0.020263,-0.380294,0.374384,-1.145343,-1.307541,14.166951,0.689506,-0.689506
13.075000,0.024405,-0.364557,0.386286,-1.203935,-1.276838,13.040071,0.678127,-0.678127
13.080000,0.026166,-0.342134,0.376714,-1.152587,-1.357369,12.246675,0.666106,-0.666106
13.085000,0.026229,-0.387518,0.335608,-1.112368,-1.542100,14.864061,0.653457,-0.653457
13.090000,0.026419,-0.359663,0.349252,-0.951966,-1.504219,15.165817,0.640195,-0.640195
13.095000,0.027852,-0.378981,0.325811,-0.873931,-1.739132,15.097135,0.626334,-0.626334
13.100000,0.032335,-0.380615,0.354143,-0.911559,-1.580729,13.583134,0.611890,-0.611890
13.105000,0.032505,-0.417173,0.335028,-0.835156,-1.628452,13.181049,0.596877,-0.596877
13.110000,0.037081,-0.401157,0.329553,-0.662688,-1.911414,13.130316,0.581313,-0.581313
13.115000,0.034815,-0.361885,0.307980,-0.609804,-1.920616,15.041085,0.565214,-0.565214
13.120000,0.035601,-0.429732,0.304402,-0.584044,-1.834803,14.092006,0.548596,-0.548596
13.125000,0.036406,-0.427709,0.271116,-0.451545,-1.848030,14.770697,0.531479,-0.531479
13.130000,0.039080,-0.372512,0.244772,-0.394837,-1.777345,14.430065,0.513880,-0.513880
13.135000,0.039985,-0.394421,0.256551,-0.339651,-2.177039,16.309391,0.495817,-0.495817
13.140000,0.039319,-0.431619,0.271351,-0.254835,-2.046400,15.632296,0.477311,-0.477311
13.145000,0.045411,-0.423207,0.222080,-0.182798,-1.984517,15.124798,0.458379,-0.458379
13.150000,0.047162,-0.385147,0.207605,-0.094638,-2.002876,14.592058,0.439041,-0.439041
13.155000,0.043427,-0.436138,0.237384,-0.022146,-2.170054,14.974477,0.419319,-0.419319
13.160000,0.051485,-0.403652,0.199244,0.050305,-2.109855,15.297674,0.399232,-0.399232
13.165000,0.044364,-0.391579,0.194871,0.122701,-2.441356,15.834263,0.378801,-0.378801
13.170000,0.052220,-0.385730,0.166555,0.184718,-2.136078,16.221698,0.358047,-0.358047
13.175000,0.055419,-0.378125,0.185634,0.261958,-2.376852,15.720600,0.336992,-0.336992
13.180000,0.047101,-0.387006,0.173325,0.382311,-2.469989,15.404000,0.315656,-0.315656
13.185000,0.053160,-0.360499,0.138917,0.463730,-2.523345,15.831935,0.294062,-0.294062
13.190000,0.050213,-0.357719,0.123810,0.462990,-2.726143,13.700840,0.272232,-0.272232
13.195000,0.048337,-0.380580,0.121048,0.588656,-2.451949,13.711362,0.250187,-0.250187
13.200000,0.052791,-0.402430,0.118297,0.671777,-2.607283,14.153513,0.227951,-0.227951
13.205000,0.050520,-0.373810,0.097744,0.793414,-2.475233,14.563509,0.205544,-0.205544
13.210000,0.051549,-0.355547,0.079181,0.830403,-2.849136,14.201374,0.182991,-0.182991
13.215000,0.053819,-0.408021,0.062126,0.826608,-2.619008,14.694886,0.160314,-0.160314
13.220000,0.059298,-0.387008,0.053302,1.033511,-2.778274,14.050029,0.137535,-0.137535
13.225000,0.055448,-0.364886,0.041688,1.080391,-2.952572,13.913811,0.114677,-0.114677
13.230000,0.055160,-0.353802,0.028528,1.043285,-2.428069,15.597829,0.091763,-0.091763
13.235000,0.056395,-0.381940,0.014898,1.162855,-2.586032,13.069807,0.068815,-0.068815
13.240000,0.051456,-0.317040,0.001868,1.173606,-2.648696,12.681608,0.045857,-0.045857
13.245000,0.052184,-0.351889,-0.012394,1.301484,-2.847672,12.833532,0.022911,-0.022911
13.250000,0.059073,-0.343989,-0.026579,1.433402,-2.962083,12.096935,0.000000,-0.000000
13.255000,0.059959,-0.330391,-0.037824,1.521381,-2.609961,12.404649,-0.022854,0.022854
13.260000,0.054449,-0.323224,-0.049548,1.436179,-2.819584,13.773436,-0.045629,0.045629
13.265000,0.051870,-0.304857,-0.059870,1.684629,-2.742382,12.974911,-0.068301,0.068301
13.270000,0.052963,-0.317338,-0.080909,1.592930,-2.629885,12.682012,-0.090850,0.090850
13.275000,0.057660,-0.277153,-0.095816,1.712250,-2.413754,11.011013,-0.113252,0.113252
13.280000,0.052625,-0.316080,-0.109197,1.613765,-2.618167,10.528942,-0.135487,0.135487
13.285000,0.054747,-0.289559,-0.110542,1.845406,-2.502366,10.249600,-0.157533,0.157533
13.290000,0.053550,-0.250751,-0.118812,1.724228,-2.271250,10.460837,-0.179368,0.179368
13.295000,0.057623,-0.242126,-0.151901,1.830235,-2.544488,10.702362,-0.200971,0.200971
13.300000,0.049867,-0.271522,-0.164670,1.992108,-2.606800,10.272751,-0.222322,0.222322
13.305000,0.054162,-0.217994,-0.179142,2.215696,-2.548466,9.425988,-0.243401,0.243401
13.310000,0.046624,-0.235094,-0.186343,2.117422,-2.500617,8.198482,-0.264186,0.264186
13.315000,0.049697,-0.210111,-0.172003,1.972147,-2.072159,7.652806,-0.284659,0.284659
13.320000,0.050719,-0.220114,-0.197800,2.057782,-2.043315,7.237546,-0.304799,0.304799
13.325000,0.047120,-0.185181,-0.194075,2.092731,-2.056165,7.504746,-0.324589,0.324589
13.330000,0.043765,-0.197133,-0.228467,2.408957,-2.062260,6.232613,-0.344008,0.344008
13.335000,0.043918,-0.181427,-0.236675,2.094245,-2.015590,6.045377,-0.363040,0.363040
13.340000,0.039509,-0.178601,-0.253439,2.473742,-1.918321,5.514606,-0.381665,0.381665
13.345000,0.044738,-0.144752,-0.239272,2.408835,-1.737407,4.921820,-0.399867,0.399867
13.350000,0.044221,-0.154460,-0.242040,2.189950,-1.654668,4.457277,-0.417629,0.417629
13.355000,0.039671,-0.122597,-0.275411,2.421294,-1.544035,4.067629,-0.434935,0.434935
13.360000,0.038145,-0.121041,-0.285652,2.383401,-1.388131,3.061807,-0.451767,0.451767
13.365000,0.036173,-0.116247,-0.278657,2.480192,-1.502338,2.532228,-0.468112,0.468112
13.370000,0.033656,-0.102491,-0.288271,2.347442,-1.280303,1.939071,-0.483954,0.483954
13.375000,0.037349,-0.078689,-0.321283,2.232429,-1.160552,1.656982,-0.499278,0.499278
13.380000,0.033347,-0.068251,-0.324249,2.545143,-1.163684,0.916215,-0.514072,0.514072
13.385000,0.031927,-0.062574,-0.275270,2.248938,-0.947837,0.424730,-0.528321,0.528321
13.390000,0.028167,-0.048260,-0.314477,2.186335,-0.841356,-0.091473,-0.542013,0.542013
13.395000,0.029256,-0.034283,-0.334352,2.273948,-0.845806,-0.690400,-0.555135,0.555135
13.400000,0.024468,-0.023883,-0.295286,2.523483,-0.748542,-1.070063,-0.567677,0.567677
13.405000,0.024289,-0.009668,-0.340672,2.327260,-0.573159,-1.763784,-0.579627,0.579627
13.410000,0.025359,0.001429,-0.340991,2.418344,-0.524107,-2.222773,-0.590975,0.590975
13.415000,0.019801,0.014111,-0.303201,2.507501,-0.449043,-2.760404,-0.601711,0.601711
13.420000,0.019322,0.026610,-0.306029,2.537197,-0.324368,-2.882454,-0.611826,0.611826
13.425000,0.020358,0.036038,-0.332231,2.230325,-0.292217,-3.886144,-0.621312,0.621312
13.430000,0.017321,0.043913,-0.330418,2.287101,-0.182649,-3.947811,-0.630161,0.630161
13.435000,0.016418,0.057998,-0.332229,2.162971,-0.107259,-4.258190,-0.638366,0.638366
13.440000,0.013946,0.070515,-0.357275,2.354530,-0.035685,-5.421759,-0.645921,0.645921
13.445000,0.011980,0.080244,-0.333457,2.139846,0.037045,-5.862490,-0.652818,0.652818
13.450000,0.009752,0.097365,-0.354965,2.344152,0.112532,-5.608524,-0.659054,0.659054
13.455000,0.008439,0.105359,-0.318432,2.105633,0.172528,-6.258782,-0.664624,0.664624
13.460000,0.006638,0.108728,-0.357140,2.332820,0.240701,-6.655195,-0.669524,0.669524
13.465000,0.005760,0.135995,-0.342558,2.001731,0.318807,-6.216594,-0.673750,0.673750
13.470000,0.003833,0.142702,-0.338152,1.947801,0.373539,-7.214781,-0.677301,0.677301
13.475000,0.002031,0.139992,-0.330343,2.164738,0.394071,-7.412963,-0.680175,0.680175
13.480000,0.000444,0.162908,-0.309401,2.191639,0.494373,-8.476532,-0.682369,0.682369
13.485000,-0.001089,0.174092,-0.350053,2.174090,0.547706,-8.583503,-0.683885,0.683885
13.490000,-0.002886,0.171309,-0.308686,1.786056,0.617906,-7.916567,-0.684722,0.684722
13.495000,-0.004349,0.189170,-0.308934,1.971986,0.701511,-8.613135,-0.684880,0.684880
13.500000,-0.006410,0.192746,-0.292034,1.825283,0.766994,-8.875125,-0.684362,0.684362
13.505000,-0.007502,0.207205,-0.333276,1.901652,0.820825,-8.820233,-0.683170,0.683170
13.510000,-0.008312,0.232271,-0.288583,1.879235,0.842042,-9.036848,-0.681307,0.681307
13.515000,-0.010179,0.239036,-0.314397,1.869945,0.834053,-9.528538,-0.678775,0.678775
13.520000,-0.011168,0.226256,-0.304997,1.527415,0.851822,-10.119554,-0.675580,0.675580
13.525000,-0.014511,0.251524,-0.283138,1.560392,0.934236,-10.175885,-0.671725,0.671725
13.530000,-0.014689,0.228251,-0.289664,1.475593,0.913475,-11.357715,-0.667217,0.667217
13.535000,-0.015201,0.279428,-0.299492,1.507425,1.040803,-9.852584,-0.662062,0.662062
13.540000,-0.016233,0.282965,-0.300142,1.459598,0.981861,-9.766235,-0.656266,0.656266
13.545000,-0.018598,0.263205,-0.244536,1.282229,1.189851,-11.642368,-0.649837,0.649837
13.550000,-0.020152,0.292568,-0.268204,1.331525,1.088603,-11.791147,-0.642782,0.642782
13.555000,-0.020296,0.311274,-0.255020,1.167756,1.186363,-12.373537,-0.635110,0.635110
13.560000,-0.022676,0.294639,-0.264178,1.173483,1.172315,-10.971490,-0.626831,0.626831
13.565000,-0.024014,0.325938,-0.249603,1.110746,1.237636,-11.188173,-0.617953,0.617953
13.570000,-0.024463,0.299206,-0.233952,1.185740,1.418418,-11.990047,-0.608487,0.608487
13.575000,-0.028089,0.295148,-0.227479,1.102389,1.349206,-11.550943,-0.598445,0.598445
13.580000,-0.025174,0.330568,-0.215463,1.094884,1.314126,-12.788169,-0.587836,0.587836
13.585000,-0.030346,0.344575,-0.217459,0.890108,1.487364,-11.921930,-0.576674,0.576674
13.590000,-0.030228,0.317272,-0.207810,0.798570,1.537832,-11.157480,-0.564970,0.564970
13.595000,-0.030433,0.310751,-0.196015,0.823667,1.479569,-12.557997,-0.552738,0.552738
13.600000,-0.033275,0.301814,-0.186867,0.744948,1.659959,-13.018068,-0.539991,0.539991
13.605000,-0.034498,0.322298,-0.187736,0.735040,1.504798,-13.974147,-0.526742,0.526742
13.610000,-0.033959,0.346830,-0.191603,0.650172,1.719017,-13.044793,-0.513007,0.513007
13.615000,-0.031745,0.325651,-0.166601,0.534212,1.516652,-12.114771,-0.498799,0.498799
13.620000,-0.035151,0.332892,-0.148129,0.474274,1.618438,-11.915175,-0.484135,0.484135
13.625000,-0.039203,0.338741,-0.150225,0.436484,1.779344,-12.796886,-0.469029,0.469029
13.630000,-0.037072,0.315609,-0.140126,0.355419,1.889425,-12.421985,-0.453497,0.453497
13.635000,-0.038733,0.352659,-0.145979,0.300355,1.847656,-14.544234,-0.437557,0.437557
13.640000,-0.035183,0.336910,-0.129676,0.241115,1.686561,-12.676546,-0.421225,0.421225
13.645000,-0.036277,0.347689,-0.127186,0.168737,1.779423,-14.445728,-0.404518,0.404518
13.650000,-0.038776,0.351105,-0.102259,0.088975,2.030504,-12.405967,-0.387453,0.387453
13.655000,-0.043100,0.385301,-0.093932,0.033242,1.841915,-13.666076,-0.370048,0.370048
13.660000,-0.039734,0.337229,-0.100132,-0.038493,1.926091,-12.856551,-0.352321,0.352321
13.665000,-0.044692,0.356968,-0.078770,-0.107485,1.975532,-12.996511,-0.334291,0.334291
13.670000,-0.044040,0.345242,-0.068500,-0.176158,2.007174,-12.656847,-0.315976,0.315976
13.675000,-0.044133,0.320625,-0.059918,-0.252154,1.981745,-13.638194,-0.297394,0.297394
13.680000,-0.038513,0.363938,-0.054928,-0.323533,1.958803,-12.346609,-0.278566,0.278566
13.685000,-0.039670,0.344906,-0.043803,-0.343890,2.200674,-13.968005,-0.259509,0.259509
13.690000,-0.040163,0.348061,-0.031673,-0.456096,2.139356,-13.650254,-0.240244,0.240244
13.695000,-0.043773,0.327830,-0.020650,-0.544840,2.272327,-13.038930,-0.220789,0.220789
13.700000,-0.046037,0.344431,-0.011728,-0.528402,1.936535,-12.856178,-0.201166,0.201166
13.705000,-0.040855,0.321267,-0.000398,-0.656861,2.326666,-12.588700,-0.181392,0.181392
13.710000,-0.040953,0.318022,0.011218,-0.703423,2.176562,-14.110331,-0.161489,0.161489
13.715000,-0.046584,0.299915,0.019982,-0.811911,2.170949,-13.222970,-0.141477,0.141477
13.720000,-0.046439,0.338502,0.034409,-0.869120,2.000726,-13.343435,-0.121374,0.121374
13.725000,-0.046427,0.329717,0.045285,-0.935899,2.241535,-13.791733,-0.101202,0.101202
13.730000,-0.045333,0.321218,0.053483,-0.868338,2.057448,-13.315099,-0.080980,0.080980
13.735000,-0.041321,0.299157,0.059104,-1.089087,2.333143,-11.422989,-0.060729,0.060729
13.740000,-0.043634,0.322076,0.072422,-1.154854,1.970453,-10.904394,-0.040469,0.040469
13.745000,-0.044391,0.327403,0.087998,-1.169031,2.200862,-12.453585,-0.020219,0.020219
13.750000,-0.038500,0.317020,0.101191,-1.289049,2.148611,-11.522185,0.000000,-0.000000
13.755000,-0.040137,0.294709,0.101654,-1.265129,2.174101,-10.349687,0.020169,-0.020169
13.760000,-0.037438,0.269566,0.121909,-1.216042,2.163697,-11.563167,0.040267,-0.040267
13.765000,-0.041340,0.282006,0.130541,-1.358356,2.014061,-9.802576,0.060276,-0.060276
13.770000,-0.036934,0.295681,0.139787,-1.506711,2.172725,-10.586639,0.080175,-0.080175
13.775000,-0.038029,0.260729,0.149361,-1.374196,1.919135,-10.142953,0.099945,-0.099945
13.780000,-0.033770,0.253509,0.168703,-1.571641,1.900155,-9.081020,0.119567,-0.119567
13.785000,-0.036406,0.226010,0.174623,-1.420041,2.033218,-9.832035,0.139022,-0.139022
13.790000,-0.036457,0.240873,0.164512,-1.730787,1.908979,-8.709899,0.158292,-0.158292
13.795000,-0.035653,0.216359,0.185740,-1.726493,1.919044,-8.156505,0.177357,-0.177357
13.800000,-0.034399,0.217061,0.200243,-1.619074,1.698661,-8.956175,0.196199,-0.196199
13.805000,-0.030323,0.197214,0.203023,-1.691364,1.899182,-7.923794,0.214800,-0.214800
13.810000,-0.033552,0.222071,0.211195,-1.742732,1.659763,-7.716682,0.233143,-0.233143
13.815000,-0.032850,0.201418,0.241540,-1.646013,1.726956,-6.737051,0.251210,-0.251210
13.820000,-0.030046,0.170692,0.241231,-1.992882,1.631582,-6.350109,0.268984,-0.268984
13.825000,-0.026046,0.192273,0.230727,-1.893443,1.444650,-6.384435,0.286448,-0.286448
13.830000,-0.025990,0.166144,0.252689,-2.049207,1.497865,-5.810704,0.303586,-0.303586
13.835000,-0.024249,0.170054,0.230501,-1.787771,1.290695,-5.015042,0.320381,-0.320381
13.840000,-0.024803,0.145150,0.258054,-1.856152,1.248916,-5.266259,0.336818,-0.336818
13.845000,-0.020898,0.124906,0.257853,-2.086858,1.098003,-4.741013,0.352882,-0.352882
13.850000,-0.020416,0.136615,0.287235,-1.898207,1.076871,-4.132976,0.368556,-0.368556
13.855000,-0.021923,0.114023,0.258290,-1.873168,1.055699,-3.703560,0.383828,-0.383828
13.860000,-0.018509,0.107982,0.272968,-2.222462,0.989409,-3.015785,0.398683,-0.398683
13.865000,-0.016851,0.088991,0.270043,-2.140198,0.873190,-2.538986,0.413107,-0.413107
13.870000,-0.016097,0.086815,0.275951,-2.213721,0.824481,-2.067824,0.427088,-0.427088
13.875000,-0.014388,0.075629,0.303368,-2.090770,0.675175,-1.688136,0.440612,-0.440612
13.880000,-0.012924,0.060468,0.277140,-2.089560,0.698322,-1.160291,0.453667,-0.453667
13.885000,-0.011294,0.058489,0.301510,-2.049793,0.582924,-0.602822,0.466241,-0.466241
13.890000,-0.009472,0.043344,0.314202,-1.929807,0.503653,-0.138755,0.478324,-0.478324
13.895000,-0.008776,0.033929,0.280852,-2.082040,0.396047,0.300505,0.489905,-0.489905
13.900000,-0.007520,0.025880,0.332608,-2.090905,0.343263,0.810758,0.500973,-0.500973
13.905000,-0.005201,0.013776,0.328638,-1.916910,0.289618,1.127233,0.511519,-0.511519
13.910000,-0.004132,0.003393,0.309571,-2.238277,0.189931,1.515352,0.521533,-0.521533
13.915000,-0.002420,-0.007205,0.299657,-2.096348,0.107103,2.255508,0.531008,-0.531008
13.920000,-0.000707,-0.015749,0.301444,-1.876324,0.038987,2.344249,0.539935,-0.539935
13.925000,0.000857,-0.028284,0.313265,-1.913238,-0.036132,3.198813,0.548306,-0.548306
13.930000,0.002435,-0.037824,0.281503,-2.101476,-0.099949,3.462186,0.556116,-0.556116
13.935000,0.004316,-0.050758,0.316731,-1.996341,-0.191262,3.338184,0.563356,-0.563356
13.940000,0.006008,-0.062640,0.329699,-1.858315,-0.262613,3.692806,0.570023,-0.570023
13.945000,0.006716,-0.072153,0.301585,-2.065179,-0.314800,4.666496,0.576110,-0.576110
13.950000,0.009465,-0.079217,0.325151,-1.872789,-0.381060,4.956194,0.581613,-0.581613
13.955000,0.009713,-0.095209,0.301823,-1.913170,-0.420645,5.305893,0.586529,-0.586529
13.960000,0.011791,-0.089083,0.282690,-1.804902,-0.507665,5.632208,0.590853,-0.590853
13.965000,0.013324,-0.097619,0.287754,-2.039418,-0.570044,6.113281,0.594583,-0.594583
13.970000,0.014809,-0.114495,0.290048,-1.671548,-0.623180,6.081995,0.597716,-0.597716
13.975000,0.015688,-0.129291,0.283186,-1.880329,-0.639596,6.314327,0.600252,-0.600252
13.980000,0.017595,-0.122604,0.274991,-1.795943,-0.687710,6.611482,0.602189,-0.602189
13.985000,0.018903,-0.136158,0.273193,-1.675072,-0.713336,6.952026,0.603526,-0.603526
13.990000,0.021304,-0.164536,0.270891,-1.709363,-0.787739,7.404110,0.604265,-0.604265
13.995000,0.023667,-0.167761,0.279861,-1.729422,-0.860902,6.834224,0.604405,-0.604405
14.000000,0.023016,-0.153351,0.268731,-1.762568,-1.009743,8.020041,0.603948,-0.603948
14.005000,0.023816,-0.179093,0.251220,-1.630509,-1.048363,8.071362,0.602896,-0.602896
14.010000,0.024035,-0.196275,0.250148,-1.657691,-1.038310,8.327121,0.601251,-0.601251
14.015000,0.025477,-0.193232,0.246861,-1.476626,-0.992768,7.758295,0.599017,-0.599017
14.020000,0.027264,-0.192513,0.267678,-1.405107,-1.063518,8.962166,0.596197,-0.596197
14.025000,0.030146,-0.206836,0.268943,-1.383530,-1.203891,9.049684,0.592795,-0.592795
14.030000,0.030551,-0.223115,0.242000,-1.339538,-1.208962,9.382159,0.588817,-0.588817
14.035000,0.034589,-0.241189,0.235198,-1.352767,-1.182813,9.519905,0.584268,-0.584268
14.040000,0.032914,-0.246246,0.226522,-1.335858,-1.335012,9.121740,0.579153,-0.579153
14.045000,0.036463,-0.233039,0.219425,-1.251568,-1.384109,9.815166,0.573479,-0.573479
14.050000,0.038423,-0.254498,0.229402,-1.229599,-1.300885,9.526134,0.567253,-0.567253
14.055000,0.034925,-0.264941,0.198031,-1.114178,-1.340094,9.875894,0.560483,-0.560483
14.060000,0.040406,-0.242730,0.196950,-1.001679,-1.374386,10.767683,0.553176,-0.553176
14.065000,0.039564,-0.243586,0.211332,-0.956135,-1.534704,11.128782,0.545342,-0.545342
14.070000,0.042050,-0.270965,0.198474,-1.080793,-1.336671,10.285428,0.536988,-0.536988
14.075000,0.042449,-0.287217,0.176983,-0.921723,-1.373165,11.453350,0.528126,-0.528126
14.080000,0.040334,-0.273009,0.178115,-0.961430,-1.539965,9.693653,0.518764,-0.518764
14.085000,0.043489,-0.280254,0.151128,-0.874955,-1.703710,10.153848,0.508913,-0.508913
14.090000,0.042224,-0.298326,0.171629,-0.761811,-1.500318,11.188096,0.498585,-0.498585
14.095000,0.041047,-0.287293,0.157671,-0.750334,-1.720983,10.914702,0.487790,-0.487790
14.100000,0.047523,-0.282024,0.131502,-0.635895,-1.611897,11.401213,0.476540,-0.476540
14.105000,0.049605,-0.260735,0.143153,-0.614545,-1.757464,11.060019,0.464848,-0.464848
14.110000,0.042426,-0.284012,0.123409,-0.538630,-1.726330,11.762934,0.452727,-0.452727
14.115000,0.042992,-0.310889,0.126120,-0.462178,-1.795006,10.442888,0.440189,-0.440189
14.120000,0.042955,-0.281621,0.114051,-0.434788,-1.753885,12.225416,0.427247,-0.427247
14.125000,0.044059,-0.271638,0.100458,-0.397652,-1.627620,10.789759,0.413916,-0.413916
14.130000,0.047232,-0.327138,0.095635,-0.337457,-1.653850,11.247603,0.400210,-0.400210
14.135000,0.049473,-0.304859,0.077813,-0.257510,-1.900934,11.790102,0.386143,-0.386143
14.140000,0.044768,-0.291050,0.076680,-0.199281,-1.937494,12.017101,0.371730,-0.371730
14.145000,0.045413,-0.329004,0.057431,-0.140270,-1.901831,11.706831,0.356986,-0.356986
14.150000,0.054122,-0.315368,0.046826,-0.089788,-1.761881,12.843197,0.341926,-0.341926
14.155000,0.051704,-0.324339,0.042948,-0.022771,-1.920671,12.942976,0.326566,-0.326566
14.160000,0.052492,-0.283395,0.032958,0.037789,-1.836234,12.398198,0.310922,-0.310922
14.165000,0.046550,-0.332746,0.020093,0.100392,-1.868447,12.910447,0.295011,-0.295011
14.170000,0.053142,-0.304291,0.013082,0.155894,-1.933811,11.128584,0.278848,-0.278848
14.175000,0.048129,-0.275342,0.002598,0.193235,-1.961275,11.233674,0.262449,-0.262449
14.180000,0.050176,-0.293273,-0.007490,0.288238,-2.120463,11.821861,0.245833,-0.245833
14.185000,0.045647,-0.279027,-0.017434,0.337092,-2.127253,10.576094,0.229016,-0.229016
14.190000,0.048395,-0.300219,-0.025198,0.362610,-1.879840,11.214537,0.212014,-0.212014
14.195000,0.047331,-0.322614,-0.034483,0.465604,-2.211229,11.735770,0.194846,-0.194846
14.200000,0.050141,-0.280973,-0.049027,0.454551,-2.036123,11.922473,0.177528,-0.177528
14.205000,0.045457,-0.287741,-0.058719,0.561987,-2.180666,11.889598,0.160078,-0.160078
14.210000,0.053727,-0.271934,-0.070130,0.634738,-1.896563,11.853265,0.142514,-0.142514
14.215000,0.050193,-0.269316,-0.084609,0.698193,-2.045683,11.744861,0.124853,-0.124853
14.220000,0.046401,-0.288145,-0.091285,0.710953,-1.886663,11.368473,0.107112,-0.107112
14.225000,0.044367,-0.288014,-0.089216,0.776077,-2.040288,10.675874,0.089311,-0.089311
14.230000,0.047363,-0.275387,-0.101905,0.907046,-2.065960,10.373702,0.071465,-0.071465
14.235000,0.047968,-0.272577,-0.117051,0.912965,-1.807605,10.928441,0.053594,-0.053594
14.240000,0.048339,-0.281207,-0.128728,0.897851,-1.977788,9.655521,0.035714,-0.035714
14.245000,0.046373,-0.268061,-0.146482,1.055402,-2.057361,9.760940,0.017843,-0.017843
14.250000,0.046928,-0.261139,-0.158555,1.002907,-1.837102,9.736821,0.000000,-0.000000
14.255000,0.044383,-0.272865,-0.172639,1.158609,-1.920688,9.348078,-0.017799,0.017799
14.260000,0.044280,-0.234285,-0.184387,1.061684,-1.994015,10.436363,-0.035536,0.035536
14.265000,0.039987,-0.215950,-0.188105,1.245534,-1.842249,8.722730,-0.053193,0.053193
14.270000,0.037739,-0.230197,-0.185666,1.321735,-1.829092,8.228826,-0.070754,0.070754
14.275000,0.042069,-0.234382,-0.190485,1.336448,-1.897355,8.375006,-0.088201,0.088201
14.280000,0.041208,-0.227540,-0.216092,1.280089,-1.647602,8.299302,-0.105518,0.105518
14.285000,0.038359,-0.229908,-0.223086,1.427262,-1.801180,8.122233,-0.122687,0.122687
14.290000,0.035995,-0.204981,-0.220333,1.529578,-1.673929,8.100778,-0.139692,0.139692
14.295000,0.037725,-0.216908,-0.236483,1.464662,-1.682451,7.619797,-0.156517,0.156517
14.300000,0.036011,-0.172346,-0.222399,1.337448,-1.522494,7.269452,-0.173145,0.173145
14.305000,0.036551,-0.172085,-0.222984,1.450946,-1.507020,6.610410,-0.189561,0.189561
14.310000,0.032085,-0.175586,-0.258972,1.470370,-1.557969,6.935672,-0.205748,0.205748
14.315000,0.030868,-0.161421,-0.262144,1.464070,-1.377741,6.353198,-0.221692,0.221692
14.320000,0.030824,-0.163989,-0.244663,1.648747,-1.323225,5.571144,-0.237378,0.237378
14.325000,0.030620,-0.155281,-0.278634,1.781313,-1.389438,5.643581,-0.252790,0.252790
14.330000,0.025752,-0.158420,-0.276620,1.620515,-1.223343,5.244038,-0.267914,0.267914
14.335000,0.023461,-0.124597,-0.268256,1.731679,-1.076590,4.180693,-0.282735,0.282735
14.340000,0.025633,-0.133609,-0.319558,1.775441,-1.075080,4.064335,-0.297241,0.297241
14.345000,0.024283,-0.129507,-0.311908,1.602545,-0.977200,3.779965,-0.311417,0.311417
14.350000,0.019664,-0.110877,-0.292788,1.714729,-1.036040,3.612453,-0.325250,0.325250
14.355000,0.017797,-0.096415,-0.296833,1.652701,-0.945401,3.249248,-0.338727,0.338727
14.360000,0.018203,-0.091107,-0.311169,1.862966,-0.923890,2.670109,-0.351837,0.351837
14.365000,0.017189,-0.076645,-0.331283,1.674988,-0.825085,1.997049,-0.364566,0.364566
14.370000,0.013568,-0.074256,-0.335178,1.896467,-0.737361,1.954313,-0.376904,0.376904
14.375000,0.014622,-0.061731,-0.307910,1.827606,-0.681503,1.428717,-0.388838,0.388838
14.380000,0.010767,-0.059448,-0.328634,1.928769,-0.595267,0.935914,-0.400360,0.400360
14.385000,0.009996,-0.049278,-0.311105,1.840906,-0.502694,0.618694,-0.411457,0.411457
14.390000,0.007768,-0.040184,-0.303180,1.730195,-0.398481,0.186783,-0.422120,0.422120
14.395000,0.006663,-0.029197,-0.319166,1.677094,-0.367249,-0.171923,-0.432340,0.432340
14.400000,0.005526,-0.019935,-0.318437,1.766652,-0.286219,-0.602099,-0.442107,0.442107
14.405000,0.003628,-0.010964,-0.336181,1.672266,-0.199534,-0.951511,-0.451414,0.451414
14.410000,0.001950,-0.002460,-0.318669,1.706925,-0.118060,-1.313572,-0.460252,0.460252
14.415000,0.000115,0.006325,-0.347684,1.961683,-0.060009,-1.816233,-0.468613,0.468613
14.420000,-0.001454,0.016723,-0.343867,1.862923,0.009772,-2.110328,-0.476491,0.476491
14.425000,-0.003350,0.025226,-0.357214,1.673621,0.079300,-2.397707,-0.483879,0.483879
14.430000,-0.005099,0.032870,-0.342432,1.765905,0.154210,-2.975510,-0.490770,0.490770
14.435000,-0.006465,0.045881,-0.362544,1.808355,0.217196,-3.042967,-0.497160,0.497160
14.440000,-0.009099,0.046126,-0.351861,1.648572,0.254693,-3.147837,-0.503043,0.503043
14.445000,-0.009360,0.059304,-0.350891,1.647168,0.333892,-4.105581,-0.508415,0.508415
14.450000,-0.011489,0.074639,-0.330318,1.855302,0.437973,-3.711065,-0.513272,0.513272
14.455000,-0.013604,0.078166,-0.312507,1.813338,0.496233,-4.020331,-0.517610,0.517610
14.460000,-0.013498,0.079983,-0.339821,1.544266,0.558796,-4.790315,-0.521426,0.521426
14.465000,-0.017934,0.099236,-0.312927,1.598585,0.547341,-4.822086,-0.524717,0.524717
14.470000,-0.017063,0.106760,-0.325764,1.649493,0.660733,-4.908857,-0.527483,0.527483
14.475000,-0.021174,0.098944,-0.313412,1.465106,0.698183,-5.227296,-0.529720,0.529720
14.480000,-0.021158,0.107737,-0.339875,1.694625,0.816700,-5.720102,-0.531430,0.531430
14.485000,-0.024844,0.115061,-0.290306,1.552916,0.725739,-5.707757,-0.532610,0.532610
14.490000,-0.022313,0.134714,-0.321744,1.425097,0.819538,-5.906374,-0.533262,0.533262
14.495000,-0.026043,0.151195,-0.290487,1.494829,0.966467,-6.498232,-0.533385,0.533385
14.500000,-0.029875,0.158673,-0.296222,1.394419,0.903636,-7.325436,-0.532982,0.532982
14.505000,-0.029136,0.138623,-0.269023,1.469558,1.039840,-6.611558,-0.532053,0.532053
14.510000,-0.031016,0.150297,-0.280727,1.256719,1.016620,-7.365922,-0.530602,0.530602
14.515000,-0.032611,0.157088,-0.278127,1.222272,1.186458,-7.953489,-0.528630,0.528630
14.520000,-0.032903,0.162411,-0.256759,1.329037,1.173842,-7.563286,-0.526142,0.526142
14.525000,-0.034047,0.170893,-0.281118,1.348336,1.116814,-7.468475,-0.523140,0.523140
14.530000,-0.035667,0.189729,-0.266999,1.160096,1.295573,-7.515241,-0.519629,0.519629
14.535000,-0.035003,0.207349,-0.241834,1.150607,1.378261,-9.015483,-0.515615,0.515615
14.540000,-0.037154,0.207888,-0.231029,1.119631,1.194028,-8.203191,-0.511101,0.511101
14.545000,-0.039750,0.182791,-0.241948,1.124565,1.264509,-8.052508,-0.506093,0.506093
14.550000,-0.039936,0.202736,-0.217065,1.059834,1.421592,-8.557785,-0.500599,0.500599
14.555000,-0.043696,0.229691,-0.233465,1.020830,1.468548,-9.195758,-0.494624,0.494624
14.560000,-0.045899,0.211114,-0.217520,1.011431,1.507728,-8.946540,-0.488176,0.488176
14.565000,-0.047513,0.210883,-0.214851,0.880529,1.457181,-9.165268,-0.481262,0.481262
14.570000,-0.047226,0.243123,-0.214097,0.797956,1.542516,-10.071020,-0.473890,0.473890
14.575000,-0.047127,0.211773,-0.201728,0.853853,1.466263,-9.799283,-0.466069,0.466069
14.580000,-0.050300,0.224825,-0.182432,0.798791,1.682329,-9.470160,-0.457807,0.457807
14.585000,-0.043757,0.216402,-0.180537,0.707400,1.771292,-8.888343,-0.449114,0.449114
14.590000,-0.047450,0.224653,-0.178451,0.601137,1.594747,-9.405596,-0.439999,0.439999
14.595000,-0.047167,0.263013,-0.166015,0.589235,1.730002,-9.852851,-0.430473,0.430473
14.600000,-0.054728,0.234467,-0.166357,0.582128,1.876517,-10.592576,-0.420545,0.420545
14.605000,-0.056598,0.266608,-0.137889,0.541829,1.887556,-9.377181,-0.410227,0.410227
14.610000,-0.054701,0.262435,-0.151401,0.461893,1.812958,-9.202555,-0.399530,0.399530
14.615000,-0.049107,0.271620,-0.126309,0.384995,1.885779,-10.014556,-0.388465,0.388465
14.620000,-0.056155,0.276326,-0.116106,0.378584,1.640824,-9.966293,-0.377044,0.377044
14.625000,-0.053633,0.237147,-0.118280,0.279656,1.971492,-10.445913,-0.365280,0.365280
14.630000,-0.054338,0.249445,-0.108797,0.262087,1.687579,-9.958582,-0.353184,0.353184
14.635000,-0.057572,0.254964,-0.099384,0.214107,2.059051,-10.355020,-0.340770,0.340770
14.640000,-0.057128,0.256191,-0.087071,0.158136,1.915809,-10.599002,-0.328050,0.328050
14.645000,-0.053969,0.268385,-0.077769,0.111462,1.836627,-10.816797,-0.315039,0.315039
14.650000,-0.051449,0.257910,-0.066528,0.048254,1.812135,-10.943266,-0.301749,0.301749
14.655000,-0.053256,0.253861,-0.058077,-0.000491,2.050962,-11.173271,-0.288194,0.288194
14.660000,-0.061772,0.288512,-0.047997,-0.050755,1.797429,-11.039515,-0.274388,0.274388
14.665000,-0.051731,0.278388,-0.041442,-0.096400,1.832359,-9.856401,-0.260346,0.260346
14.670000,-0.051941,0.239925,-0.030492,-0.161404,1.959546,-10.280663,-0.246082,0.246082
14.675000,-0.059551,0.236189,-0.018745,-0.187051,2.114686,-11.285488,-0.231611,0.231611
14.680000,-0.057058,0.283582,-0.008145,-0.264369,2.197829,-10.370825,-0.216947,0.216947
14.685000,-0.055262,0.242654,0.001940,-0.302618,1.970725,-10.105826,-0.202106,0.202106
14.690000,-0.063492,0.246501,0.012224,-0.396624,1.928942,-10.885054,-0.187102,0.187102
14.695000,-0.056339,0.260426,0.021817,-0.436928,1.980016,-9.391148,-0.171951,0.171951
14.700000,-0.052946,0.254236,0.031170,-0.498521,1.901991,-10.400168,-0.156668,0.156668
14.705000,-0.062906,0.232917,0.043747,-0.502053,2.016714,-9.562519,-0.141268,0.141268
14.710000,-0.062159,0.265427,0.050631,-0.517349,1.839614,-9.773484,-0.125768,0.125768
14.715000,-0.061863,0.241352,0.067919,-0.580165,2.046021,-9.632652,-0.110182,0.110182
14.720000,-0.051331,0.263622,0.072937,-0.681077,2.069172,-9.534075,-0.094526,0.094526
14.725000,-0.058916,0.252714,0.089595,-0.752601,1.834196,-9.703735,-0.078816,0.078816
14.730000,-0.051695,0.213788,0.095314,-0.677910,1.885006,-8.850061,-0.063068,0.063068
14.735000,-0.058932,0.210083,0.104459,-0.803476,1.842625,-8.413252,-0.047296,0.047296
14.740000,-0.059030,0.246571,0.124264,-0.917122,1.944727,-9.575495,-0.031517,0.031517
14.745000,-0.050689,0.211038,0.112889,-0.857461,2.149822,-9.508502,-0.015747,0.015747
14.750000,-0.054474,0.229964,0.144407,-1.020700,1.898880,-8.356245,-0.000000,0.000000
14.755000,-0.056791,0.229905,0.155473,-0.983667,2.047013,-8.852009,0.015707,-0.015707
14.760000,-0.050915,0.202890,0.140419,-1.111130,1.749295,-7.724231,0.031360,-0.031360
14.765000,-0.052174,0.219693,0.164353,-1.113110,1.930544,-8.081000,0.046943,-0.046943
14.770000,-0.053012,0.195735,0.179001,-1.099495,1.815173,-7.976360,0.062440,-0.062440
14.775000,-0.053107,0.202985,0.170417,-1.066673,1.690863,-7.434746,0.077837,-0.077837
14.780000,-0.045411,0.196262,0.205116,-1.237703,1.687540,-6.656792,0.093119,-0.093119
14.785000,-0.051592,0.182456,0.193082,-1.144862,1.708459,-6.471255,0.108271,-0.108271
14.790000,-0.045727,0.191297,0.222060,-1.199353,1.800854,-6.474150,0.123278,-0.123278
14.795000,-0.048262,0.177182,0.227911,-1.334640,1.650527,-6.508929,0.138125,-0.138125
14.800000,-0.045782,0.164521,0.238700,-1.176035,1.724831,-5.955235,0.152800,-0.152800
14.805000,-0.047257,0.151614,0.233650,-1.434309,1.549602,-5.984243,0.167287,-0.167287
14.810000,-0.041410,0.151407,0.260650,-1.378947,1.373759,-6.023825,0.181572,-0.181572
14.815000,-0.041830,0.136169,0.233525,-1.389087,1.498869,-5.016070,0.195643,-0.195643
14.820000,-0.036198,0.131505,0.230485,-1.342631,1.452689,-5.138885,0.209485,-0.209485
14.825000,-0.040399,0.123353,0.257996,-1.386234,1.220648,-4.243944,0.223086,-0.223086
14.830000,-0.035238,0.123546,0.277333,-1.420454,1.349427,-4.425899,0.236433,-0.236433
14.835000,-0.033240,0.112154,0.286517,-1.515267,1.119883,-3.916375,0.249513,-0.249513
14.840000,-0.032956,0.099277,0.298368,-1.389966,1.099234,-3.519714,0.262314,-0.262314
14.845000,-0.034524,0.103732,0.304439,-1.460348,1.113026,-3.503411,0.274824,-0.274824
14.850000,-0.029274,0.095544,0.293779,-1.437361,0.964323,-3.034463,0.287032,-0.287032
14.855000,-0.031007,0.083824,0.276498,-1.516474,1.095240,-2.321854,0.298926,-0.298926
14.860000,-0.025981,0.077231,0.309853,-1.451707,0.862769,-2.278452,0.310495,-0.310495
14.865000,-0.028511,0.069268,0.318066,-1.516571,0.955367,-1.790146,0.321728,-0.321728
14.870000,-0.025416,0.062341,0.279011,-1.687933,0.776642,-1.490761,0.332616,-0.332616
14.875000,-0.025477,0.047437,0.294996,-1.615498,0.774780,-1.155108,0.343149,-0.343149
14.880000,-0.023630,0.046431,0.339044,-1.566644,0.647753,-0.746563,0.353316,-0.353316
14.885000,-0.018825,0.033089,0.336985,-1.640990,0.674801,-0.493879,0.363109,-0.363109
14.890000,-0.020182,0.030461,0.337902,-1.497166,0.603986,-0.137536,0.372519,-0.372519
14.895000,-0.018303,0.020260,0.337558,-1.631314,0.501488,0.183299,0.381538,-0.381538
14.900000,-0.015857,0.012519,0.332591,-1.599859,0.461652,0.545437,0.390158,-0.390158
14.905000,-0.014555,0.004551,0.301832,-1.556034,0.347583,0.780138,0.398371,-0.398371
14.910000,-0.013570,-0.003132,0.298778,-1.544301,0.303422,1.104254,0.406171,-0.406171
14.915000,-0.010953,-0.010180,0.310263,-1.697053,0.219066,1.508046,0.413549,-0.413549
14.920000,-0.009090,-0.017937,0.336524,-1.533101,0.183725,1.797369,0.420502,-0.420502
14.925000,-0.007961,-0.028738,0.338171,-1.666584,0.124455,2.034456,0.427021,-0.427021
14.930000,-0.006429,-0.031912,0.323891,-1.534141,0.055347,2.507152,0.433103,-0.433103
14.935000,-0.004139,-0.042882,0.314467,-1.391381,-0.008716,2.550743,0.438742,-0.438742
14.940000,-0.002501,-0.048871,0.326349,-1.640996,-0.065328,3.106652,0.443934,-0.443934
14.945000,-0.001095,-0.059510,0.339271,-1.503621,-0.136334,3.302165,0.448675,-0.448675
14.950000,0.000631,-0.064398,0.302319,-1.520682,-0.172573,3.674598,0.452961,-0.452961
14.955000,0.002354,-0.068111,0.309563,-1.461801,-0.232408,3.603104,0.456789,-0.456789
14.960000,0.004214,-0.081702,0.358695,-1.478541,-0.326418,3.889760,0.460156,-0.460156
14.965000,0.005564,-0.083271,0.329246,-1.354909,-0.384316,4.463096,0.463061,-0.463061
14.970000,0.007933,-0.087965,0.347979,-1.437990,-0.425028,4.563094,0.465502,-0.465502
14.975000,0.008305,-0.090160,0.318357,-1.304951,-0.446365,5.170058,0.467477,-0.467477
14.980000,0.010586,-0.103629,0.314757,-1.396258,-0.467893,5.347644,0.468985,-0.468985
14.985000,0.013270,-0.122977,0.331702,-1.190784,-0.519159,5.699418,0.470027,-0.470027
14.990000,0.014532,-0.122674,0.296977,-1.200559,-0.625833,5.596390,0.470602,-0.470602
14.995000,0.015972,-0.120786,0.340214,-1.372210,-0.611966,5.914327,0.470711,-0.470711
15.000000,0.016803,-0.123853,0.294743,-1.341124,-0.788756,6.386563,0.470355,-0.470355
15.005000,0.016708,-0.149020,0.281855,-1.091949,-0.746408,6.791035,0.469536,-0.469536
15.010000,0.021201,-0.142152,0.276670,-1.059222,-0.869169,6.973186,0.468255,-0.468255
15.015000,0.023152,-0.139751,0.282197,-1.128315,-0.937725,6.635468,0.466515,-0.466515
15.020000,0.022128,-0.153477,0.302923,-1.008908,-0.928820,6.928522,0.464319,-0.464319
15.025000,0.025806,-0.177242,0.267848,-1.168554,-0.919479,7.614899,0.461670,-0.461670
15.030000,0.026321,-0.178935,0.263235,-1.126721,-0.941088,7.557331,0.458571,-0.458571
15.035000,0.029067,-0.184625,0.293593,-0.984380,-1.075426,7.424802,0.455028,-0.455028
15.040000,0.027999,-0.185998,0.291735,-0.960197,-1.123656,7.096606,0.451045,-0.451045
15.045000,0.031036,-0.170480,0.282597,-0.876906,-1.059202,8.301933,0.446626,-0.446626
15.050000,0.031609,-0.201565,0.245893,-0.813350,-1.055312,7.959746,0.441777,-0.441777
15.055000,0.030062,-0.175881,0.248750,-0.854343,-1.182453,7.431737,0.436505,-0.436505
15.060000,0.030822,-0.203040,0.263296,-0.885876,-1.252941,8.696782,0.430814,-0.430814
15.065000,0.034781,-0.197981,0.256092,-0.792895,-1.271921,7.909046,0.424712,-0.424712
15.070000,0.035467,-0.205066,0.253940,-0.728005,-1.245173,8.317724,0.418207,-0.418207
15.075000,0.034074,-0.195986,0.216337,-0.738368,-1.455220,8.332144,0.411305,-0.411305
15.080000,0.035220,-0.208946,0.211383,-0.705866,-1.303286,8.288332,0.404014,-0.404014
15.085000,0.037385,-0.224696,0.207225,-0.550186,-1.292693,7.791190,0.396342,-0.396342
15.090000,0.043135,-0.232689,0.217975,-0.553566,-1.437875,9.328300,0.388298,-0.388298
15.095000,0.042993,-0.215346,0.197642,-0.510099,-1.579623,7.988907,0.379891,-0.379891
15.100000,0.040246,-0.232218,0.192644,-0.505498,-1.553879,8.017630,0.371130,-0.371130
15.105000,0.041561,-0.214936,0.198420,-0.402434,-1.698678,8.386129,0.362024,-0.362024
15.110000,0.048927,-0.219989,0.166769,-0.410950,-1.607253,8.968984,0.352584,-0.352584
15.115000,0.043568,-0.224016,0.183528,-0.308283,-1.619964,9.864618,0.342819,-0.342819
15.120000,0.049186,-0.211417,0.159961,-0.295911,-1.794542,9.736820,0.332741,-0.332741
15.125000,0.046326,-0.218856,0.143238,-0.260987,-1.654790,9.303204,0.322358,-0.322358
15.130000,0.052298,-0.219402,0.142230,-0.208494,-1.580558,9.984812,0.311684,-0.311684
15.135000,0.045453,-0.245804,0.139726,-0.168596,-1.828885,8.551291,0.300728,-0.300728
15.140000,0.051246,-0.212643,0.125446,-0.101469,-1.801115,9.528437,0.289503,-0.289503
15.145000,0.051295,-0.246328,0.114958,-0.062848,-1.904968,9.565048,0.278021,-0.278021
15.150000,0.051381,-0.229190,0.122548,-0.019430,-1.786054,9.828588,0.266292,-0.266292
15.155000,0.048605,-0.222986,0.105606,0.027023,-1.938512,8.890829,0.254330,-0.254330
15.160000,0.051101,-0.239104,0.091361,0.074266,-1.652554,8.327118,0.242147,-0.242147
15.165000,0.049483,-0.212306,0.081001,0.129963,-1.750486,9.085044,0.229755,-0.229755
15.170000,0.051010,-0.213298,0.073401,0.151407,-1.909580,8.756842,0.217167,-0.217167
15.175000,0.055530,-0.229071,0.061217,0.227750,-1.706253,8.837125,0.204396,-0.204396
15.180000,0.051329,-0.232455,0.054071,0.248659,-2.034419,9.840984,0.191455,-0.191455
15.185000,0.053122,-0.228122,0.046788,0.328942,-1.825757,8.635879,0.178358,-0.178358
15.190000,0.050785,-0.228746,0.037962,0.345937,-1.929425,9.315590,0.165117,-0.165117
15.195000,0.051509,-0.216668,0.031979,0.405346,-1.999497,9.482854,0.151746,-0.151746
15.200000,0.048923,-0.218104,0.021853,0.472141,-1.910915,9.231671,0.138259,-0.138259
15.205000,0.058206,-0.214360,0.009984,0.470858,-1.850740,9.464091,0.124669,-0.124669
15.210000,0.052941,-0.224916,0.001214,0.475690,-1.737743,8.736289,0.110990,-0.110990
15.215000,0.055151,-0.229676,-0.008093,0.551702,-1.895247,8.355853,0.097235,-0.097235
15.220000,0.049663,-0.225662,-0.017613,0.545810,-1.896253,9.127946,0.083419,-0.083419
15.225000,0.048669,-0.215469,-0.028825,0.655993,-1.723857,7.759767,0.069555,-0.069555
15.230000,0.054247,-0.187822,-0.033589,0.681351,-1.896344,7.546391,0.055657,-0.055657
15.235000,0.058514,-0.185836,-0.048558,0.735020,-1.824867,8.119739,0.041739,-0.041739
15.240000,0.055959,-0.183551,-0.051520,0.746048,-1.897587,7.166979,0.027814,-0.027814
15.245000,0.049440,-0.184286,-0.064243,0.828302,-1.713114,7.826150,0.013896,-0.013896
15.250000,0.055325,-0.205973,-0.073413,0.915101,-1.916573,7.818717,0.000000,-0.000000
15.255000,0.048553,-0.178206,-0.088236,0.845885,-1.923790,7.313086,-0.013862,0.013862
15.260000,0.055038,-0.196245,-0.088944,0.838032,-1.654820,7.342554,-0.027675,0.027675
15.265000,0.051663,-0.191905,-0.099945,0.876144,-1.692228,6.501887,-0.041427,0.041427
15.270000,0.048231,-0.188382,-0.112728,1.037916,-1.683877,6.339316,-0.055103,0.055103
15.275000,0.047106,-0.179981,-0.116902,0.999925,-1.707215,5.831815,-0.068691,0.068691
15.280000,0.050217,-0.153336,-0.113564,1.104844,-1.760816,6.375734,-0.082177,0.082177
15.285000,0.052578,-0.147991,-0.121367,1.018796,-1.680351,5.495597,-0.095549,0.095549
15.290000,0.051731,-0.138535,-0.143895,1.145417,-1.521427,5.841043,-0.108792,0.108792
15.295000,0.049541,-0.149904,-0.158018,1.093550,-1.466840,5.463039,-0.121895,0.121895
15.300000,0.041989,-0.146571,-0.146711,1.152116,-1.482126,5.053087,-0.134845,0.134845
15.305000,0.047089,-0.131813,-0.177631,1.220038,-1.602162,4.523110,-0.147630,0.147630
15.310000,0.045590,-0.121265,-0.159181,1.275017,-1.353774,4.464903,-0.160237,0.160237
15.315000,0.046655,-0.115328,-0.165280,1.169626,-1.319342,3.991199,-0.172654,0.172654
15.320000,0.046013,-0.126589,-0.179337,1.254922,-1.517315,4.250223,-0.184870,0.184870
15.325000,0.043112,-0.117531,-0.190980,1.347062,-1.246635,3.745097,-0.196873,0.196873
15.330000,0.039696,-0.098266,-0.195787,1.262997,-1.321861,3.254390,-0.208651,0.208651
15.335000,0.042061,-0.097857,-0.191274,1.386139,-1.356710,3.055961,-0.220195,0.220195
15.340000,0.039305,-0.081132,-0.214691,1.206641,-1.309089,3.206733,-0.231492,0.231492
15.345000,0.034439,-0.078060,-0.240477,1.363674,-1.193883,2.818903,-0.242532,0.242532
15.350000,0.036321,-0.079374,-0.243941,1.373652,-1.202634,2.295118,-0.253305,0.253305
15.355000,0.036681,-0.069334,-0.227262,1.431137,-1.090538,1.995104,-0.263801,0.263801
15.360000,0.037591,-0.062542,-0.251288,1.358187,-1.001699,2.005051,-0.274011,0.274011
15.365000,0.032171,-0.060218,-0.245159,1.367404,-0.952163,1.499961,-0.283924,0.283924
15.370000,0.033221,-0.045253,-0.267708,1.368342,-0.832430,1.232959,-0.293533,0.293533
15.375000,0.030449,-0.039376,-0.268789,1.470093,-0.783620,0.866816,-0.302828,0.302828
15.380000,0.032160,-0.037883,-0.246102,1.537527,-0.837434,0.664113,-0.311800,0.311800
15.385000,0.026295,-0.027241,-0.257621,1.377823,-0.761588,0.324916,-0.320443,0.320443
15.390000,0.026283,-0.020311,-0.277695,1.425262,-0.626900,0.072426,-0.328747,0.328747
15.395000,0.023690,-0.014310,-0.258175,1.304692,-0.574460,-0.243575,-0.336706,0.336706
15.400000,0.022887,-0.006402,-0.246611,1.321334,-0.559204,-0.553282,-0.344313,0.344313
15.405000,0.021022,0.000037,-0.259896,1.446436,-0.551493,-0.864318,-0.351561,0.351561
15.410000,0.021840,0.007259,-0.279057,1.434427,-0.473651,-1.031544,-0.358444,0.358444
15.415000,0.020069,0.013948,-0.291604,1.272527,-0.388598,-1.299644,-0.364956,0.364956
15.420000,0.020308,0.019081,-0.253427,1.482958,-0.374973,-1.532613,-0.371091,0.371091
15.425000,0.016258,0.027008,-0.258334,1.498286,-0.289630,-2.029529,-0.376845,0.376845
15.430000,0.016248,0.036504,-0.304266,1.293644,-0.268421,-2.318267,-0.382212,0.382212
15.435000,0.014292,0.037383,-0.276951,1.417158,-0.202355,-2.253553,-0.387189,0.387189
15.440000,0.012846,0.045779,-0.286157,1.437541,-0.160174,-2.492573,-0.391771,0.391771
15.445000,0.011672,0.056591,-0.279266,1.396268,-0.097279,-2.855371,-0.395954,0.395954
15.450000,0.011407,0.061163,-0.258961,1.428979,-0.047468,-3.293853,-0.399737,0.399737
15.455000,0.009426,0.063446,-0.297416,1.197725,0.001449,-3.171853,-0.403115,0.403115
15.460000,0.007028,0.074452,-0.285252,1.338402,0.051422,-3.633552,-0.406087,0.406087
15.465000,0.006738,0.081637,-0.291089,1.294826,0.096885,-3.896303,-0.408650,0.408650
15.470000,0.005278,0.082688,-0.292595,1.246943,0.143349,-3.805380,-0.410804,0.410804
15.475000,0.003770,0.086656,-0.296623,1.100195,0.184974,-3.974012,-0.412547,0.412547
15.480000,0.002264,0.093368,-0.272341,1.101022,0.226230,-4.726704,-0.413878,0.413878
15.485000,0.000822,0.108785,-0.264639,1.142180,0.311480,-4.699805,-0.414797,0.414797
15.490000,-0.000670,0.100204,-0.269179,1.165218,0.357911,-4.569069,-0.415305,0.415305
15.495000,-0.001832,0.122848,-0.294126,1.012377,0.380797,-4.798634,-0.415401,0.415401
15.500000,-0.003425,0.117086,-0.287055,1.067887,0.457988,-5.188174,-0.415087,0.415087
15.505000,-0.004939,0.122153,-0.259562,0.996098,0.429496,-5.485188,-0.414364,0.414364
15.510000,-0.006345,0.136390,-0.285395,0.993605,0.538067,-5.503440,-0.413233,0.413233
15.515000,-0.007181,0.141012,-0.253151,0.971176,0.595537,-6.435396,-0.411698,0.411698
15.520000,-0.009289,0.141616,-0.266092,0.881689,0.659653,-6.205075,-0.409760,0.409760
15.525000,-0.009956,0.150356,-0.238503,0.930221,0.661354,-5.944738,-0.407422,0.407422
15.530000,-0.010263,0.144569,-0.244073,0.997866,0.656229,-6.872855,-0.404688,0.404688
15.535000,-0.011788,0.169129,-0.237589,0.827740,0.794837,-6.264805,-0.401561,0.401561
15.540000,-0.013021,0.176063,-0.259986,0.839469,0.819954,-6.426438,-0.398046,0.398046
15.545000,-0.013802,0.167224,-0.236667,0.835781,0.848727,-6.445516,-0.394146,0.394146
15.550000,-0.016723,0.157466,-0.217615,0.856935,0.825374,-7.290307,-0.389867,0.389867
15.555000,-0.018011,0.165652,-0.224766,0.801207,0.888407,-7.142316,-0.385214,0.385214
15.560000,-0.019327,0.172981,-0.238777,0.696228,0.983864,-6.909322,-0.380192,0.380192
15.565000,-0.019799,0.166075,-0.247914,0.690733,1.023724,-7.097236,-0.374807,0.374807
15.570000,-0.022439,0.174106,-0.240385,0.668077,0.899297,-7.690192,-0.369066,0.369066
15.575000,-0.021122,0.195401,-0.214439,0.568544,0.972231,-6.956045,-0.362975,0.362975
15.580000,-0.022624,0.197299,-0.210894,0.518600,1.061448,-7.335289,-0.356541,0.356541
15.585000,-0.023155,0.190998,-0.218912,0.527538,1.094339,-7.894969,-0.349770,0.349770
15.590000,-0.024100,0.185528,-0.209931,0.460038,1.087027,-8.074085,-0.342672,0.342672
15.595000,-0.026335,0.177713,-0.197945,0.438933,1.057433,-7.405522,-0.335253,0.335253
15.600000,-0.029065,0.207744,-0.176854,0.442772,1.098857,-8.185964,-0.327521,0.327521
15.605000,-0.026900,0.181279,-0.191613,0.391795,1.201452,-8.667891,-0.319485,0.319485
15.610000,-0.026925,0.192847,-0.165853,0.342616,1.235880,-8.745836,-0.311154,0.311154
15.615000,-0.030030,0.203271,-0.187075,0.279874,1.301410,-8.671929,-0.302537,0.302537
15.620000,-0.032407,0.196563,-0.180393,0.263409,1.377464,-8.831249,-0.293642,0.293642
15.625000,-0.033473,0.206240,-0.160251,0.228140,1.199446,-7.689725,-0.284480,0.284480
15.630000,-0.030285,0.200241,-0.149967,0.152565,1.353936,-7.714563,-0.275060,0.275060
15.635000,-0.031331,0.192362,-0.135824,0.130049,1.307253,-7.731071,-0.265392,0.265392
15.640000,-0.033512,0.204798,-0.125460,0.086480,1.315160,-7.933106,-0.255486,0.255486
15.645000,-0.035092,0.212199,-0.133182,0.043275,1.479032,-8.837035,-0.245352,0.245352
15.650000,-0.035928,0.195336,-0.117976,0.003456,1.538122,-7.628043,-0.235002,0.235002
15.655000,-0.034805,0.227084,-0.112424,-0.039929,1.317264,-7.539327,-0.224445,0.224445
15.660000,-0.039190,0.199466,-0.114826,-0.084152,1.589264,-7.939607,-0.213694,0.213694
15.665000,-0.038207,0.190395,-0.094265,-0.127935,1.511004,-7.341431,-0.202758,0.202758
15.670000,-0.036157,0.217371,-0.097075,-0.164733,1.521929,-8.244871,-0.191649,0.191649
15.675000,-0.040065,0.226734,-0.096855,-0.195056,1.478764,-8.113870,-0.180379,0.180379
15.680000,-0.039777,0.217984,-0.075802,-0.247173,1.446774,-7.273780,-0.168959,0.168959
15.685000,-0.035056,0.219538,-0.067434,-0.303366,1.558457,-7.216415,-0.157400,0.157400
15.690000,-0.040289,0.202651,-0.071982,-0.307375,1.444688,-8.258253,-0.145715,0.145715
15.695000,-0.042903,0.187561,-0.062744,-0.340959,1.558429,-8.406540,-0.133915,0.133915
15.700000,-0.038254,0.211813,-0.053534,-0.379878,1.458968,-8.030717,-0.122013,0.122013
15.705000,-0.043706,0.183433,-0.045554,-0.448323,1.626313,-7.219763,-0.110020,0.110020
15.710000,-0.040921,0.175584,-0.035481,-0.451974,1.593287,-8.062356,-0.097948,0.097948
15.715000,-0.037318,0.197375,-0.028671,-0.486643,1.543770,-7.925733,-0.085810,0.085810
15.720000,-0.040284,0.194927,-0.019671,-0.574894,1.508048,-7.643060,-0.073617,0.073617
15.725000,-0.036653,0.194485,-0.012540,-0.567087,1.656649,-7.491205,-0.061382,0.061382
15.730000,-0.043196,0.176568,-0.004380,-0.605032,1.476545,-7.264486,-0.049117,0.049117
15.735000,-0.037346,0.178024,0.003916,-0.692756,1.499322,-7.159785,-0.036834,0.036834
15.740000,-0.044209,0.161625,0.012349,-0.703913,1.570131,-7.037939,-0.024546,0.024546
15.745000,-0.039405,0.187996,0.020754,-0.727161,1.584469,-6.673256,-0.012264,0.012264
15.750000,-0.043303,0.156342,0.025243,-0.727018,1.530792,-6.273832,0.000000,-0.000000
15.755000,-0.037233,0.161998,0.032033,-0.797414,1.436133,-6.146237,0.012233,-0.012233
15.760000,-0.038200,0.172007,0.039300,-0.840082,1.595379,-5.999286,0.024423,-0.024423
15.765000,-0.037326,0.160826,0.049206,-0.807662,1.529420,-5.512761,0.036559,-0.036559
15.770000,-0.042907,0.154939,0.054528,-0.810875,1.324612,-6.237067,0.048628,-0.048628
15.775000,-0.036034,0.134343,0.067600,-0.927827,1.482607,-5.353876,0.060620,-0.060620
15.780000,-0.041290,0.152041,0.074741,-0.873219,1.547485,-5.185872,0.072521,-0.072521
15.785000,-0.037214,0.126486,0.078484,-1.021280,1.282059,-5.486849,0.084321,-0.084321
15.790000,-0.040460,0.143370,0.086630,-1.050970,1.489911,-4.980655,0.096009,-0.096009
15.795000,-0.035244,0.134664,0.087210,-1.012415,1.268537,-5.188218,0.107572,-0.107572
15.800000,-0.036679,0.127267,0.103647,-1.028913,1.194099,-4.486673,0.119001,-0.119001
15.805000,-0.037946,0.110996,0.098134,-1.085012,1.279488,-4.187083,0.130283,-0.130283
15.810000,-0.039037,0.107097,0.112778,-0.990038,1.301738,-4.019894,0.141409,-0.141409
15.815000,-0.034004,0.101503,0.108494,-1.204235,1.235057,-3.501271,0.152367,-0.152367
15.820000,-0.032822,0.098015,0.133418,-1.181043,1.228950,-3.882362,0.163147,-0.163147
15.825000,-0.033117,0.103326,0.132034,-1.175924,1.102994,-3.198103,0.173740,-0.173740
15.830000,-0.034906,0.100375,0.130824,-1.123445,1.099619,-3.297249,0.184134,-0.184134
15.835000,-0.032238,0.086595,0.144849,-1.089701,1.090337,-2.786842,0.194321,-0.194321
15.840000,-0.030505,0.079445,0.149876,-1.271373,0.962317,-2.596926,0.204291,-0.204291
15.845000,-0.032824,0.072235,0.152239,-1.173832,0.975259,-2.199631,0.214033,-0.214033
15.850000,-0.030845,0.063321,0.153813,-1.270781,1.050950,-2.267092,0.223541,-0.223541
15.855000,-0.027654,0.057955,0.150567,-1.311298,0.950046,-1.811787,0.232804,-0.232804
15.860000,-0.030767,0.055037,0.150198,-1.228889,0.819753,-1.493442,0.241814,-0.241814
15.865000,-0.030029,0.045597,0.152128,-1.347248,0.792766,-1.454820,0.250562,-0.250562
15.870000,-0.029413,0.044558,0.181606,-1.265632,0.781639,-1.013408,0.259042,-0.259042
15.875000,-0.028372,0.038151,0.188769,-1.349167,0.803325,-0.865000,0.267244,-0.267244
15.880000,-0.026678,0.029005,0.191973,-1.201358,0.724308,-0.566636,0.275163,-0.275163
15.885000,-0.026672,0.023421,0.188689,-1.182915,0.645858,-0.302409,0.282790,-0.282790
15.890000,-0.022821,0.018767,0.186309,-1.140980,0.680002,-0.066373,0.290118,-0.290118
15.895000,-0.021912,0.012338,0.177313,-1.251476,0.610862,0.174905,0.297142,-0.297142
15.900000,-0.023389,0.006552,0.198861,-1.127220,0.540070,0.467433,0.303855,-0.303855
15.905000,-0.022007,-0.000168,0.197860,-1.351087,0.544445,0.642886,0.310252,-0.310252
15.910000,-0.020561,-0.006576,0.206045,-1.224293,0.502299,0.993547,0.316326,-0.316326
15.915000,-0.018044,-0.012305,0.192328,-1.180909,0.445624,1.232103,0.322073,-0.322073
15.920000,-0.016829,-0.018992,0.192867,-1.292962,0.391249,1.468657,0.327487,-0.327487
15.925000,-0.015874,-0.023699,0.184354,-1.276924,0.320181,1.504845,0.332565,-0.332565
15.930000,-0.016543,-0.031759,0.214108,-1.172891,0.272798,1.975438,0.337301,-0.337301
15.935000,-0.016208,-0.038450,0.215220,-1.214416,0.251182,2.073158,0.341693,-0.341693
15.940000,-0.014373,-0.041694,0.214532,-1.128312,0.200925,2.348110,0.345736,-0.345736
15.945000,-0.012070,-0.044129,0.197021,-1.093788,0.152397,2.604755,0.349428,-0.349428
15.950000,-0.011864,-0.053666,0.219652,-1.116696,0.106671,2.605418,0.352766,-0.352766
15.955000,-0.011727,-0.057290,0.219108,-1.142689,0.067467,3.296355,0.355748,-0.355748
15.960000,-0.008715,-0.063253,0.211364,-1.046490,0.033758,2.919879,0.358370,-0.358370
15.965000,-0.008075,-0.070219,0.229707,-1.219141,-0.009879,3.172157,0.360633,-0.360633
15.970000,-0.007313,-0.085111,0.206912,-1.021350,-0.047920,3.841736,0.362533,-0.362533
15.975000,-0.006013,-0.088148,0.213545,-1.042527,-0.088593,3.894870,0.364071,-0.364071
15.980000,-0.004919,-0.092305,0.197978,-1.081364,-0.129314,3.986021,0.365246,-0.365246
15.985000,-0.004704,-0.098213,0.187798,-1.032192,-0.165376,3.794948,0.366057,-0.366057
15.990000,-0.003646,-0.089624,0.206144,-1.003245,-0.200596,4.690897,0.366505,-0.366505
15.995000,-0.002446,-0.098915,0.191091,-1.047083,-0.242657,4.863643,0.366590,-0.366590
16.000000,-0.001305,-0.113635,0.185646,-0.935085,-0.293701,4.404959,0.366313,-0.366313
16.005000,-0.000284,-0.119875,0.192826,-0.966515,-0.319740,4.763054,0.365675,-0.365675
16.010000,0.000737,-0.127916,0.218787,-0.855202,-0.324188,4.581041,0.364677,-0.364677
16.015000,0.001706,-0.123497,0.197479,-0.853066,-0.377578,5.392021,0.363322,-0.363322
16.020000,0.002819,-0.130057,0.184126,-0.795778,-0.456644,4.912101,0.361612,-0.361612
16.025000,0.003774,-0.135666,0.196981,-0.813146,-0.427908,5.450866,0.359549,-0.359549
16.030000,0.004589,-0.131371,0.206367,-0.782014,-0.478383,6.178128,0.357136,-0.357136
16.035000,0.005288,-0.141868,0.173768,-0.855151,-0.508456,5.835395,0.354376,-0.354376
16.040000,0.006892,-0.155537,0.192712,-0.797998,-0.546203,5.874546,0.351274,-0.351274
16.045000,0.007874,-0.134877,0.183943,-0.798047,-0.607303,5.985847,0.347833,-0.347833
16.050000,0.008546,-0.145840,0.171221,-0.685011,-0.599329,6.026141,0.344056,-0.344056
16.055000,0.009166,-0.151575,0.180685,-0.672746,-0.697852,6.308373,0.339950,-0.339950
16.060000,0.009647,-0.146070,0.167690,-0.684982,-0.742627,6.433430,0.335518,-0.335518
16.065000,0.011028,-0.153117,0.184610,-0.566903,-0.686388,6.186126,0.330766,-0.330766
16.070000,0.011556,-0.162451,0.180242,-0.603825,-0.740899,6.985315,0.325700,-0.325700
16.075000,0.012877,-0.154094,0.174137,-0.515690,-0.705479,7.282250,0.320324,-0.320324
16.080000,0.013399,-0.158738,0.161600,-0.518519,-0.805517,7.413215,0.314646,-0.314646
16.085000,0.014838,-0.168480,0.144950,-0.463673,-0.826763,7.305701,0.308671,-0.308671
16.090000,0.013794,-0.176069,0.141239,-0.463611,-0.857885,7.429675,0.302407,-0.302407
16.095000,0.015580,-0.181511,0.140320,-0.443255,-0.814528,7.568239,0.295859,-0.295859
16.100000,0.017180,-0.173120,0.137401,-0.348979,-0.821469,7.288314,0.289036,-0.289036
16.105000,0.016305,-0.190573,0.127282,-0.356188,-0.899750,6.938076,0.281945,-0.281945
16.110000,0.019427,-0.168004,0.133401,-0.276739,-0.916239,6.713127,0.274593,-0.274593
16.115000,0.017244,-0.176214,0.134689,-0.262133,-1.063840,7.496794,0.266988,-0.266988
16.120000,0.018135,-0.194711,0.124441,-0.226907,-0.960121,7.698066,0.259139,-0.259139
16.125000,0.019895,-0.192449,0.115898,-0.195047,-1.088223,6.677416,0.251053,-0.251053
16.130000,0.019851,-0.171394,0.105298,-0.149453,-1.072349,7.325859,0.242740,-0.242740
16.135000,0.019426,-0.174663,0.115249,-0.108824,-0.952773,6.992778,0.234208,-0.234208
16.140000,0.019850,-0.175146,0.113059,-0.084125,-1.082236,6.763347,0.225466,-0.225466
16.145000,0.021347,-0.187789,0.091728,-0.046865,-1.013728,6.773888,0.216523,-0.216523
16.150000,0.024782,-0.174454,0.101935,-0.007520,-1.097897,6.754163,0.207389,-0.207389
16.155000,0.023063,-0.196215,0.084832,0.029693,-1.150231,7.001989,0.198072,-0.198072
16.160000,0.022000,-0.201583,0.080713,0.064827,-1.184462,7.373407,0.188584,-0.188584
16.165000,0.022005,-0.196095,0.075268,0.095627,-1.122923,6.674362,0.178933,-0.178933
16.170000,0.024489,-0.169872,0.069426,0.137355,-1.161279,7.264565,0.169130,-0.169130
16.175000,0.026192,-0.174421,0.058596,0.176879,-1.193771,6.526567,0.159184,-0.159184
16.180000,0.022670,-0.188918,0.059674,0.188551,-1.060851,7.652132,0.149105,-0.149105
16.185000,0.025464,-0.184231,0.053454,0.238938,-1.205943,6.586613,0.138905,-0.138905
16.190000,0.022993,-0.190044,0.046963,0.263698,-1.248787,6.744061,0.128593,-0.128593
16.195000,0.024282,-0.185509,0.042504,0.285930,-1.107590,7.202221,0.118180,-0.118180
16.200000,0.026843,-0.177874,0.037147,0.317044,-1.165443,7.107415,0.107676,-0.107676
16.205000,0.027099,-0.186819,0.029899,0.373400,-1.174537,6.873678,0.097092,-0.097092
16.210000,0.028680,-0.162578,0.021264,0.388677,-1.152669,7.051013,0.086439,-0.086439
16.215000,0.025802,-0.169077,0.016038,0.440211,-1.307066,7.076941,0.075727,-0.075727
16.220000,0.025691,-0.168458,0.011710,0.462875,-1.157173,6.875030,0.064967,-0.064967
16.225000,0.025126,-0.161804,0.005313,0.481262,-1.296512,5.870396,0.054170,-0.054170
16.230000,0.028338,-0.152816,-0.000545,0.528508,-1.243133,5.898867,0.043346,-0.043346
16.235000,0.028101,-0.173244,-0.006357,0.595707,-1.266594,6.341374,0.032506,-0.032506
16.240000,0.024210,-0.151136,-0.012056,0.662680,-1.250744,5.864378,0.021661,-0.021661
16.245000,0.024886,-0.168462,-0.017687,0.637888,-1.176941,5.667877,0.010823,-0.010823
16.250000,0.026083,-0.155893,-0.025999,0.730623,-1.112509,5.607666,0.000000,-0.000000
16.255000,0.026416,-0.142353,-0.026908,0.672593,-1.227892,5.621205,-0.010796,0.010796
16.260000,0.026047,-0.150411,-0.037680,0.702975,-1.238222,5.095330,-0.021553,0.021553
16.265000,0.023805,-0.143029,-0.043824,0.702316,-1.116309,5.338442,-0.032263,0.032263
16.270000,0.023200,-0.140581,-0.043855,0.794611,-1.074660,5.503642,-0.042914,0.042914
16.275000,0.023517,-0.132332,-0.050073,0.840614,-1.100341,5.057299,-0.053497,0.053497
16.280000,0.023290,-0.135614,-0.058664,0.756823,-1.092936,4.823745,-0.064000,0.064000
16.285000,0.024102,-0.120596,-0.067528,0.795002,-1.154021,4.582566,-0.074413,0.074413
16.290000,0.024839,-0.113770,-0.074525,0.835349,-1.032719,4.335675,-0.084727,0.084727
16.295000,0.022661,-0.115806,-0.073605,0.821347,-0.955894,3.849998,-0.094932,0.094932
16.300000,0.022817,-0.118795,-0.079938,0.842060,-1.015827,4.287701,-0.105018,0.105018
16.305000,0.022785,-0.117338,-0.080232,0.865623,-0.966972,3.786189,-0.114974,0.114974
16.310000,0.023510,-0.102841,-0.090245,0.976880,-1.018447,3.306835,-0.124793,0.124793
16.315000,0.020635,-0.108476,-0.089200,0.957742,-0.946821,3.368741,-0.134463,0.134463
16.320000,0.020128,-0.094284,-0.099178,1.032108,-0.842735,3.505880,-0.143977,0.143977
16.325000,0.023206,-0.097435,-0.111192,0.993543,-0.813700,3.237061,-0.153325,0.153325
16.330000,0.020349,-0.075736,-0.111719,0.963394,-0.825864,3.026135,-0.162498,0.162498
16.335000,0.019028,-0.077195,-0.120576,1.076436,-0.771764,2.345890,-0.171488,0.171488
16.340000,0.019607,-0.071331,-0.105161,1.149816,-0.805550,2.277292,-0.180286,0.180286
16.345000,0.018621,-0.074599,-0.124194,1.160209,-0.765138,2.027386,-0.188884,0.188884
16.350000,0.020221,-0.058105,-0.125466,1.063555,-0.761842,2.066581,-0.197274,0.197274
16.355000,0.017043,-0.053819,-0.126077,1.056716,-0.650572,1.816353,-0.205449,0.205449
16.360000,0.018893,-0.053567,-0.129300,1.078831,-0.604414,1.523683,-0.213400,0.213400
16.365000,0.016181,-0.049352,-0.132332,0.987428,-0.634160,1.359404,-0.221121,0.221121
16.370000,0.017336,-0.041617,-0.141366,1.141613,-0.572278,1.043878,-0.228604,0.228604
16.375000,0.015141,-0.037385,-0.134687,1.197987,-0.558548,0.831280,-0.235842,0.235842
16.380000,0.014290,-0.031866,-0.126796,1.094454,-0.472971,0.580457,-0.242830,0.242830
16.385000,0.014858,-0.023776,-0.144529,1.039108,-0.440241,0.324281,-0.249561,0.249561
16.390000,0.012027,-0.018000,-0.146675,1.048603,-0.390778,0.130194,-0.256029,0.256029
16.395000,0.012134,-0.014831,-0.158369,1.097889,-0.415621,-0.105406,-0.262227,0.262227
16.400000,0.012368,-0.007525,-0.150045,1.209439,-0.347368,-0.314698,-0.268152,0.268152
16.405000,0.011980,-0.002408,-0.163104,1.087440,-0.358101,-0.561138,-0.273796,0.273796
16.410000,0.010597,0.002847,-0.163253,1.044448,-0.284568,-0.806147,-0.279157,0.279157
16.415000,0.010023,0.007886,-0.152590,1.162741,-0.261346,-0.972240,-0.284228,0.284228
16.420000,0.008899,0.013477,-0.150308,1.091069,-0.201206,-1.217589,-0.289006,0.289006
16.425000,0.007459,0.019294,-0.153161,1.052753,-0.198648,-1.332836,-0.293487,0.293487
16.430000,0.007482,0.024253,-0.164585,1.181614,-0.137434,-1.744788,-0.297667,0.297667
16.435000,0.006759,0.030828,-0.148567,1.100281,-0.117630,-1.855198,-0.301543,0.301543
16.440000,0.005871,0.032234,-0.162193,1.060031,-0.080777,-1.993002,-0.305111,0.305111
16.445000,0.004432,0.039112,-0.154923,0.999580,-0.045642,-2.109304,-0.308369,0.308369
16.450000,0.004099,0.049166,-0.170644,1.017625,-0.008970,-2.314020,-0.311315,0.311315
16.455000,0.003455,0.052831,-0.149613,1.050459,0.025288,-2.445750,-0.313946,0.313946
16.460000,0.002460,0.059692,-0.165195,1.046156,0.060581,-2.542531,-0.316261,0.316261
16.465000,0.001509,0.060209,-0.163819,0.925454,0.100272,-2.921136,-0.318257,0.318257
16.470000,0.000788,0.060700,-0.144062,1.009204,0.121878,-3.260555,-0.319934,0.319934
16.475000,0.000032,0.064220,-0.142182,0.931153,0.167877,-3.225564,-0.321292,0.321292
16.480000,-0.000713,0.068383,-0.165382,0.988870,0.209382,-3.594018,-0.322328,0.322328
16.485000,-0.001572,0.086902,-0.158756,0.895768,0.203984,-3.979800,-0.323044,0.323044
16.490000,-0.002116,0.078762,-0.158832,0.940445,0.255825,-3.857106,-0.323440,0.323440
16.495000,-0.002904,0.097330,-0.136787,0.841207,0.297099,-4.268275,-0.323515,0.323515
16.500000,-0.003765,0.102273,-0.139353,0.906653,0.310952,-4.158483,-0.323270,0.323270
16.505000,-0.004660,0.099529,-0.143731,0.816278,0.380710,-4.141166,-0.322707,0.322707
16.510000,-0.005483,0.107240,-0.158083,0.753647,0.388297,-4.734082,-0.321826,0.321826
16.515000,-0.005787,0.101652,-0.141996,0.832392,0.383846,-4.416244,-0.320631,0.320631
16.520000,-0.006291,0.111992,-0.154085,0.822852,0.467897,-4.963256,-0.319121,0.319121
16.525000,-0.006949,0.114849,-0.145795,0.689970,0.440000,-5.326474,-0.317301,0.317301
16.530000,-0.008059,0.118406,-0.137539,0.798136,0.494827,-4.840607,-0.315171,0.315171
16.535000,-0.009523,0.110396,-0.132343,0.756732,0.550452,-5.493927,-0.312736,0.312736
16.540000,-0.008509,0.130386,-0.119864,0.669789,0.526503,-5.253104,-0.309998,0.309998
16.545000,-0.010642,0.139042,-0.139113,0.660177,0.603048,-5.811144,-0.306961,0.306961
16.550000,-0.009931,0.140087,-0.114160,0.674059,0.588963,-5.025805,-0.303629,0.303629
16.555000,-0.010262,0.128941,-0.115890,0.636865,0.621362,-5.242696,-0.300005,0.300005
16.560000,-0.011492,0.137751,-0.119081,0.563106,0.646337,-5.078113,-0.296094,0.296094
16.565000,-0.012983,0.134189,-0.111622,0.506945,0.665824,-5.934213,-0.291900,0.291900
16.570000,-0.012177,0.150495,-0.123621,0.563993,0.703027,-5.543646,-0.287429,0.287429
16.575000,-0.014956,0.148612,-0.100300,0.455521,0.668372,-5.612648,-0.282685,0.282685
16.580000,-0.013870,0.136816,-0.100277,0.446405,0.791349,-6.080351,-0.277674,0.277674
16.585000,-0.015986,0.148398,-0.109919,0.450541,0.699663,-6.215912,-0.272402,0.272402
16.590000,-0.016074,0.163599,-0.094829,0.419735,0.810323,-6.086910,-0.266873,0.266873
16.595000,-0.015985,0.167707,-0.087838,0.365565,0.804042,-6.243476,-0.261095,0.261095
16.600000,-0.014893,0.167381,-0.095086,0.321070,0.872564,-5.661843,-0.255074,0.255074
16.605000,-0.017318,0.146061,-0.079385,0.309367,0.759411,-6.613882,-0.248815,0.248815
16.610000,-0.018042,0.156968,-0.076656,0.288191,0.803330,-6.368875,-0.242327,0.242327
16.615000,-0.018571,0.158737,-0.074108,0.250944,0.785511,-6.076738,-0.235616,0.235616
16.620000,-0.018426,0.173370,-0.071345,0.197594,0.920299,-6.390908,-0.228689,0.228689
16.625000,-0.016755,0.156868,-0.072621,0.171149,0.923343,-6.159188,-0.221553,0.221553
16.630000,-0.019897,0.163279,-0.062930,0.147541,0.956309,-7.043113,-0.214217,0.214217
16.635000,-0.020673,0.177358,-0.056175,0.110352,0.931919,-6.717299,-0.206687,0.206687
16.640000,-0.020659,0.154400,-0.051653,0.084992,0.963221,-6.847462,-0.198973,0.198973
16.645000,-0.018382,0.155012,-0.049821,0.052036,0.861500,-6.341483,-0.191081,0.191081
16.650000,-0.021500,0.177222,-0.045225,0.018559,0.867552,-6.646538,-0.183020,0.183020
16.655000,-0.020721,0.179979,-0.041592,-0.014745,1.034150,-5.921466,-0.174798,0.174798
16.660000,-0.019267,0.177967,-0.035497,-0.045044,0.969008,-5.958025,-0.166425,0.166425
16.665000,-0.019375,0.149796,-0.035038,-0.081644,0.919884,-6.498321,-0.157908,0.157908
16.670000,-0.021907,0.167596,-0.028127,-0.121334,0.985604,-6.021856,-0.149256,0.149256
16.675000,-0.022477,0.179550,-0.022310,-0.150084,0.992697,-6.648628,-0.140479,0.140479
16.680000,-0.020080,0.177168,-0.018447,-0.185285,0.914623,-6.858869,-0.131585,0.131585
16.685000,-0.020155,0.146953,-0.012544,-0.196434,0.927438,-6.544071,-0.122583,0.122583
16.690000,-0.020826,0.148352,-0.008568,-0.256240,0.995210,-5.847938,-0.113483,0.113483
16.695000,-0.019797,0.167767,-0.002836,-0.245964,0.905644,-5.675640,-0.104293,0.104293
16.700000,-0.022209,0.154552,0.002099,-0.303920,1.012714,-6.047069,-0.095024,0.095024
16.705000,-0.019533,0.142000,0.006457,-0.311643,1.088938,-6.540109,-0.085684,0.085684
16.710000,-0.018737,0.154846,0.012661,-0.358855,0.949052,-5.842201,-0.076282,0.076282
16.715000,-0.019642,0.166767,0.018163,-0.425100,1.045015,-5.641674,-0.066829,0.066829
16.720000,-0.019128,0.156938,0.019832,-0.452694,1.016402,-6.147734,-0.057333,0.057333
16.725000,-0.019841,0.135958,0.028652,-0.479245,0.888194,-5.629007,-0.047804,0.047804
16.730000,-0.018930,0.146365,0.034378,-0.438307,0.983277,-5.980061,-0.038252,0.038252
16.735000,-0.021188,0.151465,0.038177,-0.522688,0.947314,-5.623182,-0.028687,0.028687
16.740000,-0.021370,0.131301,0.041493,-0.540756,1.016203,-5.526416,-0.019116,0.019116
16.745000,-0.021464,0.145504,0.048216,-0.607578,0.953595,-5.143598,-0.009551,0.009551
16.750000,-0.018345,0.137150,0.050759,-0.624777,0.956901,-4.585714,-0.000000,0.000000
16.755000,-0.019700,0.134337,0.054603,-0.608434,1.009108,-5.325721,0.009527,-0.009527
16.760000,-0.017349,0.134186,0.064935,-0.596068,0.901957,-4.954529,0.019021,-0.019021
16.765000,-0.018087,0.119151,0.068793,-0.683611,0.884798,-4.378474,0.028472,-0.028472
16.770000,-0.018043,0.113855,0.069692,-0.681289,0.881936,-4.751401,0.037872,-0.037872
16.775000,-0.016275,0.131637,0.067607,-0.691575,0.888941,-4.798686,0.047211,-0.047211
16.780000,-0.017282,0.106771,0.081581,-0.768970,0.890774,-3.923657,0.056480,-0.056480
16.785000,-0.018748,0.117352,0.089219,-0.766363,0.814399,-4.410222,0.065669,-0.065669
16.790000,-0.015070,0.106173,0.080438,-0.712682,0.772107,-3.921433,0.074772,-0.074772
16.795000,-0.015916,0.108044,0.095127,-0.724340,0.775185,-3.615293,0.083777,-0.083777
16.800000,-0.016740,0.094360,0.084974,-0.860865,0.830501,-3.452436,0.092678,-0.092678
16.805000,-0.015240,0.090331,0.095767,-0.737463,0.760148,-3.333651,0.101465,-0.101465
16.810000,-0.014408,0.096963,0.109433,-0.836156,0.790705,-3.441452,0.110129,-0.110129
16.815000,-0.014163,0.093162,0.111857,-0.771497,0.683829,-3.364042,0.118663,-0.118663
16.820000,-0.013314,0.077597,0.117623,-0.916205,0.663967,-3.007659,0.127059,-0.127059
16.825000,-0.014157,0.073891,0.106160,-0.817819,0.694309,-2.649106,0.135309,-0.135309
16.830000,-0.013599,0.070367,0.112640,-0.971828,0.640618,-2.704826,0.143404,-0.143404
16.835000,-0.012409,0.066523,0.116707,-0.883473,0.601915,-2.212761,0.151337,-0.151337
16.840000,-0.010491,0.060832,0.109488,-1.000399,0.588409,-1.925851,0.159102,-0.159102
16.845000,-0.010775,0.059639,0.111389,-0.864932,0.491798,-2.043830,0.166689,-0.166689
16.850000,-0.009951,0.056034,0.126741,-0.892113,0.494908,-1.711515,0.174094,-0.174094
16.855000,-0.010372,0.057118,0.117516,-0.983818,0.516966,-1.567435,0.181308,-0.181308
16.860000,-0.008233,0.045779,0.119152,-0.993112,0.422635,-1.364307,0.188325,-0.188325
16.865000,-0.007663,0.046360,0.144234,-1.039672,0.399091,-1.253788,0.195138,-0.195138
16.870000,-0.008069,0.039611,0.137765,-1.024485,0.394352,-0.920894,0.201742,-0.201742
16.875000,-0.007176,0.032468,0.137506,-0.978786,0.389485,-0.819564,0.208130,-0.208130
16.880000,-0.006467,0.031290,0.148891,-0.945956,0.327420,-0.613323,0.214297,-0.214297
16.885000,-0.005765,0.024863,0.130326,-0.907683,0.317859,-0.382375,0.220237,-0.220237
16.890000,-0.004699,0.020797,0.144267,-1.015221,0.277393,-0.158388,0.225944,-0.225944
16.895000,-0.004426,0.014273,0.153092,-1.039163,0.230289,0.031751,0.231415,-0.231415
16.900000,-0.003441,0.009409,0.133476,-0.902885,0.194266,0.218867,0.236643,-0.236643
16.905000,-0.002630,0.004215,0.152476,-0.943049,0.180338,0.398709,0.241624,-0.241624
16.910000,-0.002072,-0.000180,0.142720,-1.033441,0.139828,0.647571,0.246355,-0.246355
16.915000,-0.001268,-0.005026,0.153506,-0.934132,0.102619,0.852184,0.250830,-0.250830
16.920000,-0.000573,-0.009292,0.137798,-0.877142,0.065999,0.900167,0.255047,-0.255047
16.925000,0.000149,-0.015432,0.156274,-0.859323,0.038213,1.208068,0.259002,-0.259002
16.930000,0.000967,-0.019585,0.157733,-1.036279,0.004158,1.259623,0.262690,-0.262690
16.935000,0.001714,-0.023657,0.145775,-0.970775,-0.027853,1.432089,0.266111,-0.266111
16.940000,0.002531,-0.026168,0.145341,-0.983033,-0.064057,1.613390,0.269260,-0.269260
16.945000,0.003068,-0.031258,0.141957,-0.898755,-0.094713,1.727373,0.272135,-0.272135
16.950000,0.003587,-0.038303,0.147136,-0.923611,-0.129326,1.919772,0.274735,-0.274735
16.955000,0.004471,-0.043872,0.144805,-0.843191,-0.156664,2.363998,0.277056,-0.277056
16.960000,0.005143,-0.043341,0.154284,-0.805146,-0.170366,2.593539,0.279099,-0.279099
16.965000,0.006395,-0.055081,0.151758,-0.883550,-0.193060,2.604768,0.280861,-0.280861
16.970000,0.007330,-0.055080,0.140026,-0.822603,-0.251064,2.769645,0.282341,-0.282341
16.975000,0.008129,-0.065831,0.146313,-0.908580,-0.270488,2.805867,0.283539,-0.283539
16.980000,0.008157,-0.065198,0.137173,-0.869014,-0.297344,2.835277,0.284454,-0.284454
16.985000,0.009046,-0.063118,0.127863,-0.875263,-0.352207,3.409187,0.285086,-0.285086
16.990000,0.008936,-0.068229,0.147279,-0.865263,-0.321011,3.084711,0.285434,-0.285434
16.995000,0.010635,-0.079934,0.126940,-0.790113,-0.402216,3.339009,0.285501,-0.285501
17.000000,0.011257,-0.086729,0.122585,-0.701162,-0.411454,3.419955,0.285285,-0.285285
17.005000,0.010992,-0.083241,0.141000,-0.801272,-0.406015,3.788708,0.284788,-0.284788
17.010000,0.012285,-0.088761,0.139560,-0.800630,-0.507029,3.531839,0.284011,-0.284011
17.015000,0.013803,-0.082607,0.127896,-0.642733,-0.482193,4.309593,0.282955,-0.282955
17.020000,0.013490,-0.104071,0.121022,-0.670148,-0.522092,3.739032,0.281623,-0.281623
17.025000,0.013483,-0.098671,0.126223,-0.639348,-0.504554,3.862722,0.280017,-0.280017
17.030000,0.015893,-0.108907,0.110923,-0.628819,-0.546517,3.989064,0.278138,-0.278138
17.035000,0.014051,-0.105440,0.121123,-0.636113,-0.607769,4.076172,0.275989,-0.275989
17.040000,0.014513,-0.104799,0.121467,-0.620229,-0.575525,4.433857,0.273572,-0.273572
17.045000,0.016303,-0.110882,0.118008,-0.546977,-0.688236,4.426093,0.270892,-0.270892
17.050000,0.016862,-0.111822,0.112207,-0.555912,-0.588231,5.138415,0.267951,-0.267951
17.055000,0.015906,-0.104947,0.108437,-0.522712,-0.690841,4.880184,0.264753,-0.264753
17.060000,0.017366,-0.127009,0.089272,-0.551678,-0.711030,4.855746,0.261302,-0.261302
17.065000,0.018044,-0.114857,0.103718,-0.436358,-0.720791,4.552907,0.257601,-0.257601
17.070000,0.020097,-0.133769,0.096535,-0.446830,-0.692280,4.931961,0.253655,-0.253655
17.075000,0.018714,-0.115583,0.084426,-0.440101,-0.682472,4.935123,0.249469,-0.249469
17.080000,0.020615,-0.130133,0.076746,-0.417216,-0.811520,5.477272,0.245047,-0.245047
17.085000,0.018613,-0.141131,0.084367,-0.368675,-0.840955,5.041638,0.240393,-0.240393
17.090000,0.021145,-0.144810,0.070345,-0.346396,-0.727485,5.547067,0.235515,-0.235515
17.095000,0.019119,-0.131656,0.074366,-0.299597,-0.849949,5.013560,0.230416,-0.230416
17.100000,0.021025,-0.144911,0.063493,-0.327974,-0.894187,5.116909,0.225102,-0.225102
17.105000,0.019539,-0.145278,0.061790,-0.246239,-0.868966,5.600758,0.219579,-0.219579
17.110000,0.022222,-0.144025,0.062227,-0.221590,-0.909973,5.908380,0.213853,-0.213853
17.115000,0.021291,-0.150883,0.057420,-0.194766,-0.858723,5.535612,0.207930,-0.207930
17.120000,0.021627,-0.138784,0.054199,-0.180954,-0.887258,5.929707,0.201817,-0.201817
17.125000,0.021772,-0.138825,0.044659,-0.169886,-0.902692,5.164183,0.195520,-0.195520
17.130000,0.024452,-0.135258,0.042389,-0.120886,-0.978509,6.072042,0.189046,-0.189046
17.135000,0.022216,-0.149566,0.034875,-0.110778,-0.848041,5.703942,0.182401,-0.182401
17.140000,0.024044,-0.136656,0.034817,-0.069873,-0.842620,5.867442,0.175593,-0.175593
17.145000,0.024663,-0.131134,0.026676,-0.044588,-0.981639,5.737878,0.168628,-0.168628
17.150000,0.021779,-0.143962,0.023664,-0.017644,-0.995125,5.582785,0.161514,-0.161514
17.155000,0.021794,-0.147120,0.017443,0.009702,-0.849923,5.805767,0.154259,-0.154259
17.160000,0.023035,-0.137972,0.013210,0.039389,-0.895155,5.422913,0.146869,-0.146869
17.165000,0.024098,-0.131344,0.009106,0.068322,-0.989980,6.135235,0.139353,-0.139353
17.170000,0.023963,-0.136864,0.004248,0.086500,-0.867609,5.317984,0.131718,-0.131718
17.175000,0.025611,-0.138254,-0.000192,0.115230,-0.890999,5.379082,0.123972,-0.123972
17.180000,0.023960,-0.147957,-0.005232,0.137593,-0.898450,5.927790,0.116123,-0.116123
17.185000,0.023315,-0.132580,-0.009199,0.186027,-1.010785,5.555944,0.108179,-0.108179
17.190000,0.022117,-0.153250,-0.013279,0.187811,-0.952234,5.441832,0.100148,-0.100148
17.195000,0.023627,-0.141406,-0.018855,0.208581,-1.014062,5.216862,0.092039,-0.092039
17.200000,0.023751,-0.128124,-0.022998,0.251882,-0.988094,5.208429,0.083858,-0.083858
17.205000,0.022437,-0.126315,-0.026646,0.299630,-1.035841,4.811115,0.075616,-0.075616
17.210000,0.024526,-0.139095,-0.035404,0.335543,-0.946299,5.629887,0.067319,-0.067319
17.215000,0.024114,-0.125004,-0.037518,0.351061,-0.947893,5.227778,0.058976,-0.058976
17.220000,0.021489,-0.132619,-0.046175,0.342539,-0.853338,4.828341,0.050596,-0.050596
17.225000,0.021562,-0.120018,-0.047834,0.356508,-0.851054,4.963736,0.042187,-0.042187
17.230000,0.022501,-0.129161,-0.052814,0.414166,-0.880369,4.886978,0.033758,-0.033758
17.235000,0.023048,-0.130136,-0.060104,0.451491,-0.993196,5.196260,0.025316,-0.025316
17.240000,0.020274,-0.132353,-0.056647,0.431851,-0.966423,4.913735,0.016870,-0.016870
17.245000,0.022141,-0.130757,-0.067358,0.488253,-0.806509,4.584364,0.008429,-0.008429
17.250000,0.020063,-0.117278,-0.070654,0.465927,-0.911032,4.352708,0.000000,-0.000000
17.255000,0.022495,-0.124958,-0.072121,0.522649,-0.867592,4.303486,-0.008408,0.008408
17.260000,0.022192,-0.113216,-0.072344,0.553612,-0.789692,4.351194,-0.016786,0.016786
17.265000,0.018728,-0.120298,-0.085841,0.611654,-0.886976,4.216266,-0.025127,0.025127
17.270000,0.020889,-0.102154,-0.084150,0.563246,-0.775333,3.891153,-0.033422,0.033422
17.275000,0.017268,-0.108373,-0.088752,0.601581,-0.821376,4.073528,-0.041663,0.041663
17.280000,0.019648,-0.094904,-0.090690,0.614139,-0.793398,3.408135,-0.049843,0.049843
17.285000,0.018609,-0.093713,-0.095941,0.637641,-0.810717,3.316841,-0.057953,0.057953
17.290000,0.016717,-0.097133,-0.110890,0.671712,-0.700894,3.547553,-0.065986,0.065986
17.295000,0.017401,-0.094605,-0.107617,0.622273,-0.716777,3.290978,-0.073933,0.073933
17.300000,0.015346,-0.081735,-0.103337,0.761450,-0.642140,3.410687,-0.081788,0.081788
17.305000,0.016692,-0.092432,-0.104842,0.685981,-0.683938,2.964463,-0.089542,0.089542
17.310000,0.014365,-0.077140,-0.115975,0.791824,-0.639691,3.110394,-0.097189,0.097189
17.315000,0.016000,-0.083645,-0.130156,0.716215,-0.590228,2.594326,-0.104720,0.104720
17.320000,0.013025,-0.075865,-0.123135,0.805132,-0.632972,2.619579,-0.112129,0.112129
17.325000,0.013216,-0.069736,-0.116705,0.724673,-0.574388,2.434356,-0.119409,0.119409
17.330000,0.013794,-0.067389,-0.116486,0.840209,-0.508392,2.298401,-0.126554,0.126554
17.335000,0.013227,-0.059537,-0.121615,0.852351,-0.494811,1.922499,-0.133555,0.133555
17.340000,0.011391,-0.053919,-0.121232,0.721602,-0.506782,1.775056,-0.140407,0.140407
17.345000,0.011600,-0.050224,-0.128052,0.790417,-0.520998,1.632848,-0.147103,0.147103
17.350000,0.010337,-0.052165,-0.145093,0.783279,-0.442535,1.501520,-0.153637,0.153637
17.355000,0.010149,-0.045396,-0.151804,0.851729,-0.413302,1.234659,-0.160003,0.160003
17.360000,0.008284,-0.038713,-0.133922,0.856120,-0.386536,1.294489,-0.166196,0.166196
17.365000,0.008930,-0.040947,-0.147362,0.805024,-0.336858,0.985513,-0.172209,0.172209
17.370000,0.007995,-0.034524,-0.149318,0.881571,-0.362623,0.858879,-0.178037,0.178037
17.375000,0.006302,-0.026344,-0.144262,0.897583,-0.301817,0.737529,-0.183674,0.183674
17.380000,0.005605,-0.023314,-0.154727,0.879762,-0.260565,0.494342,-0.189116,0.189116
17.385000,0.005624,-0.019992,-0.141039,0.796479,-0.248541,0.353360,-0.194358,0.194358
17.390000,0.004271,-0.017390,-0.142340,0.820400,-0.200452,0.152617,-0.199395,0.199395
17.395000,0.003856,-0.012102,-0.166785,0.784056,-0.191800,-0.014581,-0.204223,0.204223
17.400000,0.002906,-0.008272,-0.159686,0.776325,-0.169800,-0.168779,-0.208837,0.208837
17.405000,0.002274,-0.003959,-0.144473,0.923734,-0.121488,-0.327077,-0.213233,0.213233
17.410000,0.001397,0.000317,-0.144690,0.773350,-0.098184,-0.533017,-0.217407,0.217407
17.415000,0.000526,0.004090,-0.146858,0.812513,-0.070176,-0.675370,-0.221357,0.221357
17.420000,-0.000192,0.008357,-0.166945,0.853540,-0.037265,-0.869142,-0.225078,0.225078
17.425000,-0.001078,0.013214,-0.154539,0.847881,-0.004496,-0.933971,-0.228568,0.228568
17.430000,-0.001881,0.017358,-0.170263,0.784917,0.025673,-1.291708,-0.231823,0.231823
17.435000,-0.002409,0.021564,-0.141148,0.858470,0.060762,-1.435987,-0.234842,0.234842
17.440000,-0.003085,0.027445,-0.162920,0.785590,0.080869,-1.606117,-0.237621,0.237621
17.445000,-0.004226,0.028240,-0.144631,0.872109,0.111594,-1.523175,-0.240158,0.240158
17.450000,-0.005104,0.033872,-0.167873,0.734165,0.146001,-1.915246,-0.242452,0.242452
17.455000,-0.005349,0.036773,-0.145643,0.789996,0.159420,-1.894720,-0.244501,0.244501
17.460000,-0.006660,0.043669,-0.158744,0.765647,0.212518,-1.934778,-0.246304,0.246304
17.465000,-0.007380,0.047410,-0.146885,0.780036,0.236106,-2.305964,-0.247859,0.247859
17.470000,-0.007458,0.050605,-0.143614,0.687851,0.249051,-2.177446,-0.249165,0.249165
17.475000,-0.008366,0.055505,-0.141793,0.710319,0.281202,-2.462910,-0.250222,0.250222
17.480000,-0.008615,0.050605,-0.136444,0.657236,0.320707,-2.512869,-0.251030,0.251030
17.485000,-0.009981,0.060856,-0.140500,0.738103,0.347908,-2.796486,-0.251587,0.251587
17.490000,-0.011809,0.067077,-0.153789,0.706517,0.383136,-2.657554,-0.251895,0.251895
17.495000,-0.012015,0.072734,-0.145988,0.718810,0.395232,-3.014917,-0.251953,0.251953
17.500000,-0.012108,0.066926,-0.149912,0.660162,0.407108,-2.905824,-0.251763,0.251763
17.505000,-0.013058,0.073084,-0.146750,0.672365,0.404401,-3.295700,-0.251324,0.251324
17.510000,-0.013809,0.079748,-0.141829,0.608298,0.461657,-3.102393,-0.250639,0.250639
17.515000,-0.015798,0.084736,-0.122346,0.634845,0.514551,-3.844120,-0.249707,0.249707
17.520000,-0.015967,0.087977,-0.132935,0.560263,0.490345,-3.477485,-0.248532,0.248532
17.525000,-0.017215,0.081478,-0.116096,0.525527,0.496874,-3.789927,-0.247114,0.247114
17.530000,-0.014803,0.087302,-0.119646,0.534024,0.553307,-4.129368,-0.245456,0.245456
17.535000,-0.017201,0.095603,-0.110445,0.536045,0.537690,-3.535747,-0.243559,0.243559
17.540000,-0.016852,0.090860,-0.111858,0.505960,0.649788,-4.053256,-0.241427,0.241427
17.545000,-0.018614,0.088011,-0.121539,0.550441,0.669925,-4.374111,-0.239062,0.239062
17.550000,-0.020032,0.107030,-0.119133,0.528089,0.612914,-4.150373,-0.236466,0.236466
17.555000,-0.017631,0.094668,-0.110609,0.448238,0.740184,-4.078778,-0.233644,0.233644
17.560000,-0.018324,0.101833,-0.108839,0.450167,0.680653,-4.640413,-0.230598,0.230598
17.565000,-0.021612,0.109851,-0.106155,0.451245,0.725691,-4.070700,-0.227332,0.227332
17.570000,-0.019977,0.114512,-0.103381,0.388937,0.715031,-4.057473,-0.223850,0.223850
17.575000,-0.021857,0.115061,-0.089096,0.360588,0.823746,-4.853477,-0.220155,0.220155
17.580000,-0.022731,0.119302,-0.097022,0.326140,0.740197,-4.885811,-0.216253,0.216253
17.585000,-0.021592,0.106912,-0.081617,0.340929,0.756891,-4.707755,-0.212147,0.212147
17.590000,-0.021055,0.125978,-0.087191,0.291261,0.865554,-4.428334,-0.207841,0.207841
17.595000,-0.020910,0.114213,-0.077888,0.283150,0.781266,-4.600617,-0.203341,0.203341
17.600000,-0.022205,0.123146,-0.077409,0.278515,0.774213,-4.622791,-0.198652,0.198652
17.605000,-0.021815,0.126053,-0.074440,0.243160,0.867338,-4.838263,-0.193778,0.193778
17.610000,-0.023491,0.120525,-0.066246,0.227306,0.929235,-4.647566,-0.188725,0.188725
17.615000,-0.022891,0.113794,-0.064213,0.195706,0.798563,-5.190945,-0.183498,0.183498
17.620000,-0.026706,0.128596,-0.059271,0.155428,0.841036,-4.831860,-0.178103,0.178103
17.625000,-0.022813,0.127447,-0.055488,0.147297,0.865196,-5.170473,-0.172546,0.172546
17.630000,-0.027589,0.133906,-0.051091,0.111960,0.922067,-5.055983,-0.166832,0.166832
17.635000,-0.026248,0.129743,-0.042877,0.092125,0.926973,-5.220796,-0.160968,0.160968
17.640000,-0.025792,0.125831,-0.043477,0.061159,0.837707,-4.970744,-0.154960,0.154960
17.645000,-0.023928,0.123938,-0.039473,0.032624,0.914963,-5.105451,-0.148814,0.148814
17.650000,-0.027677,0.125981,-0.028443,0.009801,0.944894,-5.264518,-0.142536,0.142536
17.655000,-0.026243,0.130045,-0.024661,-0.013138,0.872516,-5.141950,-0.136133,0.136133
17.660000,-0.025132,0.121191,-0.021418,-0.037368,1.029106,-5.153196,-0.129612,0.129612
17.665000,-0.027724,0.113947,-0.016471,-0.068663,0.983292,-5.239226,-0.122979,0.122979
17.670000,-0.027103,0.112567,-0.013133,-0.089688,0.885609,-5.109336,-0.116241,0.116241
17.675000,-0.024732,0.132391,-0.007689,-0.101592,0.924576,-4.995628,-0.109405,0.109405
17.680000,-0.026359,0.133211,-0.002859,-0.136247,1.028137,-5.227516,-0.102479,0.102479
17.685000,-0.027518,0.113226,0.001723,-0.172619,1.012415,-4.889862,-0.095468,0.095468
17.690000,-0.025414,0.109582,0.005915,-0.166678,0.918634,-5.125545,-0.088381,0.088381
17.695000,-0.024033,0.110322,0.011855,-0.211800,0.899415,-4.219697,-0.081224,0.081224
17.700000,-0.026648,0.120698,0.015664,-0.246519,0.893791,-4.790113,-0.074005,0.074005
17.705000,-0.024006,0.122068,0.019761,-0.228521,0.900840,-4.402126,-0.066731,0.066731
17.710000,-0.025041,0.107261,0.025414,-0.254039,1.026781,-4.231797,-0.059409,0.059409
17.715000,-0.024983,0.117317,0.030785,-0.299163,0.993649,-4.704577,-0.052046,0.052046
17.720000,-0.025659,0.103665,0.031939,-0.340506,0.908199,-4.303880,-0.044651,0.044651
17.725000,-0.027973,0.111710,0.039708,-0.355203,0.870908,-4.047086,-0.037230,0.037230
17.730000,-0.023629,0.104669,0.043995,-0.386056,0.920445,-4.115709,-0.029791,0.029791
17.735000,-0.027825,0.114744,0.044493,-0.372148,0.976978,-4.320625,-0.022341,0.022341
17.740000,-0.022960,0.099810,0.051835,-0.429255,0.950445,-4.231180,-0.014888,0.014888
17.745000,-0.023423,0.114059,0.057468,-0.432207,0.967870,-3.797912,-0.007438,0.007438
17.750000,-0.026027,0.107816,0.060265,-0.460715,0.857609,-4.013681,0.000000,-0.000000
17.755000,-0.022599,0.107652,0.062521,-0.454043,0.781323,-4.025323,0.007420,-0.007420
17.760000,-0.023992,0.105438,0.072605,-0.470199,0.851078,-3.369810,0.014813,-0.014813
17.765000,-0.024539,0.100588,0.068015,-0.525781,0.783109,-3.615841,0.022174,-0.022174
17.770000,-0.024482,0.095580,0.077688,-0.539055,0.846490,-3.360192,0.029495,-0.029495
17.775000,-0.021108,0.082226,0.090574,-0.507629,0.832498,-3.019980,0.036768,-0.036768
17.780000,-0.024603,0.087990,0.084848,-0.602295,0.717234,-3.496830,0.043986,-0.043986
17.785000,-0.020884,0.087757,0.098256,-0.580247,0.803186,-3.059065,0.051143,-0.051143
17.790000,-0.022618,0.085293,0.098793,-0.564567,0.708346,-2.695763,0.058232,-0.058232
17.795000,-0.019417,0.077370,0.093926,-0.634606,0.698614,-2.561081,0.065246,-0.065246
17.800000,-0.020931,0.080059,0.101465,-0.609763,0.664039,-2.797600,0.072178,-0.072178
17.805000,-0.020049,0.067018,0.106491,-0.601786,0.731569,-2.748643,0.079021,-0.079021
17.810000,-0.019262,0.064949,0.117881,-0.580318,0.695378,-2.510001,0.085769,-0.085769
17.815000,-0.018323,0.059919,0.109215,-0.611338,0.614271,-2.088180,0.092415,-0.092415
17.820000,-0.017293,0.062209,0.126786,-0.632207,0.584775,-2.276769,0.098954,-0.098954
17.825000,-0.018717,0.060102,0.111557,-0.690396,0.563184,-1.881684,0.105378,-0.105378
17.830000,-0.017755,0.053131,0.117964,-0.632881,0.543453,-2.073960,0.111683,-0.111683
17.835000,-0.014933,0.051950,0.113701,-0.622540,0.544208,-1.898571,0.117862,-0.117862
17.840000,-0.014500,0.044425,0.126999,-0.766271,0.515318,-1.749880,0.123908,-0.123908
17.845000,-0.016297,0.041848,0.125143,-0.658071,0.505129,-1.507258,0.129818,-0.129818
17.850000,-0.013609,0.041646,0.127199,-0.754298,0.462280,-1.242341,0.135584,-0.135584
17.855000,-0.012657,0.040125,0.123948,-0.691529,0.457558,-1.241504,0.141203,-0.141203
17.860000,-0.012889,0.036826,0.123753,-0.729431,0.417888,-1.097727,0.146667,-0.146667
17.865000,-0.011838,0.028627,0.137444,-0.661976,0.370474,-0.823656,0.151974,-0.151974
17.870000,-0.012877,0.027571,0.139916,-0.736055,0.351714,-0.732314,0.157117,-0.157117
17.875000,-0.011518,0.025601,0.135371,-0.796078,0.355551,-0.541467,0.162092,-0.162092
17.880000,-0.010541,0.020418,0.131927,-0.729475,0.336070,-0.432613,0.166895,-0.166895
17.885000,-0.010028,0.017868,0.148268,-0.710524,0.280072,-0.266914,0.171521,-0.171521
17.890000,-0.008624,0.012335,0.152690,-0.723989,0.257858,-0.101229,0.175966,-0.175966
17.895000,-0.008276,0.008391,0.138254,-0.736424,0.269172,0.036773,0.180226,-0.180226
17.900000,-0.007553,0.004962,0.146255,-0.720949,0.206171,0.206836,0.184298,-0.184298
17.905000,-0.006617,0.001522,0.140472,-0.796840,0.177557,0.316113,0.188177,-0.188177
17.910000,-0.005809,-0.002101,0.166886,-0.799415,0.148757,0.491464,0.191861,-0.191861
17.915000,-0.005202,-0.005987,0.151250,-0.805081,0.143685,0.678126,0.195347,-0.195347
17.920000,-0.004852,-0.009174,0.141939,-0.781289,0.101036,0.798007,0.198631,-0.198631
17.925000,-0.003957,-0.013480,0.157298,-0.683100,0.069613,0.974720,0.201711,-0.201711
17.930000,-0.002986,-0.017696,0.158149,-0.767019,0.053405,1.095909,0.204583,-0.204583
17.935000,-0.002260,-0.022047,0.169135,-0.662530,0.020006,1.281460,0.207247,-0.207247
17.940000,-0.001250,-0.023719,0.150074,-0.704550,-0.007196,1.204157,0.209700,-0.209700
17.945000,-0.000644,-0.025587,0.160012,-0.635045,-0.033102,1.434834,0.211939,-0.211939
17.950000,0.000158,-0.028830,0.160458,-0.643797,-0.067278,1.594594,0.213964,-0.213964
17.955000,0.001020,-0.033353,0.167543,-0.693942,-0.090176,1.625923,0.215772,-0.215772
17.960000,0.001769,-0.038605,0.162414,-0.623342,-0.124067,2.050817,0.217363,-0.217363
17.965000,0.002270,-0.041893,0.141821,-0.703661,-0.146667,1.968601,0.218735,-0.218735
17.970000,0.002903,-0.042325,0.151454,-0.670502,-0.178616,2.057334,0.219888,-0.219888
17.975000,0.003902,-0.050195,0.144848,-0.596750,-0.212234,2.235482,0.220820,-0.220820
17.980000,0.005088,-0.050953,0.156840,-0.666163,-0.224050,2.435945,0.221533,-0.221533
17.985000,0.005925,-0.049262,0.156139,-0.682485,-0.239143,2.672504,0.222025,-0.222025
17.990000,0.006792,-0.061538,0.132780,-0.655978,-0.282938,2.688835,0.222297,-0.222297
17.995000,0.006723,-0.059865,0.157170,-0.563995,-0.327455,2.772717,0.222348,-0.222348
18.000000,0.008071,-0.066553,0.155515,-0.599676,-0.356847,2.617276,0.222180,-0.222180
18.005000,0.008563,-0.071812,0.137744,-0.539857,-0.385946,3.045374,0.221793,-0.221793
18.010000,0.009094,-0.062601,0.141744,-0.536349,-0.364344,2.918425,0.221188,-0.221188
18.015000,0.009414,-0.074065,0.142703,-0.563532,-0.380943,3.425566,0.220366,-0.220366
18.020000,0.011161,-0.072716,0.139476,-0.548304,-0.418728,3.400774,0.219329,-0.219329
18.025000,0.011570,-0.077065,0.139142,-0.477383,-0.433629,3.312753,0.218077,-0.218077
18.030000,0.010816,-0.079473,0.132526,-0.445500,-0.430365,3.209779,0.216614,-0.216614
18.035000,0.013186,-0.084736,0.142109,-0.466355,-0.505179,3.402603,0.214940,-0.214940
18.040000,0.012513,-0.078535,0.129758,-0.434063,-0.520742,3.707050,0.213058,-0.213058
18.045000,0.012586,-0.089617,0.132422,-0.418168,-0.567108,3.590019,0.210971,-0.210971
18.050000,0.014745,-0.085001,0.112628,-0.427272,-0.545642,3.676121,0.208681,-0.208681
18.055000,0.016079,-0.099444,0.108993,-0.372110,-0.597529,3.729662,0.206190,-0.206190
18.060000,0.015396,-0.086578,0.109777,-0.401280,-0.640226,4.113666,0.203502,-0.203502
18.065000,0.014813,-0.085907,0.108020,-0.339664,-0.556982,3.724054,0.200620,-0.200620
18.070000,0.016572,-0.101151,0.109215,-0.325351,-0.678372,3.963849,0.197547,-0.197547
18.075000,0.015714,-0.089364,0.105105,-0.318451,-0.619185,3.778664,0.194287,-0.194287
18.080000,0.018242,-0.104638,0.107408,-0.291877,-0.624772,4.268651,0.190842,-0.190842
18.085000,0.018443,-0.106888,0.103481,-0.268435,-0.739064,4.274234,0.187219,-0.187219
18.090000,0.019401,-0.101268,0.104193,-0.234201,-0.643088,4.257199,0.183419,-0.183419
18.095000,0.019755,-0.108049,0.101417,-0.235208,-0.646551,4.621891,0.179448,-0.179448
18.100000,0.021449,-0.112038,0.096236,-0.218257,-0.757448,4.557461,0.175309,-0.175309
18.105000,0.018446,-0.106061,0.091933,-0.214719,-0.751936,4.592970,0.171008,-0.171008
18.110000,0.020794,-0.100198,0.088064,-0.180269,-0.743477,4.355453,0.166549,-0.166549
18.115000,0.022808,-0.117151,0.080871,-0.147600,-0.804697,4.577743,0.161936,-0.161936
18.120000,0.019496,-0.106742,0.081402,-0.119554,-0.756303,4.630639,0.157175,-0.157175
18.125000,0.023684,-0.110281,0.072396,-0.115143,-0.794916,4.114150,0.152271,-0.152271
18.130000,0.023851,-0.100216,0.063775,-0.094629,-0.734820,4.238283,0.147229,-0.147229
18.135000,0.023769,-0.106781,0.061460,-0.069505,-0.772759,3.995402,0.142054,-0.142054
18.140000,0.022705,-0.110540,0.059242,-0.048018,-0.835313,4.383800,0.136752,-0.136752
18.145000,0.024152,-0.099060,0.052494,-0.023483,-0.810429,4.236809,0.131328,-0.131328
18.150000,0.024295,-0.100365,0.048931,-0.000388,-0.911254,4.075484,0.125787,-0.125787
18.155000,0.023577,-0.112289,0.041573,0.022810,-0.857590,4.563255,0.120137,-0.120137
18.160000,0.024471,-0.113551,0.037704,0.041594,-0.830435,4.344793,0.114382,-0.114382
18.165000,0.022755,-0.106702,0.038680,0.070808,-0.909799,4.033266,0.108528,-0.108528
18.170000,0.024472,-0.110689,0.032606,0.085232,-0.837773,4.367714,0.102582,-0.102582
18.175000,0.025718,-0.099727,0.025858,0.116945,-0.831048,4.455664,0.096550,-0.096550
18.180000,0.026048,-0.100448,0.023275,0.131645,-0.884758,4.116690,0.090437,-0.090437
18.185000,0.026724,-0.109274,0.018497,0.164789,-0.950607,3.843970,0.084250,-0.084250
18.190000,0.023444,-0.105830,0.015007,0.164683,-0.920877,4.535138,0.077996,-0.077996
18.195000,0.022492,-0.099633,0.012188,0.186993,-0.827934,4.187754,0.071680,-0.071680
18.200000,0.023183,-0.109105,0.006627,0.218407,-0.826056,3.851123,0.065309,-0.065309
18.205000,0.024409,-0.102162,0.002586,0.229040,-0.846085,4.262434,0.058889,-0.058889
18.210000,0.026414,-0.096343,-0.001725,0.229441,-0.819625,4.242940,0.052428,-0.052428
18.215000,0.022601,-0.107188,-0.005466,0.296596,-0.872284,3.785566,0.045931,-0.045931
18.220000,0.024951,-0.094181,-0.010927,0.315516,-0.897155,3.639425,0.039404,-0.039404
18.225000,0.025592,-0.088375,-0.015934,0.301173,-0.788721,3.649388,0.032856,-0.032856
18.230000,0.026622,-0.105955,-0.017212,0.347530,-0.927184,3.682285,0.026291,-0.026291
18.235000,0.022689,-0.102427,-0.024098,0.339995,-0.855780,3.388561,0.019716,-0.019716
18.240000,0.023224,-0.100699,-0.028636,0.362514,-0.821707,3.663301,0.013138,-0.013138
18.245000,0.022846,-0.098922,-0.028932,0.346813,-0.763853,3.507368,0.006564,-0.006564
18.250000,0.024319,-0.091848,-0.037111,0.434601,-0.898618,3.431810,0.000000,-0.000000
18.255000,0.021859,-0.087577,-0.041978,0.435312,-0.792805,3.294715,-0.006548,0.006548
18.260000,0.023377,-0.080421,-0.040784,0.411152,-0.820343,3.387675,-0.013073,0.013073
18.265000,0.021917,-0.081830,-0.044956,0.456720,-0.774905,2.808847,-0.019569,0.019569
18.270000,0.021102,-0.076341,-0.050572,0.436911,-0.839411,3.060031,-0.026029,0.026029
18.275000,0.021437,-0.083514,-0.051533,0.526497,-0.747314,3.015577,-0.032447,0.032447
18.280000,0.023658,-0.069728,-0.064897,0.482677,-0.692359,2.612037,-0.038818,0.038818
18.285000,0.020158,-0.077270,-0.068072,0.540278,-0.676177,2.617977,-0.045134,0.045134
18.290000,0.020950,-0.072267,-0.065725,0.559212,-0.672346,2.653578,-0.051390,0.051390
18.295000,0.022723,-0.065987,-0.066587,0.495228,-0.688569,2.322529,-0.057579,0.057579
18.300000,0.023120,-0.060315,-0.073147,0.518236,-0.667707,2.580332,-0.063696,0.063696
18.305000,0.019488,-0.064007,-0.070946,0.595914,-0.643674,2.462025,-0.069735,0.069735
18.310000,0.022075,-0.063079,-0.088270,0.537952,-0.714999,1.986742,-0.075691,0.075691
18.315000,0.019203,-0.055138,-0.089040,0.602731,-0.678201,2.187035,-0.081556,0.081556
18.320000,0.018255,-0.058963,-0.090769,0.598599,-0.605196,1.820396,-0.087326,0.087326
18.325000,0.018114,-0.046669,-0.093384,0.626552,-0.569379,1.806256,-0.092996,0.092996
18.330000,0.017513,-0.050938,-0.096131,0.656183,-0.594406,1.750412,-0.098560,0.098560
18.335000,0.016926,-0.047719,-0.092074,0.663964,-0.553266,1.487591,-0.104013,0.104013
18.340000,0.016531,-0.038745,-0.098885,0.605209,-0.577379,1.291853,-0.109349,0.109349
18.345000,0.017432,-0.038480,-0.104465,0.622019,-0.517352,1.143290,-0.114564,0.114564
18.350000,0.016083,-0.036313,-0.108545,0.576308,-0.497095,1.053187,-0.119653,0.119653
18.355000,0.016936,-0.033961,-0.098007,0.681230,-0.476904,0.909681,-0.124611,0.124611
18.360000,0.015274,-0.027261,-0.104554,0.648246,-0.447160,0.907841,-0.129434,0.129434
18.365000,0.015885,-0.024495,-0.115797,0.583109,-0.407796,0.788432,-0.134116,0.134116
18.370000,0.013710,-0.021505,-0.111474,0.614972,-0.412791,0.602709,-0.138655,0.138655
18.375000,0.013473,-0.019565,-0.105225,0.657322,-0.421203,0.478489,-0.143046,0.143046
18.380000,0.014035,-0.016396,-0.111401,0.619653,-0.359591,0.349190,-0.147284,0.147284
18.385000,0.012443,-0.012898,-0.115762,0.689902,-0.355252,0.210443,-0.151366,0.151366
18.390000,0.012282,-0.009441,-0.115845,0.660412,-0.302958,0.064665,-0.155289,0.155289
18.395000,0.011815,-0.006765,-0.113544,0.660203,-0.315018,-0.057428,-0.159049,0.159049
18.400000,0.010235,-0.003007,-0.112238,0.632321,-0.252977,-0.177619,-0.162642,0.162642
18.405000,0.010182,0.000295,-0.122757,0.689434,-0.269419,-0.333121,-0.166066,0.166066
18.410000,0.010628,0.003451,-0.130002,0.589283,-0.208447,-0.441736,-0.169317,0.169317
18.415000,0.008332,0.006231,-0.120508,0.613262,-0.195552,-0.564732,-0.172393,0.172393
18.420000,0.008647,0.009670,-0.135533,0.585963,-0.190558,-0.707378,-0.175291,0.175291
18.425000,0.008215,0.012967,-0.118077,0.690972,-0.154768,-0.788812,-0.178009,0.178009
18.430000,0.006927,0.017652,-0.126229,0.699895,-0.131224,-0.996832,-0.180544,0.180544
18.435000,0.006574,0.021457,-0.117599,0.572265,-0.100501,-1.007202,-0.182895,0.182895
18.440000,0.006038,0.023033,-0.141276,0.589119,-0.080078,-1.181567,-0.185059,0.185059
18.445000,0.005586,0.028184,-0.133722,0.629069,-0.057989,-1.304641,-0.187036,0.187036
18.450000,0.004358,0.028323,-0.141246,0.649866,-0.031876,-1.554893,-0.188822,0.188822
18.455000,0.004003,0.035274,-0.140029,0.587797,-0.006570,-1.523879,-0.190418,0.190418
18.460000,0.003130,0.038597,-0.141543,0.576826,0.017429,-1.570417,-0.191822,0.191822
18.465000,0.002550,0.041369,-0.126377,0.553536,0.044556,-1.724895,-0.193033,0.193033
18.470000,0.002061,0.037638,-0.117871,0.613367,0.071045,-1.969010,-0.194050,0.194050
18.475000,0.001258,0.040288,-0.134693,0.587502,0.082633,-1.979194,-0.194873,0.194873
18.480000,0.000665,0.048336,-0.137807,0.520469,0.102532,-2.175723,-0.195502,0.195502
18.485000,-0.000022,0.046046,-0.119654,0.520309,0.122125,-2.328630,-0.195936,0.195936
18.490000,-0.000711,0.056967,-0.137027,0.517642,0.164494,-2.102344,-0.196176,0.196176
18.495000,-0.001269,0.052789,-0.135201,0.483730,0.196018,-2.285887,-0.196221,0.196221
18.500000,-0.001835,0.052146,-0.130727,0.488402,0.195631,-2.292599,-0.196073,0.196073
18.505000,-0.002454,0.060270,-0.125814,0.483678,0.245642,-2.626395,-0.195732,0.195732
18.510000,-0.003231,0.066964,-0.134485,0.493735,0.258310,-2.669381,-0.195198,0.195198
18.515000,-0.003665,0.069924,-0.116274,0.471738,0.275631,-2.896764,-0.194472,0.194472
18.520000,-0.004410,0.073847,-0.117480,0.421962,0.293455,-2.601874,-0.193557,0.193557
18.525000,-0.004787,0.064447,-0.121701,0.443914,0.326764,-2.912728,-0.192453,0.192453
18.530000,-0.005965,0.078169,-0.125110,0.424177,0.352264,-2.950356,-0.191161,0.191161
18.535000,-0.006708,0.071753,-0.128420,0.409919,0.345826,-3.211904,-0.189684,0.189684
18.540000,-0.006474,0.080019,-0.125033,0.421592,0.405172,-3.157478,-0.188023,0.188023
18.545000,-0.007489,0.080272,-0.116065,0.418227,0.408134,-3.182448,-0.186181,0.186181
18.550000,-0.007430,0.083283,-0.107387,0.387739,0.419614,-3.051319,-0.184160,0.184160
18.555000,-0.008926,0.078767,-0.107543,0.386192,0.468538,-3.221397,-0.181962,0.181962
18.560000,-0.008612,0.088921,-0.103666,0.335868,0.465524,-3.097593,-0.179590,0.179590
18.565000,-0.009662,0.081281,-0.104559,0.338527,0.488579,-3.178643,-0.177046,0.177046
18.570000,-0.011032,0.079422,-0.095443,0.302750,0.476154,-3.727338,-0.174335,0.174335
18.575000,-0.010476,0.081191,-0.097992,0.253920,0.538952,-3.336753,-0.171457,0.171457
18.580000,-0.010523,0.094395,-0.100048,0.279762,0.482795,-3.472641,-0.168418,0.168418
18.585000,-0.012528,0.092320,-0.096365,0.221370,0.549831,-3.702431,-0.165220,0.165220
18.590000,-0.011014,0.095671,-0.089935,0.224929,0.543558,-3.670515,-0.161867,0.161867
18.595000,-0.013053,0.095997,-0.092935,0.204307,0.587339,-3.586837,-0.158362,0.158362
18.600000,-0.012616,0.093356,-0.080201,0.190655,0.597600,-4.151721,-0.154710,0.154710
18.605000,-0.012135,0.088396,-0.080728,0.180703,0.608660,-3.812671,-0.150914,0.150914
18.610000,-0.014584,0.089761,-0.074914,0.149014,0.549718,-3.652435,-0.146979,0.146979
18.615000,-0.014773,0.099733,-0.070399,0.130597,0.584312,-3.697005,-0.142908,0.142908
18.620000,-0.015135,0.101380,-0.077200,0.123243,0.630716,-3.677908,-0.138707,0.138707
18.625000,-0.013821,0.096523,-0.068984,0.087266,0.625713,-4.096202,-0.134379,0.134379
18.630000,-0.014308,0.099456,-0.063855,0.068200,0.627089,-3.549078,-0.129929,0.129929
18.635000,-0.016112,0.094998,-0.065110,0.051715,0.692148,-3.677559,-0.125362,0.125362
18.640000,-0.015655,0.098093,-0.055836,0.034247,0.612168,-3.698730,-0.120683,0.120683
18.645000,-0.015577,0.097612,-0.054903,0.016290,0.730583,-4.049572,-0.115896,0.115896
18.650000,-0.014984,0.103172,-0.052705,-0.003449,0.714651,-4.004752,-0.111007,0.111007
18.655000,-0.017512,0.092659,-0.048191,-0.024127,0.711718,-4.074318,-0.106020,0.106020
18.660000,-0.017336,0.090368,-0.052884,-0.041431,0.712662,-4.006930,-0.100942,0.100942
18.665000,-0.016179,0.103769,-0.048916,-0.063383,0.689734,-3.473399,-0.095776,0.095776
18.670000,-0.016689,0.090846,-0.040778,-0.079650,0.703743,-3.562678,-0.090529,0.090529
18.675000,-0.016292,0.099373,-0.039394,-0.100222,0.658628,-4.094693,-0.085205,0.085205
18.680000,-0.018933,0.103005,-0.033194,-0.115935,0.718277,-4.059369,-0.079810,0.079810
18.685000,-0.017667,0.105143,-0.029956,-0.148222,0.681105,-4.018112,-0.074351,0.074351
18.690000,-0.017999,0.086174,-0.028878,-0.164439,0.771707,-3.454149,-0.068831,0.068831
18.695000,-0.019358,0.086380,-0.021642,-0.176716,0.715992,-3.383269,-0.063257,0.063257
18.700000,-0.019908,0.089674,-0.019365,-0.199722,0.700183,-3.458948,-0.057635,0.057635
18.705000,-0.018712,0.100124,-0.017080,-0.198322,0.674960,-3.814751,-0.051970,0.051970
18.710000,-0.017998,0.096769,-0.012069,-0.227849,0.734331,-3.796449,-0.046267,0.046267
18.715000,-0.017095,0.086437,-0.009840,-0.254496,0.694818,-3.249166,-0.040534,0.040534
18.720000,-0.019151,0.092577,-0.005369,-0.283451,0.720334,-3.067543,-0.034774,0.034774
18.725000,-0.019765,0.088920,-0.002328,-0.263219,0.653264,-3.606382,-0.028995,0.028995
18.730000,-0.019715,0.087682,0.001339,-0.267282,0.678221,-3.242239,-0.023201,0.023201
18.735000,-0.019517,0.087466,0.004386,-0.336792,0.765805,-2.962545,-0.017399,0.017399
18.740000,-0.017218,0.079607,0.007492,-0.306472,0.637863,-3.061775,-0.011595,0.011595
18.745000,-0.018852,0.076081,0.012899,-0.331570,0.747045,-2.983976,-0.005793,0.005793
18.750000,-0.020244,0.072285,0.014130,-0.372751,0.672167,-2.816871,-0.000000,0.000000
18.755000,-0.019258,0.075154,0.019369,-0.387517,0.622768,-2.759213,0.005778,-0.005778
18.760000,-0.018099,0.069154,0.022708,-0.357962,0.674784,-2.902263,0.011537,-0.011537
18.765000,-0.017197,0.078440,0.024477,-0.419746,0.723206,-2.480506,0.017269,-0.017269
18.770000,-0.018843,0.075151,0.026228,-0.399631,0.624955,-2.843391,0.022970,-0.022970
18.775000,-0.019282,0.071133,0.030572,-0.418248,0.638030,-2.542619,0.028635,-0.028635
18.780000,-0.018033,0.068427,0.031616,-0.481613,0.595550,-2.541991,0.034257,-0.034257
18.785000,-0.017962,0.064075,0.039561,-0.458514,0.603957,-2.200012,0.039831,-0.039831
18.790000,-0.018486,0.057131,0.039092,-0.458087,0.604746,-2.287160,0.045351,-0.045351
18.795000,-0.017487,0.060019,0.045754,-0.483274,0.647497,-2.121014,0.050814,-0.050814
18.800000,-0.018236,0.063182,0.047989,-0.533835,0.537881,-2.154173,0.056212,-0.056212
18.805000,-0.016388,0.055416,0.052221,-0.544773,0.568718,-2.140003,0.061541,-0.061541
18.810000,-0.016456,0.051886,0.049950,-0.550528,0.514207,-1.736743,0.066797,-0.066797
18.815000,-0.017076,0.048411,0.058635,-0.555573,0.590764,-1.768942,0.071973,-0.071973
18.820000,-0.016425,0.045662,0.056638,-0.499741,0.523503,-1.775807,0.077065,-0.077065
18.825000,-0.014988,0.042695,0.063416,-0.571483,0.476600,-1.490593,0.082069,-0.082069
18.830000,-0.013844,0.041413,0.059678,-0.541179,0.462554,-1.438582,0.086979,-0.086979
18.835000,-0.013998,0.043518,0.066045,-0.507481,0.530794,-1.310914,0.091791,-0.091791
18.840000,-0.015936,0.039722,0.067512,-0.514720,0.438623,-1.106447,0.096500,-0.096500
18.845000,-0.013719,0.036931,0.064448,-0.541843,0.413047,-1.069072,0.101102,-0.101102
18.850000,-0.014109,0.028782,0.072462,-0.582617,0.427205,-0.966610,0.105593,-0.105593
18.855000,-0.013956,0.026950,0.079603,-0.531163,0.394203,-0.848909,0.109969,-0.109969
18.860000,-0.012969,0.024224,0.082500,-0.567467,0.366026,-0.770397,0.114225,-0.114225
18.865000,-0.011814,0.021386,0.071841,-0.554978,0.365877,-0.593134,0.118357,-0.118357
18.870000,-0.011282,0.019878,0.079880,-0.616207,0.367331,-0.577597,0.122363,-0.122363
18.875000,-0.011897,0.018861,0.088172,-0.537381,0.358897,-0.440241,0.126237,-0.126237
18.880000,-0.011937,0.014005,0.090986,-0.566725,0.321949,-0.324559,0.129978,-0.129978
18.885000,-0.011074,0.012236,0.083418,-0.555320,0.332388,-0.170277,0.133580,-0.133580
18.890000,-0.010810,0.008321,0.085442,-0.613870,0.319327,-0.065922,0.137042,-0.137042
18.895000,-0.010285,0.005150,0.081284,-0.555164,0.260809,0.052867,0.140360,-0.140360
18.900000,-0.010251,0.002802,0.095305,-0.617212,0.267725,0.160591,0.143531,-0.143531
18.905000,-0.009564,-0.000223,0.084771,-0.586538,0.251070,0.267579,0.146553,-0.146553
18.910000,-0.008499,-0.003093,0.092502,-0.558495,0.225187,0.398026,0.149422,-0.149422
18.915000,-0.007855,-0.006575,0.088378,-0.624386,0.202052,0.518148,0.152136,-0.152136
18.920000,-0.007690,-0.009106,0.102347,-0.587992,0.168587,0.594009,0.154694,-0.154694
18.925000,-0.007125,-0.011260,0.090174,-0.556873,0.144132,0.740753,0.157092,-0.157092
18.930000,-0.006434,-0.015850,0.103063,-0.567291,0.127408,0.827639,0.159330,-0.159330
18.935000,-0.005837,-0.018754,0.096238,-0.546795,0.120117,0.938866,0.161404,-0.161404
18.940000,-0.006322,-0.019389,0.090413,-0.535255,0.094528,1.114668,0.163314,-0.163314
18.945000,-0.005843,-0.022833,0.094507,-0.545990,0.066929,1.208360,0.165058,-0.165058
18.950000,-0.005132,-0.028035,0.095285,-0.515195,0.059183,1.200560,0.166635,-0.166635
18.955000,-0.004766,-0.028655,0.105962,-0.556916,0.035762,1.302900,0.168043,-0.168043
18.960000,-0.004211,-0.030479,0.094902,-0.570163,0.013007,1.558488,0.169282,-0.169282
18.965000,-0.003618,-0.036521,0.094616,-0.493572,-0.005073,1.612160,0.170351,-0.170351
18.970000,-0.002817,-0.035032,0.089132,-0.478086,-0.027020,1.587896,0.171249,-0.171249
18.975000,-0.002337,-0.042231,0.100957,-0.471369,-0.043892,1.925186,0.171975,-0.171975
18.980000,-0.001986,-0.038004,0.093903,-0.520936,-0.058252,1.940109,0.172530,-0.172530
18.985000,-0.001484,-0.040820,0.103937,-0.468156,-0.080472,2.020329,0.172913,-0.172913
18.990000,-0.001018,-0.043146,0.102754,-0.494544,-0.100071,2.095162,0.173125,-0.173125
18.995000,-0.000469,-0.044908,0.095260,-0.484299,-0.128353,2.244179,0.173165,-0.173165
19.000000,-0.000024,-0.055871,0.102095,-0.466056,-0.140111,2.435467,0.173034,-0.173034
19.005000,0.000496,-0.057602,0.096911,-0.480423,-0.148672,2.145791,0.172732,-0.172732
19.010000,0.000924,-0.052593,0.099856,-0.416443,-0.177881,2.388828,0.172261,-0.172261
19.015000,0.001536,-0.053852,0.094103,-0.438155,-0.186526,2.447558,0.171621,-0.171621
19.020000,0.001866,-0.054841,0.091203,-0.419128,-0.201053,2.342244,0.170813,-0.170813
19.025000,0.002142,-0.057388,0.092850,-0.404163,-0.237211,2.674979,0.169839,-0.169839
19.030000,0.003015,-0.065394,0.091874,-0.363403,-0.247331,2.851736,0.168699,-0.168699
19.035000,0.003384,-0.064093,0.095952,-0.409793,-0.262681,2.782467,0.167396,-0.167396
19.040000,0.003982,-0.062554,0.094408,-0.384636,-0.268774,3.005226,0.165930,-0.165930
19.045000,0.004372,-0.066899,0.090544,-0.343265,-0.312078,3.023450,0.164305,-0.164305
19.050000,0.004557,-0.076066,0.088967,-0.345159,-0.280407,2.689851,0.162521,-0.162521
19.055000,0.004798,-0.069543,0.080692,-0.335134,-0.336780,2.847157,0.160581,-0.160581
19.060000,0.005599,-0.078332,0.077717,-0.328397,-0.352538,2.800085,0.158488,-0.158488
19.065000,0.005700,-0.076162,0.086516,-0.256871,-0.350206,3.008100,0.156243,-0.156243
19.070000,0.006597,-0.076804,0.079002,-0.275949,-0.343270,2.867231,0.153850,-0.153850
19.075000,0.007034,-0.080605,0.069733,-0.247538,-0.402815,2.916391,0.151311,-0.151311
19.080000,0.006798,-0.085162,0.069370,-0.216433,-0.403917,2.984204,0.148628,-0.148628
19.085000,0.007360,-0.078866,0.069487,-0.241506,-0.387795,3.107406,0.145806,-0.145806
19.090000,0.007480,-0.073975,0.075037,-0.189784,-0.430537,3.095722,0.142847,-0.142847
19.095000,0.008054,-0.090380,0.071556,-0.203682,-0.467710,3.639896,0.139754,-0.139754
19.100000,0.008627,-0.085642,0.062414,-0.169248,-0.453011,3.565332,0.136531,-0.136531
19.105000,0.009058,-0.089582,0.060957,-0.155304,-0.498174,3.600061,0.133181,-0.133181
19.110000,0.009185,-0.083985,0.066349,-0.150740,-0.462775,3.534068,0.129708,-0.129708
19.115000,0.009748,-0.078148,0.060334,-0.120575,-0.522063,3.280940,0.126116,-0.126116
19.120000,0.010013,-0.078783,0.053034,-0.109647,-0.441321,3.518613,0.122408,-0.122408
19.125000,0.009864,-0.093249,0.049281,-0.085840,-0.469718,3.201206,0.118589,-0.118589
19.130000,0.009310,-0.088497,0.053911,-0.069056,-0.454274,3.265572,0.114662,-0.114662
19.135000,0.010676,-0.080048,0.050532,-0.052955,-0.463592,3.678921,0.110632,-0.110632
19.140000,0.010052,-0.094373,0.049820,-0.036661,-0.522195,3.687537,0.106502,-0.106502
19.145000,0.010016,-0.080105,0.043898,-0.017890,-0.516479,3.557745,0.102278,-0.102278
19.150000,0.010752,-0.093007,0.042480,0.000379,-0.512365,3.385441,0.097963,-0.097963
19.155000,0.011353,-0.080860,0.036960,0.017901,-0.566760,3.278113,0.093563,-0.093563
19.160000,0.012459,-0.084339,0.035910,0.031474,-0.525600,3.594528,0.089081,-0.089081
19.165000,0.011718,-0.082000,0.034218,0.052831,-0.534573,3.120747,0.084522,-0.084522
19.170000,0.011021,-0.095036,0.031206,0.070364,-0.599704,3.278309,0.079891,-0.079891
19.175000,0.012497,-0.084083,0.025063,0.086846,-0.499633,3.303158,0.075193,-0.075193
19.180000,0.011077,-0.086436,0.026002,0.111852,-0.589770,3.412305,0.070432,-0.070432
19.185000,0.012645,-0.080718,0.020465,0.112690,-0.507735,3.411253,0.065614,-0.065614
19.190000,0.011086,-0.079582,0.021229,0.129341,-0.611190,3.094079,0.060743,-0.060743
19.195000,0.011723,-0.084134,0.016762,0.152436,-0.538953,3.419955,0.055824,-0.055824
19.200000,0.013242,-0.084721,0.012682,0.181203,-0.583693,3.197261,0.050863,-0.050863
19.205000,0.012964,-0.077689,0.010803,0.172034,-0.526769,3.407053,0.045863,-0.045863
19.210000,0.012390,-0.084189,0.008794,0.194718,-0.522715,3.066418,0.040831,-0.040831
19.215000,0.011358,-0.087163,0.005020,0.236782,-0.570598,3.323973,0.035771,-0.035771
19.220000,0.012495,-0.080687,0.002542,0.209494,-0.595798,3.047146,0.030688,-0.030688
19.225000,0.011635,-0.081081,-0.000285,0.238478,-0.503957,2.958313,0.025588,-0.025588
19.230000,0.013026,-0.084976,-0.003060,0.286327,-0.499699,2.653837,0.020475,-0.020475
19.235000,0.013132,-0.075313,-0.005998,0.275117,-0.504527,3.077522,0.015355,-0.015355
19.240000,0.013081,-0.072400,-0.008516,0.284265,-0.596936,2.726616,0.010232,-0.010232
19.245000,0.012979,-0.076908,-0.010318,0.295227,-0.548187,2.824268,0.005112,-0.005112
19.250000,0.012278,-0.078443,-0.013091,0.311217,-0.525163,2.633063,0.000000,-0.000000
19.255000,0.011652,-0.075882,-0.015375,0.329197,-0.550064,2.695884,-0.005099,0.005099
19.260000,0.012567,-0.067112,-0.019588,0.363383,-0.553008,2.370074,-0.010181,0.010181
19.265000,0.012587,-0.071428,-0.022197,0.368599,-0.484285,2.236908,-0.015240,0.015240
19.270000,0.011474,-0.059585,-0.023728,0.345952,-0.507396,2.272174,-0.020271,0.020271
19.275000,0.011058,-0.068025,-0.028364,0.402751,-0.547635,2.115103,-0.025270,0.025270
19.280000,0.012877,-0.055921,-0.031117,0.422932,-0.477761,2.351982,-0.030231,0.030231
19.285000,0.012704,-0.054162,-0.032151,0.405436,-0.491583,2.164098,-0.035150,0.035150
19.290000,0.011472,-0.057493,-0.036687,0.395103,-0.470887,2.201785,-0.040022,0.040022
19.295000,0.010913,-0.054378,-0.035998,0.405566,-0.481420,2.142034,-0.044843,0.044843
19.300000,0.011918,-0.052953,-0.041568,0.425069,-0.491362,1.877552,-0.049607,0.049607
19.305000,0.011009,-0.053989,-0.043937,0.441907,-0.400877,1.731001,-0.054310,0.054310
19.310000,0.009947,-0.052680,-0.043020,0.462554,-0.404970,1.823373,-0.058948,0.058948
19.315000,0.010768,-0.042826,-0.047890,0.471469,-0.428123,1.436430,-0.063516,0.063516
19.320000,0.009986,-0.042655,-0.051389,0.430017,-0.447137,1.352715,-0.068010,0.068010
19.325000,0.010206,-0.044674,-0.046341,0.466276,-0.386799,1.398360,-0.072426,0.072426
19.330000,0.009979,-0.042682,-0.050596,0.466907,-0.407498,1.396584,-0.076759,0.076759
19.335000,0.010134,-0.035612,-0.058615,0.448416,-0.344130,1.231519,-0.081005,0.081005
19.340000,0.008482,-0.032251,-0.056425,0.483228,-0.366120,1.166151,-0.085161,0.085161
19.345000,0.009115,-0.030279,-0.051355,0.501576,-0.361912,1.069725,-0.089222,0.089222
19.350000,0.008156,-0.031329,-0.055801,0.516361,-0.320688,0.964654,-0.093186,0.093186
19.355000,0.008213,-0.025429,-0.056901,0.544266,-0.313758,0.846725,-0.097047,0.097047
19.360000,0.007793,-0.023307,-0.059122,0.539301,-0.294690,0.763749,-0.100803,0.100803
19.365000,0.007821,-0.021750,-0.060595,0.504471,-0.255286,0.611155,-0.104450,0.104450
19.370000,0.007208,-0.017596,-0.065463,0.514922,-0.294532,0.535997,-0.107985,0.107985
19.375000,0.007036,-0.015560,-0.061857,0.548035,-0.272391,0.352296,-0.111404,0.111404
19.380000,0.006990,-0.014320,-0.066287,0.520540,-0.257295,0.276353,-0.114705,0.114705
19.385000,0.006628,-0.012443,-0.068248,0.500206,-0.219036,0.164799,-0.117884,0.117884
19.390000,0.006054,-0.009257,-0.072011,0.529515,-0.223607,0.071449,-0.120939,0.120939
19.395000,0.005972,-0.006409,-0.074325,0.546523,-0.189647,-0.023843,-0.123867,0.123867
19.400000,0.005276,-0.003875,-0.076501,0.563168,-0.185998,-0.116626,-0.126666,0.126666
19.405000,0.005213,-0.001053,-0.070678,0.547647,-0.171179,-0.247310,-0.129332,0.129332
19.410000,0.004168,0.001665,-0.073486,0.537146,-0.127287,-0.318844,-0.131864,0.131864
19.415000,0.004369,0.003914,-0.068696,0.492579,-0.119231,-0.446442,-0.134260,0.134260
19.420000,0.003663,0.006537,-0.072889,0.551326,-0.114428,-0.493927,-0.136517,0.136517
19.425000,0.003704,0.009971,-0.080302,0.510889,-0.083828,-0.665540,-0.138634,0.138634
19.430000,0.003375,0.012027,-0.071413,0.550556,-0.074523,-0.669160,-0.140608,0.140608
19.435000,0.002681,0.013621,-0.081910,0.511641,-0.061309,-0.796760,-0.142439,0.142439
19.440000,0.002399,0.017678,-0.074105,0.453631,-0.042006,-1.002066,-0.144124,0.144124
19.445000,0.002059,0.019551,-0.082926,0.520971,-0.025532,-1.114824,-0.145663,0.145663
19.450000,0.001690,0.020112,-0.075167,0.469663,-0.007186,-1.138651,-0.147055,0.147055
19.455000,0.001319,0.024008,-0.081336,0.488479,0.008957,-1.282743,-0.148298,0.148298
19.460000,0.000946,0.027627,-0.069671,0.463468,0.026262,-1.331041,-0.149391,0.149391
19.465000,0.000494,0.027404,-0.068124,0.431421,0.040941,-1.491262,-0.150334,0.150334
19.470000,0.000112,0.029572,-0.068599,0.474555,0.058397,-1.472076,-0.151126,0.151126
19.475000,-0.000242,0.032814,-0.077356,0.484129,0.076867,-1.414022,-0.151767,0.151767
19.480000,-0.000659,0.035946,-0.074571,0.458177,0.083034,-1.763478,-0.152257,0.152257
19.485000,-0.000959,0.036339,-0.070519,0.454644,0.104650,-1.687561,-0.152595,0.152595
19.490000,-0.001389,0.040298,-0.080606,0.404033,0.119061,-1.809549,-0.152782,0.152782
19.495000,-0.001571,0.046280,-0.074301,0.392700,0.129506,-1.697236,-0.152817,0.152817
19.500000,-0.002054,0.044707,-0.073949,0.395112,0.146329,-1.766528,-0.152702,0.152702
19.505000,-0.002349,0.044394,-0.074263,0.434053,0.165654,-2.215724,-0.152436,0.152436
19.510000,-0.002686,0.052082,-0.072950,0.360700,0.169776,-1.958229,-0.152020,0.152020
19.515000,-0.003247,0.047872,-0.073800,0.368224,0.181386,-2.159717,-0.151455,0.151455
19.520000,-0.003224,0.052399,-0.071553,0.376882,0.222278,-2.209603,-0.150742,0.150742
19.525000,-0.003709,0.058480,-0.061521,0.330605,0.219916,-2.200086,-0.149882,0.149882
19.530000,-0.004204,0.054995,-0.064817,0.365059,0.225404,-2.358408,-0.148876,0.148876
19.535000,-0.004121,0.056003,-0.060723,0.336001,0.257780,-2.247255,-0.147726,0.147726
19.540000,-0.005172,0.061724,-0.064945,0.334229,0.286335,-2.362091,-0.146433,0.146433
19.545000,-0.004888,0.058854,-0.067774,0.306943,0.251239,-2.562845,-0.144998,0.144998
19.550000,-0.005785,0.060229,-0.063345,0.287712,0.294925,-2.569505,-0.143424,0.143424
19.555000,-0.005909,0.061679,-0.055772,0.256633,0.276542,-2.755065,-0.141712,0.141712
19.560000,-0.006036,0.070604,-0.059927,0.257779,0.301930,-2.818800,-0.139865,0.139865
19.565000,-0.005972,0.063375,-0.061273,0.244593,0.356495,-2.539433,-0.137884,0.137884
19.570000,-0.006871,0.070536,-0.051565,0.228569,0.347717,-2.853576,-0.135772,0.135772
19.575000,-0.006535,0.062896,-0.048548,0.215310,0.379124,-3.071360,-0.133531,0.133531
19.580000,-0.007168,0.063413,-0.048130,0.202552,0.371954,-2.728271,-0.131164,0.131164
19.585000,-0.006974,0.064088,-0.046080,0.191885,0.383651,-3.151627,-0.128673,0.128673
19.590000,-0.007568,0.073467,-0.043240,0.188899,0.395918,-2.892366,-0.126062,0.126062
19.595000,-0.007870,0.066267,-0.041734,0.157300,0.407480,-3.137000,-0.123333,0.123333
19.600000,-0.008330,0.067659,-0.041727,0.161031,0.432448,-2.977328,-0.120488,0.120488
19.605000,-0.008915,0.078485,-0.037311,0.136093,0.398981,-3.111238,-0.117532,0.117532
19.610000,-0.008366,0.078712,-0.035479,0.137812,0.389452,-2.817267,-0.114467,0.114467
19.615000,-0.007899,0.070217,-0.033532,0.108880,0.404734,-3.224078,-0.111297,0.111297
19.620000,-0.008355,0.081604,-0.033808,0.105445,0.442721,-3.165304,-0.108025,0.108025
19.625000,-0.009018,0.084253,-0.036006,0.084540,0.468898,-3.167897,-0.104654,0.104654
19.630000,-0.009470,0.069631,-0.031678,0.066517,0.403734,-3.336499,-0.101189,0.101189
19.635000,-0.009154,0.072692,-0.029818,0.047874,0.485095,-3.319797,-0.097632,0.097632
19.640000,-0.009311,0.085158,-0.025469,0.034140,0.449933,-2.793755,-0.093988,0.093988
19.645000,-0.009283,0.071338,-0.025777,0.021744,0.412699,-3.013884,-0.090260,0.090260
19.650000,-0.009966,0.076568,-0.023696,0.004798,0.480340,-3.054223,-0.086452,0.086452
19.655000,-0.010273,0.070209,-0.018907,-0.010876,0.420540,-2.787827,-0.082569,0.082569
19.660000,-0.009385,0.070623,-0.018652,-0.025657,0.427541,-2.960615,-0.078613,0.078613
19.665000,-0.010793,0.075780,-0.016011,-0.037823,0.475911,-3.186992,-0.074590,0.074590
19.670000,-0.010634,0.072145,-0.012154,-0.059117,0.448019,-2.895036,-0.070504,0.070504
19.675000,-0.010362,0.082386,-0.009932,-0.070234,0.454748,-3.142543,-0.066358,0.066358
19.680000,-0.010200,0.074915,-0.008040,-0.089012,0.460643,-3.184323,-0.062156,0.062156
19.685000,-0.009491,0.071961,-0.004876,-0.109078,0.504666,-2.889104,-0.057904,0.057904
19.690000,-0.010668,0.072388,-0.002842,-0.107775,0.471266,-2.881849,-0.053606,0.053606
19.695000,-0.011155,0.067943,-0.000579,-0.135773,0.480740,-2.729881,-0.049265,0.049265
19.700000,-0.010417,0.078296,0.001790,-0.156339,0.443193,-2.973815,-0.044886,0.044886
19.705000,-0.009568,0.069563,0.004071,-0.161756,0.520162,-2.758391,-0.040474,0.040474
19.710000,-0.011121,0.069868,0.006043,-0.154962,0.427058,-2.816331,-0.036033,0.036033
19.715000,-0.011021,0.070119,0.009073,-0.178429,0.429286,-2.882090,-0.031568,0.031568
19.720000,-0.009978,0.075126,0.011854,-0.183544,0.485142,-2.667518,-0.027082,0.027082
19.725000,-0.009406,0.067771,0.014353,-0.231467,0.427326,-2.426053,-0.022581,0.022581
19.730000,-0.009481,0.072336,0.016661,-0.208998,0.418471,-2.337629,-0.018069,0.018069
19.735000,-0.009855,0.069071,0.017698,-0.222823,0.477845,-2.501150,-0.013551,0.013551
19.740000,-0.009396,0.066803,0.021525,-0.254102,0.429873,-2.509068,-0.009030,0.009030
19.745000,-0.010033,0.069623,0.023925,-0.242678,0.424611,-2.350245,-0.004512,0.004512
19.750000,-0.010491,0.063039,0.024209,-0.269906,0.429253,-2.563052,0.000000,-0.000000
19.755000,-0.009335,0.059639,0.029449,-0.312637,0.474375,-2.440707,0.004500,-0.004500
19.760000,-0.009644,0.060438,0.030165,-0.274287,0.464839,-2.359344,0.008985,-0.008985
19.765000,-0.009782,0.056072,0.028539,-0.325486,0.416874,-2.341449,0.013449,-0.013449
19.770000,-0.008951,0.060000,0.036560,-0.320705,0.451315,-2.263448,0.017889,-0.017889
19.775000,-0.009002,0.055641,0.032272,-0.353509,0.380937,-1.895776,0.022301,-0.022301
19.780000,-0.009174,0.059565,0.039601,-0.346941,0.379142,-1.880672,0.026679,-0.026679
19.785000,-0.008368,0.051104,0.035911,-0.357870,0.378885,-1.886308,0.031020,-0.031020
19.790000,-0.008568,0.055968,0.039892,-0.342634,0.407240,-1.846517,0.035320,-0.035320
19.795000,-0.008660,0.046659,0.043780,-0.401755,0.354203,-1.871362,0.039574,-0.039574
19.800000,-0.007812,0.048911,0.044824,-0.360032,0.369485,-1.603072,0.043778,-0.043778
19.805000,-0.007131,0.047113,0.046785,-0.416080,0.347013,-1.604067,0.047928,-0.047928
19.810000,-0.007479,0.043347,0.049718,-0.418286,0.367789,-1.610538,0.052021,-0.052021
19.815000,-0.006648,0.040967,0.047296,-0.423130,0.306697,-1.353348,0.056053,-0.056053
19.820000,-0.006539,0.040348,0.046779,-0.396622,0.291599,-1.359501,0.060019,-0.060019
19.825000,-0.006354,0.040987,0.055284,-0.382988,0.292441,-1.167082,0.063915,-0.063915
19.830000,-0.006295,0.036710,0.049643,-0.445962,0.266216,-1.052431,0.067739,-0.067739
19.835000,-0.006489,0.035407,0.057664,-0.428392,0.293091,-1.146233,0.071487,-0.071487
19.840000,-0.006239,0.028242,0.062356,-0.444323,0.255842,-0.964700,0.075154,-0.075154
19.845000,-0.005226,0.028850,0.063314,-0.400020,0.270216,-0.858815,0.078739,-0.078739
19.850000,-0.005318,0.028169,0.054135,-0.458731,0.250335,-0.781638,0.082236,-0.082236
19.855000,-0.004376,0.024094,0.066752,-0.399944,0.247020,-0.693787,0.085644,-0.085644
19.860000,-0.004123,0.023931,0.056205,-0.452885,0.202993,-0.648111,0.088958,-0.088958
19.865000,-0.003846,0.020588,0.062366,-0.487430,0.198536,-0.523219,0.092177,-0.092177
19.870000,-0.003506,0.018533,0.066361,-0.480655,0.169783,-0.408173,0.095296,-0.095296
19.875000,-0.003478,0.016012,0.064450,-0.437165,0.162336,-0.384321,0.098314,-0.098314
19.880000,-0.003028,0.012269,0.060866,-0.434410,0.144138,-0.274279,0.101227,-0.101227
19.885000,-0.002750,0.011045,0.067301,-0.429196,0.145395,-0.197195,0.104033,-0.104033
19.890000,-0.002742,0.009179,0.071586,-0.444302,0.141949,-0.084458,0.106729,-0.106729
19.895000,-0.002166,0.006729,0.067678,-0.490500,0.105868,0.001741,0.109313,-0.109313
19.900000,-0.002008,0.004194,0.065407,-0.469687,0.105342,0.086492,0.111782,-0.111782
19.905000,-0.001522,0.001881,0.074101,-0.459818,0.082206,0.181645,0.114135,-0.114135
19.910000,-0.001185,-0.000369,0.068522,-0.478626,0.072872,0.260513,0.116370,-0.116370
19.915000,-0.000819,-0.002667,0.074535,-0.485789,0.051503,0.330631,0.118484,-0.118484
19.920000,-0.000465,-0.004589,0.068664,-0.459056,0.040094,0.454672,0.120476,-0.120476
19.925000,-0.000154,-0.006815,0.066693,-0.422208,0.026801,0.515873,0.122344,-0.122344
19.930000,0.000214,-0.009383,0.066995,-0.410589,0.010582,0.580838,0.124086,-0.124086
19.935000,0.000527,-0.011376,0.076631,-0.460757,-0.004231,0.655334,0.125702,-0.125702
19.940000,0.000933,-0.014891,0.076889,-0.469172,-0.020175,0.739427,0.127189,-0.127189
19.945000,0.001189,-0.016605,0.072024,-0.400474,-0.033330,0.800132,0.128548,-0.128548
19.950000,0.001645,-0.016814,0.073601,-0.466080,-0.047035,0.990143,0.129775,-0.129775
19.955000,0.002084,-0.021444,0.066151,-0.457122,-0.066545,1.020746,0.130872,-0.130872
19.960000,0.002320,-0.022198,0.067912,-0.456828,-0.070803,1.074759,0.131837,-0.131837
19.965000,0.002432,-0.024870,0.070485,-0.441133,-0.093088,1.201028,0.132669,-0.132669
19.970000,0.002949,-0.027907,0.063764,-0.446322,-0.097208,1.282537,0.133369,-0.133369
19.975000,0.003221,-0.027937,0.064510,-0.440173,-0.127500,1.436056,0.133934,-0.133934
19.980000,0.003441,-0.029940,0.065521,-0.402417,-0.128352,1.350296,0.134366,-0.134366
19.985000,0.003639,-0.029881,0.069295,-0.355758,-0.139886,1.361772,0.134665,-0.134665
19.990000,0.003922,-0.034617,0.069142,-0.358436,-0.174974,1.429327,0.134830,-0.134830
19.995000,0.004690,-0.038802,0.060251,-0.381682,-0.193158,1.666603,0.134861,-0.134861
20.000000,0.005414,-0.041458,0.061731,-0.362222,-0.203082,1.597380,0.000000,0.000000
