time [s],q1 [rad],q2 [rad],q1dot [rad/s],q2dot [rad/s],q1ddot [rad/s^2],q2ddot [rad/s^2],u1 [Nm],u2 [Nm]
0.000000,0.000000,0.000000,0.000000,0.000000,0.000000,0.000000,20.000000,-20.000000
0.010000,0.016758,-0.072397,3.093452,-13.891311,290.471453,-1257.225480,19.910696,-19.910696
0.020000,0.058877,-0.293648,5.312634,-26.383330,155.996136,-710.245121,19.743330,-19.743330
0.030000,0.112557,-0.597289,5.912862,-29.060846,22.594064,-216.569075,19.498953,-19.498953
0.040000,0.165518,-0.816927,6.399165,-29.802781,-44.987583,0.039100,19.178912,-19.178912
0.050000,0.243689,-1.230607,4.967334,-31.260080,-71.905598,37.878507,18.784846,-18.784846
0.060000,0.264847,-1.350983,4.613389,-28.661170,-92.905729,8.375770,18.318678,-18.318678
0.070000,0.344212,-1.847911,3.468072,-32.533165,-122.551219,-56.962021,17.782607,-17.782607
0.080000,0.337545,-1.981307,2.189429,-29.123501,-155.374516,-139.658446,17.179093,-17.179093
0.090000,0.390682,-2.568279,0.328860,-33.829655,-183.617281,-286.515073,16.510853,-16.510853
0.100000,0.369301,-2.907207,-1.447339,-33.415347,-154.728403,-295.920833,15.780846,-15.780846
0.110000,0.348392,-3.361374,-2.399687,-35.240423,26.576690,-19.081125,14.992257,-14.992257
0.120000,0.281321,-3.595982,-1.056375,-40.643284,217.420097,222.497608,14.148487,-14.148487
0.130000,0.319849,-4.252092,1.430026,-35.205735,234.670751,122.877370,13.253139,-13.253139
0.140000,0.356272,-3.999821,3.455950,-33.465726,223.601566,-57.577331,12.310001,-12.310001
0.150000,0.348726,-4.863305,5.651882,-39.667455,211.100811,-267.091464,11.323029,-11.323029
0.160000,0.476544,-5.192437,7.516756,-38.002647,249.167783,-504.563515,10.296335,-10.296335
0.170000,0.505689,-4.976087,10.354633,-44.972050,267.862142,-905.245981,9.234163,-9.234163
0.180000,0.668213,-6.053829,13.042855,-52.644407,229.320111,-760.369809,8.140879,-8.140879
0.190000,0.774438,-6.767377,12.215457,-48.009933,-277.090310,1344.514846,7.020949,-7.020949
0.200000,0.909988,-7.178259,8.716655,-36.220726,-303.679227,1092.003928,5.878921,-5.878921
0.210000,1.017255,-6.832461,7.306501,-33.467062,-179.594845,601.956033,4.719409,-4.719409
0.220000,0.946441,-7.600894,5.697799,-25.393560,-136.578729,393.129602,3.547073,-3.547073
0.230000,1.141661,-8.428633,4.021763,-22.159936,-103.318101,301.573739,2.366597,-2.366597
0.240000,1.162297,-8.826596,3.453610,-19.244392,-87.866268,197.342503,1.182678,-1.182678
0.250000,1.047280,-7.795198,2.372017,-17.284068,-82.317347,193.763237,0.000000,-0.000000
0.260000,1.277701,-7.928260,1.779637,-16.740791,-61.509857,156.793934,-1.176779,1.176779
0.270000,1.136408,-8.953630,1.240908,-15.493512,-54.657152,157.590621,-2.343049,2.343049
0.280000,1.229665,-9.546780,0.785910,-13.266247,-40.221472,180.369748,-3.494264,3.494264
0.290000,1.134675,-9.620648,0.406515,-12.737135,-33.071639,198.245204,-4.625959,4.625959
0.300000,1.170173,-9.763508,0.171665,-10.271467,-18.902339,207.819878,-5.733770,5.733770
0.310000,1.217480,-8.810406,0.026122,-8.409777,-9.330981,230.414105,-6.813448,6.813448
0.320000,1.185500,-8.670873,-0.058152,-4.922070,-5.947257,240.454333,-7.860876,7.860876
0.330000,1.284053,-9.089662,-0.108280,-2.771681,-4.766180,246.623852,-8.872086,8.872086
0.340000,1.187780,-8.348469,-0.164767,-0.112727,-6.309749,259.026725,-9.843270,9.843270
0.350000,1.265184,-8.992118,-0.221312,2.293267,-8.589518,281.961258,-10.770799,10.770799
0.360000,1.210170,-9.982054,-0.361921,5.149327,-14.123312,261.893014,-11.651233,11.651233
0.370000,1.228987,-9.992243,-0.574534,8.235100,-21.030078,228.356324,-12.481337,12.481337
0.380000,1.316768,-8.878647,-0.855108,10.093625,-29.910933,254.367257,-13.258087,13.258087
0.390000,1.168567,-9.186580,-1.113897,12.005200,-44.411374,209.956304,-13.978687,13.978687
0.400000,1.241466,-8.006891,-1.864433,14.482246,-56.227690,239.074895,-14.640577,14.640577
0.410000,1.038400,-7.872799,-2.290252,18.321357,-74.810222,231.929239,-15.241439,15.241439
0.420000,1.147806,-8.575501,-3.444612,17.654592,-98.827486,278.118333,-15.779208,15.779208
0.430000,1.135734,-7.702946,-3.893585,23.034364,-113.508920,292.875706,-16.252079,16.252079
0.440000,0.940364,-8.159959,-5.435243,23.475401,-132.198043,402.733691,-16.658510,16.658510
0.450000,0.991721,-8.229867,-6.598113,32.673810,-172.124958,584.972532,-16.997232,16.997232
0.460000,0.925813,-7.212685,-9.927110,39.316632,-255.069673,915.128654,-17.267245,17.267245
0.470000,0.840745,-6.596669,-11.261580,44.315800,-400.575413,1297.053718,-17.467828,17.467828
0.480000,0.647028,-6.724027,-15.244918,66.487838,-154.839363,603.312998,-17.598536,17.598536
0.490000,0.457771,-6.118746,-15.482906,54.709306,291.853711,-1252.540817,-17.659203,17.659203
0.500000,0.334887,-5.605718,-10.699922,43.015708,218.224392,-707.479928,-17.649938,17.649938
0.510000,0.235931,-5.255214,-9.978976,36.581587,157.025316,-369.517750,-17.571127,17.571127
0.520000,0.166053,-4.219146,-8.752329,40.929672,122.170804,-138.368511,-17.423428,17.423428
0.530000,0.090000,-3.862379,-7.876495,34.026648,123.960875,44.917116,-17.207766,17.207766
0.540000,0.022041,-3.861301,-6.179602,38.703432,154.912760,199.558630,-16.925330,16.925330
0.550000,-0.033179,-3.173230,-4.281460,42.713521,78.912905,174.390726,-16.577568,16.577568
0.560000,-0.080946,-2.911996,-4.778065,37.452050,-122.160920,-77.130579,-16.166177,16.166177
0.570000,-0.138558,-2.400371,-6.998180,36.700651,-216.792716,-43.949766,-15.693095,15.693095
0.580000,-0.230776,-2.291910,-9.039288,38.726964,-198.437054,206.385226,-15.160496,15.160496
0.590000,-0.300229,-1.765067,-10.071902,40.877712,-215.406560,461.847829,-14.570777,14.570777
0.600000,-0.395465,-1.291861,-13.104096,51.248099,-356.844159,1114.501343,-13.926548,13.926548
0.610000,-0.528776,-0.692891,-17.287598,59.684863,-556.363883,2034.371858,-13.230620,13.230620
0.620000,-0.731958,0.068113,-18.839854,71.679031,273.499062,-1233.219275,-12.485996,12.485996
0.630000,-0.969185,0.699687,-16.566596,60.584430,491.975301,-1972.531795,-11.695854,11.695854
0.640000,-1.178919,1.166761,-11.348009,41.072082,223.580440,-920.999265,-10.863538,10.863538
0.650000,-1.188654,1.702232,-11.097523,37.183935,169.701841,-478.684662,-9.992538,9.992538
0.660000,-1.225930,2.099255,-8.692990,35.811641,109.167714,-219.711307,-9.086483,9.086483
0.670000,-1.402572,2.180504,-7.435798,32.924523,98.242186,-107.366447,-8.149120,8.149120
0.680000,-1.351468,2.672179,-6.500643,29.543675,94.229224,-46.732272,-7.184300,7.184300
0.690000,-1.673840,2.610898,-6.096705,29.742076,45.761595,-64.688203,-6.195965,6.195965
0.700000,-1.662393,3.451340,-5.895214,27.196397,-14.021661,-139.763211,-5.188130,5.188130
0.710000,-1.763537,3.581466,-5.873435,30.329460,-47.348208,-177.091462,-4.164864,4.164864
0.720000,-1.855419,4.088881,-6.220252,26.839225,-46.067067,-137.850402,-3.130281,3.130281
0.730000,-1.695434,4.185333,-7.757699,25.284349,-33.406384,-81.379209,-2.088515,2.088515
0.740000,-1.830692,4.240470,-7.178694,25.797467,-22.781336,-51.533921,-1.043709,1.043709
0.750000,-1.932606,4.109902,-8.164776,25.389133,-16.559763,-41.888500,-0.000000,0.000000
0.760000,-1.981846,4.297146,-7.941218,24.274441,-6.991817,-45.548122,1.038504,-1.038504
0.770000,-2.201838,5.200302,-7.657664,24.593288,3.859781,-79.218955,2.067733,-2.067733
0.780000,-2.131455,5.484210,-7.658993,23.945128,22.114355,-140.932582,3.083677,-3.083677
0.790000,-2.223514,5.210001,-7.317802,20.964686,53.417146,-234.388272,4.082394,-4.082394
0.800000,-2.260521,5.138974,-6.412212,15.954071,88.801861,-418.176489,5.060034,-5.060034
0.810000,-2.402026,6.219238,-5.876044,11.401162,106.519732,-573.004599,6.012847,-6.012847
0.820000,-2.174093,5.255212,-4.373157,6.642185,139.748254,-556.475684,6.937199,-6.937199
0.830000,-2.249720,6.213505,-2.801017,0.362554,118.963393,-593.785937,7.829588,-7.829588
0.840000,-2.266658,6.156441,-1.538464,-5.056142,113.483243,-480.325413,8.686655,-8.686655
0.850000,-2.690826,5.812059,-0.553973,-10.165837,86.268256,-463.235402,9.505197,-9.505197
0.860000,-2.323373,5.313623,0.216472,-13.285687,59.880084,-341.130365,10.282177,-10.282177
0.870000,-2.422116,5.540370,0.663138,-17.686818,33.467062,-237.123923,11.014741,-11.014741
0.880000,-2.426298,5.780037,1.010095,-16.983458,11.653275,-180.673800,11.700221,-11.700221
0.890000,-2.266571,5.366703,1.041310,-20.170245,-12.000642,-128.790218,12.336148,-12.336148
0.900000,-2.235002,5.236734,0.771974,-22.643916,-32.578586,-117.933800,12.920264,-12.920264
0.910000,-2.281802,4.625460,0.293106,-22.275605,-59.209169,-145.431768,13.450522,-13.450522
0.920000,-2.372956,4.216110,-0.379090,-24.450287,-88.868202,-153.479817,13.925102,-13.925102
0.930000,-2.221963,4.537692,-1.316197,-28.481474,-112.749452,-199.565388,14.342409,-14.342409
0.940000,-2.704862,3.679059,-2.785138,-27.458424,-153.363585,-303.888034,14.701084,-14.701084
0.950000,-2.364288,3.333589,-4.015961,-34.084535,-162.678231,-319.280977,15.000004,-15.000004
0.960000,-2.553443,3.528497,-5.447387,-34.925598,-40.036067,-184.946938,15.238290,-15.238290
0.970000,-2.454754,3.051686,-5.108337,-32.657932,175.075167,125.851639,15.415304,-15.415304
0.980000,-2.780613,2.729065,-2.185016,-34.198629,245.770987,171.824201,15.530654,-15.530654
0.990000,-2.465270,2.103012,0.287028,-29.936467,241.589477,32.952575,15.584192,-15.584192
1.000000,-2.659817,2.055423,2.463844,-31.000739,249.205685,-131.477400,15.576016,-15.576016
1.010000,-2.761118,1.459684,4.875833,-37.131835,248.046950,-351.982505,15.506465,-15.506465
1.020000,-2.565893,1.307229,7.906693,-42.886448,273.992118,-654.794925,15.376121,-15.376121
1.030000,-2.372266,0.837879,11.369238,-45.755210,396.899530,-1117.759651,15.185800,-15.185800
1.040000,-2.332010,0.252034,13.399223,-65.369627,249.073788,-975.370203,14.936552,-14.936552
1.050000,-2.115751,-0.389230,12.666040,-52.278506,-277.572988,1305.098339,14.629653,-14.629653
1.060000,-2.045429,-0.908448,10.856039,-46.639257,-262.168575,787.270470,14.266601,-14.266601
1.070000,-2.102040,-1.256130,8.345277,-39.350477,-156.056816,405.629961,13.849108,-13.849108
1.080000,-1.785962,-1.859735,7.209721,-37.923577,-160.633369,147.809110,13.379091,-13.379091
1.090000,-1.682435,-2.252472,5.557503,-38.868710,-138.659134,-36.332793,12.858666,-12.858666
1.100000,-1.600948,-2.584456,4.076730,-41.068470,-170.219638,-174.832597,12.290135,-12.290135
1.110000,-1.833444,-2.778772,2.486365,-41.425087,-105.470122,-164.328168,11.675981,-11.675981
1.120000,-1.729061,-3.090161,2.377926,-41.404978,117.750395,156.673594,11.018853,-11.018853
1.130000,-1.597028,-3.297555,4.561634,-39.028275,219.764376,247.089669,10.321555,-10.321555
1.140000,-1.752255,-3.966655,6.123790,-34.792852,217.083700,39.372080,9.587039,-9.587039
1.150000,-1.633519,-4.151263,9.271263,-36.585786,191.941071,-167.297924,8.818384,-8.818384
1.160000,-1.554353,-4.661292,10.261701,-36.144361,220.086381,-418.968706,8.018793,-8.018793
1.170000,-1.400194,-5.154022,12.039496,-43.116996,252.226236,-754.200569,7.191573,-7.191573
1.180000,-1.120305,-6.109746,15.891141,-53.033021,298.992682,-1050.825896,6.340123,-6.340123
1.190000,-0.982783,-6.114613,16.046709,-53.871843,-153.298252,792.390028,5.467920,-5.467920
1.200000,-0.789125,-6.752096,14.768206,-46.005456,-316.636711,1558.442590,4.578508,-4.578508
1.210000,-0.702962,-6.738631,13.029509,-33.013203,-152.595898,965.402169,3.675480,-3.675480
1.220000,-0.601403,-8.057235,10.447628,-26.247115,-85.334718,640.499220,2.762463,-2.762463
1.230000,-0.534857,-7.006751,10.552560,-20.394937,-38.851350,432.167830,1.843108,-1.843108
1.240000,-0.401607,-7.276720,8.994422,-15.263518,-12.036090,406.244457,0.921070,-0.921070
1.250000,-0.322566,-7.489187,10.787968,-11.846333,3.156035,369.901091,0.000000,-0.000000
1.260000,-0.209316,-7.893138,9.935932,-9.946823,10.227032,343.297897,-0.916476,0.916476
1.270000,-0.113829,-8.426567,9.704316,-5.424698,6.791724,377.524206,-1.824768,1.824768
1.280000,-0.023344,-8.385684,10.002335,-2.034519,-2.899810,357.137581,-2.721335,2.721335
1.290000,0.082635,-8.599983,9.708495,1.299485,-18.230842,330.446762,-3.602700,3.602700
1.300000,0.180515,-8.225801,8.701050,4.828229,-45.243481,306.664353,-4.465465,4.465465
1.310000,0.269988,-8.748287,8.803484,7.199728,-72.391706,291.656313,-5.306319,5.306319
1.320000,0.334985,-8.511985,8.616344,10.539685,-97.322520,344.339983,-6.122057,6.122057
1.330000,0.418013,-7.333982,6.800948,13.587555,-115.069219,327.887959,-6.909587,6.909587
1.340000,0.516901,-7.614420,6.139882,18.105653,-143.853920,327.597084,-7.665946,7.665946
1.350000,0.543213,-7.088548,3.693473,20.908366,-162.468374,376.853122,-8.388307,8.388307
1.360000,0.547519,-7.507366,2.120793,28.463514,-204.264984,559.633611,-9.073990,9.073990
1.370000,0.576265,-6.669974,-0.090813,32.573781,-245.474012,724.925061,-9.720475,9.720475
1.380000,0.562714,-6.496699,-2.686033,42.808324,-262.931795,775.691493,-10.325408,10.325408
1.390000,0.491284,-5.672589,-4.100739,40.565974,-27.206295,20.451501,-10.886613,10.886613
1.400000,0.546156,-6.290576,-3.121798,42.897844,191.002587,-624.127001,-11.402093,11.402093
1.410000,0.450869,-5.681717,-1.310366,34.444266,184.699333,-454.424289,-11.870044,11.870044
1.420000,0.452068,-5.239496,0.164572,28.738612,155.763365,-312.364682,-12.288859,12.288859
1.430000,0.461400,-4.439452,1.528808,26.168508,133.303982,-165.599810,-12.657132,12.657132
1.440000,0.506840,-4.391520,3.018373,25.889407,129.500968,-66.436009,-12.973661,12.973661
1.450000,0.585870,-4.659031,4.505703,29.205244,166.296628,25.476492,-13.237457,13.237457
1.460000,0.599839,-3.807410,6.651484,27.571459,183.433250,115.157915,-13.447744,13.447744
1.470000,0.602239,-3.639742,8.123782,26.936460,179.022642,178.455437,-13.603958,13.603958
1.480000,0.718822,-3.681711,9.986329,30.985958,130.315950,212.378830,-13.705754,13.705754
1.490000,0.794549,-3.180334,9.587342,32.456753,-57.180909,34.792418,-13.753001,13.753001
1.500000,0.998628,-2.646437,8.830054,31.726379,-225.751268,-132.180694,-13.745786,13.745786
1.510000,1.108328,-2.450607,5.164448,30.092395,-272.324432,-106.680877,-13.684408,13.684408
1.520000,1.075773,-2.215427,2.722250,28.201560,-291.475170,24.589998,-13.569379,13.569379
1.530000,1.103343,-1.905344,0.311512,33.257919,-247.056123,162.751405,-13.401421,13.401421
1.540000,0.975929,-1.491008,-2.438700,34.632626,-274.009111,332.223259,-13.181461,13.181461
1.550000,1.124501,-1.113489,-5.005950,40.200743,-264.892925,622.796545,-12.910623,12.910623
1.560000,0.984277,-0.770637,-8.872537,45.722592,-345.951394,1016.020162,-12.590231,12.590231
1.570000,0.923134,-0.256732,-12.294156,59.693031,-267.595605,783.432383,-12.221795,12.221795
1.580000,0.785346,0.327899,-10.804989,55.525854,273.254808,-1165.178745,-11.807006,11.807006
1.590000,0.693782,0.847174,-9.060487,44.408396,237.252800,-911.172405,-11.347733,11.347733
1.600000,0.618769,1.215279,-6.748718,39.276382,185.636951,-440.930333,-10.846006,10.846006
1.610000,0.496908,1.479969,-4.581848,36.436258,138.627574,-262.783268,-10.304017,10.304017
1.620000,0.451520,1.990709,-3.130018,32.520621,129.296693,-92.491982,-9.724103,9.724103
1.630000,0.443591,2.035199,-1.652384,34.394527,135.515739,24.576899,-9.108741,9.108741
1.640000,0.486652,2.412591,-0.319529,32.076603,151.321025,115.171103,-8.460532,8.460532
1.650000,0.450909,2.752831,0.990043,32.183441,98.056522,83.105154,-7.782197,7.782197
1.660000,0.425884,2.961095,1.049016,29.707088,-56.477750,-117.045313,-7.076560,7.076560
1.670000,0.500517,3.739051,-0.075303,30.709670,-145.050027,-244.945372,-6.346541,6.346541
1.680000,0.503207,3.693916,-1.798977,29.126479,-169.402247,-168.728751,-5.595139,5.595139
1.690000,0.448559,3.678757,-3.095007,26.153971,-134.643659,-80.685913,-4.825423,4.825423
1.700000,0.369143,3.998427,-4.513314,24.987497,-111.965791,5.668448,-4.040519,4.040519
1.710000,0.320992,5.013605,-5.051698,25.725122,-97.877477,83.525694,-3.243600,3.243600
1.720000,0.292431,5.154609,-6.517444,29.944779,-92.238723,139.347474,-2.437865,2.437865
1.730000,0.231374,4.742572,-6.596373,32.644155,-95.566400,184.246605,-1.626537,1.626537
1.740000,0.130096,5.492616,-8.923934,34.407268,-83.740425,171.347995,-0.812842,0.812842
1.750000,0.059662,6.078650,-8.293410,31.584005,-22.884299,-36.802519,-0.000000,0.000000
1.760000,-0.032894,6.375362,-7.868179,31.607386,95.689238,-508.073751,0.808788,-0.808788
1.770000,-0.104073,6.681856,-7.697083,24.512035,145.578886,-699.968306,1.610352,-1.610352
1.780000,-0.173186,6.293165,-5.417949,17.756256,148.008333,-602.372971,2.401570,-2.401570
1.790000,-0.202353,6.844904,-4.139750,10.570861,112.122317,-521.843797,3.179372,-3.179372
1.800000,-0.246010,7.060916,-3.024805,5.585498,90.442483,-460.932426,3.940759,-3.940759
1.810000,-0.296605,7.479108,-2.634005,1.523874,76.620697,-398.526792,4.682810,-4.682810
1.820000,-0.323762,7.180450,-1.755515,-2.160759,79.449926,-365.124313,5.402696,-5.402696
1.830000,-0.295012,6.465762,-0.814448,-5.999070,84.340935,-409.645708,6.097689,-6.097689
1.840000,-0.300700,7.168058,0.014580,-10.252293,82.149914,-421.706104,6.765174,-6.765174
1.850000,-0.307323,6.444939,1.041389,-14.555215,105.579942,-364.235800,7.402655,-7.402655
1.860000,-0.312270,5.877741,1.888311,-16.828331,92.206116,-341.418887,8.007768,-8.007768
1.870000,-0.311630,6.457709,2.908913,-21.817860,64.475022,-247.929083,8.578289,-8.578289
1.880000,-0.244509,6.130670,3.063105,-24.463355,19.089511,-81.454317,9.112141,-9.112141
1.890000,-0.224260,5.583231,3.371071,-22.152107,-14.077516,21.585213,9.607402,-9.607402
1.900000,-0.196062,5.027314,2.656875,-19.991783,-29.059055,57.433003,10.062312,-10.062312
1.910000,-0.154124,5.848568,2.600607,-21.930355,-37.523464,53.164325,10.475277,-10.475277
1.920000,-0.130348,5.118682,2.034629,-19.668054,-39.423528,35.457229,10.844880,-10.844880
1.930000,-0.118814,4.902604,1.924991,-20.660449,-42.515173,13.487503,11.169879,-11.169879
1.940000,-0.110120,4.931817,1.459254,-22.372149,-43.521959,-12.717850,11.449216,-11.449216
1.950000,-0.102493,4.219561,0.742719,-23.088142,-56.334198,-38.695794,11.682015,-11.682015
1.960000,-0.084146,4.477069,0.203353,-21.640763,-65.236226,-80.375932,11.867592,-11.867592
1.970000,-0.090440,4.308990,-0.470188,-21.850611,-86.177276,-112.275456,12.005451,-12.005451
1.980000,-0.104077,3.828709,-1.292874,-26.216330,-99.616615,-154.505090,12.095285,-12.095285
1.990000,-0.114275,3.819791,-2.492793,-26.847996,-90.242435,-195.643573,12.136981,-12.136981
2.000000,-0.140972,3.648248,-2.714865,-25.084377,-35.333493,-128.908538,12.130613,-12.130613
2.010000,-0.195955,2.777579,-3.074143,-30.327392,66.731215,6.969524,12.076447,-12.076447
2.020000,-0.185786,2.761388,-1.665874,-25.421565,130.539359,85.051589,11.974935,-11.974935
2.030000,-0.190830,2.659960,-0.180655,-28.470393,143.900506,39.964380,11.826713,-11.826713
2.040000,-0.218432,2.126232,1.452342,-28.374943,139.538297,-48.316461,11.632598,-11.632598
2.050000,-0.197784,1.802958,2.641711,-25.226312,144.347628,-131.922822,11.393585,-11.393585
2.060000,-0.149410,1.594745,4.034146,-29.163771,147.149121,-245.348934,11.110840,-11.110840
2.070000,-0.092650,1.445013,6.438518,-33.833604,185.143600,-388.407851,10.785696,-10.785696
2.080000,-0.026625,1.051579,7.981941,-36.287184,223.128465,-704.978257,10.419647,-10.419647
2.090000,0.066833,0.519255,11.569596,-49.604771,265.138424,-929.594966,10.014339,-10.014339
2.100000,0.166375,0.074440,11.392593,-56.440253,-9.271436,133.729987,9.571567,-9.571567
2.110000,0.268672,-0.443955,9.661281,-43.176486,-255.010597,1048.712408,9.093263,-9.093263
2.120000,0.425523,-0.794196,8.592367,-36.773895,-210.521615,697.744715,8.581491,-8.581491
2.130000,0.431810,-1.241664,6.492006,-32.890779,-144.588892,438.649505,8.038435,-8.038435
2.140000,0.541071,-1.471586,5.453667,-26.565093,-104.218462,238.265515,7.466393,-7.466393
2.150000,0.555118,-1.648557,4.586169,-26.751079,-88.754354,166.110582,6.867765,-6.867765
2.160000,0.636001,-1.768742,3.410055,-22.743295,-74.652087,103.994647,6.245043,-6.245043
2.170000,0.661707,-2.027381,2.776026,-23.528426,-75.073383,57.254826,5.600803,-5.600803
2.180000,0.638462,-2.415975,2.177542,-21.636453,-77.447258,36.943979,4.937692,-4.937692
2.190000,0.660762,-2.431720,1.339414,-21.569591,-56.877771,28.603353,4.258421,-4.258421
2.200000,0.647480,-2.950896,0.831337,-20.609475,-42.802359,49.557750,3.565746,-3.565746
2.210000,0.645300,-3.260552,0.626190,-21.315719,-7.582647,95.158917,2.862467,-2.862467
2.220000,0.637205,-3.479178,0.691420,-20.860801,19.370305,149.349935,2.151408,-2.151408
2.230000,0.649318,-3.673668,0.979571,-17.355970,30.747104,145.859634,1.435414,-1.435414
2.240000,0.781258,-3.265771,1.182678,-17.228792,31.498708,143.765376,0.717330,-0.717330
2.250000,0.670121,-3.680598,1.634483,-15.275453,20.820865,114.834085,0.000000,-0.000000
2.260000,0.695173,-4.060261,1.644527,-12.568213,12.041538,111.456312,-0.713753,0.713753
2.270000,0.787502,-4.036936,1.747602,-13.452262,3.787990,104.433885,-1.421131,1.421131
2.280000,0.823018,-4.261561,1.705051,-11.350592,-3.250315,113.302210,-2.119378,2.119378
2.290000,0.826030,-4.133597,1.745232,-9.978433,-9.823577,112.723473,-2.805786,2.805786
2.300000,0.910575,-4.665687,1.532113,-9.375496,-16.741729,116.265332,-3.477707,3.477707
2.310000,0.925928,-4.791701,1.282644,-8.800570,-21.959035,120.236504,-4.132565,4.132565
2.320000,0.904721,-4.684873,1.120422,-6.480638,-28.389421,124.868468,-4.767863,4.767863
2.330000,0.867449,-4.554755,0.912636,-5.961685,-33.545266,163.450782,-5.381192,5.381192
2.340000,0.925333,-4.638031,0.495913,-3.773160,-39.026706,150.387760,-5.970245,5.970245
2.350000,0.863470,-4.654651,0.101854,-2.298487,-37.913749,172.006436,-6.532820,6.532820
2.360000,0.814935,-4.776641,-0.307167,-0.565592,-45.808099,182.514506,-7.066830,7.066830
2.370000,0.952779,-4.396706,-0.683120,1.132482,-46.804890,150.615018,-7.570313,7.570313
2.380000,0.901465,-5.042822,-1.244141,2.578332,-45.386243,172.613715,-8.041436,8.041436
2.390000,0.910921,-4.833196,-1.479460,4.306762,-36.874327,155.402048,-8.478502,8.478502
2.400000,0.758158,-4.458103,-2.006547,6.228032,-39.684623,136.275736,-8.879959,8.879959
2.410000,0.854220,-4.052841,-2.199631,6.807774,-31.705041,139.176352,-9.244400,9.244400
2.420000,0.844839,-4.180853,-2.834050,7.927751,-29.700081,113.747666,-9.570573,9.570573
2.430000,0.679838,-4.441566,-3.124123,9.326442,-28.121732,107.743791,-9.857384,9.857384
2.440000,0.744754,-4.369167,-3.031652,11.865756,-23.710791,115.436663,-10.103897,10.103897
2.450000,0.710880,-4.488965,-3.422800,12.211094,-21.913590,104.646969,-10.309342,10.309342
2.460000,0.660432,-4.308952,-3.577946,12.209158,-16.378104,92.609207,-10.473113,10.473113
2.470000,0.666264,-3.524225,-3.427685,14.771161,-11.847549,107.261155,-10.594773,10.594773
2.480000,0.602898,-3.913342,-3.679333,16.232509,-8.662443,108.395846,-10.674052,10.674052
2.490000,0.538365,-3.840799,-3.862970,16.052089,-5.573715,120.710419,-10.710848,10.710848
2.500000,0.523649,-3.487248,-4.386746,16.296941,-6.443763,106.333773,-10.705229,10.705229
2.510000,0.415200,-3.182676,-4.159823,18.627579,-12.301109,104.680586,-10.657427,10.657427
2.520000,0.436200,-3.030714,-4.239372,19.951276,-23.362773,99.588738,-10.567843,10.567843
2.530000,0.391022,-3.030944,-5.010833,18.972530,-39.527553,101.136821,-10.437037,10.437037
2.540000,0.352368,-2.847039,-4.587955,20.844525,-48.032149,105.008790,-10.265732,10.265732
2.550000,0.246336,-2.487457,-5.335838,23.929145,-55.417320,120.905507,-10.054804,10.054804
2.560000,0.231800,-1.975984,-6.260935,25.440229,-66.358693,153.920081,-9.805282,9.805282
2.570000,0.154050,-1.977517,-7.199877,25.396958,-79.903367,232.293765,-9.518343,9.518343
2.580000,0.075021,-1.481843,-7.626778,25.545525,-94.596051,289.741767,-9.195306,9.195306
2.590000,-0.006883,-1.230277,-8.759890,32.193108,-129.596673,449.167281,-8.837623,8.837623
2.600000,-0.093648,-1.021298,-11.001952,37.549801,-162.613825,586.367978,-8.446878,8.446878
2.610000,-0.202627,-0.535065,-11.826887,40.237457,-185.514598,762.880695,-8.024777,8.024777
2.620000,-0.323593,-0.122457,-13.363539,51.568030,6.341701,-98.032668,-7.573139,7.573139
2.630000,-0.444948,0.306352,-10.852844,39.749877,215.895372,-913.438685,-7.093894,7.093894
2.640000,-0.623464,0.665286,-10.466931,32.392744,162.077279,-671.460051,-6.589069,6.589069
2.650000,-0.646379,0.933516,-7.899069,27.792913,110.670345,-438.424831,-6.060781,6.060781
2.660000,-0.765209,1.355900,-8.319409,24.518556,77.130569,-328.473863,-5.511231,5.511231
2.670000,-0.844394,1.434450,-6.664352,21.491937,60.095838,-250.444863,-4.942691,4.942691
2.680000,-0.912757,1.708156,-6.769079,17.927184,41.279115,-178.734571,-4.357498,4.357498
2.690000,-0.958575,1.981417,-5.724150,17.124903,29.769231,-165.865543,-3.758043,3.758043
2.700000,-1.050706,1.944293,-5.452453,15.669830,26.465483,-156.122555,-3.146760,3.146760
2.710000,-1.174277,2.015166,-5.728753,12.938163,20.649146,-139.377907,-2.526118,2.526118
2.720000,-1.029291,2.108792,-5.061446,11.636785,17.459138,-123.951097,-1.898611,1.898611
2.730000,-1.147728,2.260028,-5.129916,10.043396,16.379706,-133.621359,-1.266748,1.266748
2.740000,-1.209678,2.503320,-5.052082,9.313779,13.982648,-133.418480,-0.633042,0.633042
2.750000,-1.385390,2.364604,-4.680496,7.800292,13.471015,-115.651372,-0.000000,0.000000
2.760000,-1.364947,2.552690,-5.197062,6.193304,13.486506,-130.890957,0.629884,-0.629884
2.770000,-1.376674,2.455478,-4.210153,5.604298,16.657496,-118.487269,1.254144,-1.254144
2.780000,-1.296703,2.663522,-4.870518,4.297908,18.416873,-119.663980,1.870345,-1.870345
2.790000,-1.408738,2.781590,-3.902496,3.098114,20.470817,-115.054997,2.476097,-2.476097
2.800000,-1.509330,2.722647,-4.540088,1.891983,22.556472,-107.272605,3.069066,-3.069066
2.810000,-1.604460,2.855712,-4.010049,0.863607,20.932690,-122.323344,3.646976,-3.646976
2.820000,-1.547006,2.828791,-3.989328,-0.284350,26.690931,-107.828510,4.207624,-4.207624
2.830000,-1.789081,2.823878,-3.117507,-1.481100,26.928842,-119.154021,4.748885,-4.748885
2.840000,-1.730412,2.717424,-2.886901,-2.501718,30.934605,-111.795006,5.268723,-5.268723
2.850000,-1.793746,2.833433,-2.883001,-4.045821,32.900551,-103.914748,5.765193,-5.765193
2.860000,-1.646542,2.779864,-2.450078,-4.435128,34.854484,-118.702951,6.236456,-6.236456
2.870000,-1.609919,2.378030,-2.286906,-5.706438,42.352597,-100.243627,6.680778,-6.680778
2.880000,-1.891826,2.510159,-1.645679,-6.978889,44.521396,-112.291369,7.096542,-7.096542
2.890000,-1.723851,2.412055,-1.268132,-7.297499,47.250740,-99.380058,7.482252,-7.482252
2.900000,-1.774539,2.646853,-0.647640,-8.958360,56.344829,-89.886776,7.836536,-7.836536
2.910000,-1.738650,2.221005,-0.153124,-9.278765,60.689356,-95.461304,8.158154,-8.158154
2.920000,-1.954848,2.141422,0.416052,-11.415640,54.829940,-99.215343,8.446001,-8.446001
2.930000,-1.706004,2.262419,1.107295,-11.482279,63.439618,-123.323727,8.699111,-8.699111
2.940000,-1.645092,2.169915,1.633491,-13.173241,68.002739,-118.225528,8.916658,-8.916658
2.950000,-1.704159,1.737875,2.449532,-15.977898,74.237390,-134.423936,9.097962,-9.097962
2.960000,-1.812704,1.844822,3.028918,-15.915753,70.261897,-164.822457,9.242490,-9.242490
2.970000,-1.591023,1.414993,3.758790,-17.778989,84.369990,-200.233862,9.349854,-9.349854
2.980000,-1.601589,1.295755,5.036560,-22.390172,101.083771,-258.968287,9.419818,-9.419818
2.990000,-1.570683,1.107076,5.776464,-23.805136,113.049587,-332.574796,9.452290,-9.452290
3.000000,-1.567711,0.774873,7.062750,-26.522488,158.695357,-457.040120,9.447331,-9.447331
3.010000,-1.301499,0.548000,9.246312,-33.369900,174.030670,-610.794035,9.405147,-9.405147
3.020000,-1.380041,0.187357,10.291841,-35.235313,85.120956,-273.998327,9.326089,-9.326089
3.030000,-1.250001,-0.192153,9.378648,-36.328239,-72.908483,426.282376,9.210653,-9.210653
3.040000,-1.153129,-0.610124,8.489277,-33.038198,-94.297885,502.193651,9.059477,-9.059477
3.050000,-0.962812,-0.779535,8.769086,-29.983004,-66.947924,359.863158,8.873333,-8.873333
3.060000,-1.045420,-1.173022,7.159142,-27.533898,-40.856878,262.775097,8.653131,-8.653131
3.070000,-0.898791,-1.354126,7.298062,-24.878906,-26.719838,201.870915,8.399909,-8.399909
3.080000,-0.779378,-1.725676,8.162367,-21.478689,-11.283094,139.734367,8.114829,-8.114829
3.090000,-0.779820,-1.744187,7.721570,-18.415324,-0.635527,125.826220,7.799175,-7.799175
3.100000,-0.604145,-1.981750,8.029606,-20.097386,9.403593,118.686668,7.454344,-7.454344
3.110000,-0.573239,-2.078904,7.057262,-16.668160,18.443583,107.855414,7.081841,-7.081841
3.120000,-0.506827,-2.427297,8.022155,-15.083612,26.863492,97.650815,6.683272,-6.683272
3.130000,-0.400536,-2.562480,7.579856,-14.633373,29.901074,108.777603,6.260340,-6.260340
3.140000,-0.356436,-2.783612,7.647802,-13.835699,35.893575,90.550649,5.814833,-5.814833
3.150000,-0.258901,-2.562320,8.391527,-13.116791,30.089043,75.778012,5.348620,-5.348620
3.160000,-0.176770,-3.081790,8.191823,-13.707618,20.748790,47.598623,4.863644,-4.863644
3.170000,-0.088932,-2.958341,8.778727,-13.577422,6.039309,13.322427,4.361910,-4.361910
3.180000,0.003077,-3.357532,9.093552,-13.900134,-7.397187,-24.013952,3.845479,-3.845479
3.190000,0.096837,-3.256872,9.043955,-12.222483,-21.664311,-60.712939,3.316461,-3.316461
3.200000,0.167543,-3.162844,8.803284,-13.353131,-25.848200,-66.442118,2.777006,-2.777006
3.210000,0.261279,-3.248300,8.843929,-15.428662,-30.517816,-84.357242,2.229291,-2.229291
3.220000,0.321874,-4.086766,7.350026,-14.557720,-29.861045,-65.520720,1.675518,-1.675518
3.230000,0.458419,-3.966463,7.335658,-16.740177,-25.447646,-59.171889,1.117901,-1.117901
3.240000,0.494239,-4.437267,6.997738,-17.215891,-19.831060,-51.052736,0.558657,-0.558657
3.250000,0.560983,-4.510041,7.393171,-16.351703,-15.177899,-33.674676,-0.000000,0.000000
3.260000,0.700754,-4.480949,6.775193,-18.918468,-15.556121,-22.837690,-0.555871,0.555871
3.270000,0.761920,-4.918581,6.687930,-16.013358,-13.881010,-8.903666,-1.106778,1.106778
3.280000,0.818498,-4.418475,6.617708,-17.167966,-14.448733,12.740252,-1.650573,1.650573
3.290000,0.860128,-5.236283,6.191868,-18.223831,-19.074908,39.971698,-2.185148,2.185148
3.300000,0.918805,-5.007456,6.888221,-18.011189,-26.675071,81.991694,-2.708441,2.708441
3.310000,1.053524,-4.984870,6.649871,-15.388900,-45.581999,137.829593,-3.218445,3.218445
3.320000,1.072488,-5.719583,5.189754,-13.885494,-54.195678,213.951955,-3.713215,3.713215
3.330000,1.054721,-5.822465,4.799200,-11.226240,-71.545969,271.525693,-4.190877,4.190877
3.340000,1.174200,-5.425797,4.581088,-8.058508,-93.194785,373.789818,-4.649631,4.649631
3.350000,1.199565,-6.123588,3.594795,-4.704750,-96.711246,341.731654,-5.087765,5.087765
3.360000,1.318979,-5.291720,2.247748,-0.713948,-90.778062,342.036773,-5.503653,5.503653
3.370000,1.198952,-6.140290,1.715985,2.408661,-80.788062,333.318711,-5.895766,5.895766
3.380000,1.329977,-5.168532,0.757202,5.462095,-74.567357,280.079370,-6.262677,6.262677
3.390000,1.292399,-5.330799,0.133326,7.775215,-64.916142,238.920121,-6.603064,6.603064
3.400000,1.367206,-5.611160,-0.397245,9.594057,-46.262497,172.083009,-6.915719,6.915719
3.410000,1.171036,-5.661114,-0.758083,10.785262,-32.014023,119.860927,-7.199546,7.199546
3.420000,1.271983,-5.676920,-1.034111,13.186709,-25.646160,104.840448,-7.453570,7.453570
3.430000,1.221409,-5.644991,-1.357543,13.581766,-17.092388,75.160277,-7.676938,7.676938
3.440000,1.124890,-4.884890,-1.467887,15.446091,-10.830194,66.895560,-7.868923,7.868923
3.450000,1.167354,-5.004066,-1.572148,13.700015,-5.839837,57.345158,-8.028924,8.028924
3.460000,1.143852,-4.626539,-1.577187,14.136386,-1.043443,53.171982,-8.156469,8.156469
3.470000,1.170589,-4.741859,-1.522893,16.687074,3.698588,55.934169,-8.251218,8.251218
3.480000,1.071302,-4.773917,-1.416449,14.989814,8.204406,56.245299,-8.312960,8.312960
3.490000,1.246245,-4.523119,-1.453701,17.131615,14.065722,73.494261,-8.341617,8.341617
3.500000,1.186745,-4.089791,-1.332032,18.875835,18.218628,82.302404,-8.337240,8.337240
3.510000,1.108649,-3.493883,-0.958638,18.790590,21.165731,99.190362,-8.300013,8.300013
3.520000,1.080390,-3.544313,-0.764789,18.212482,22.805279,103.029431,-8.230244,8.230244
3.530000,1.132219,-3.790121,-0.625503,21.208307,7.273348,77.788853,-8.128373,8.128373
3.540000,1.077858,-3.412642,-0.733577,19.719840,-21.617790,37.849456,-7.994960,7.994960
3.550000,1.001471,-2.984580,-1.211791,23.286624,-65.905265,-15.823187,-7.830689,7.830689
3.560000,1.168161,-2.756901,-1.996372,21.889259,-75.766012,-38.412906,-7.636361,7.636361
3.570000,1.126055,-2.370757,-2.511469,22.838394,-81.178768,-18.377339,-7.412893,7.412893
3.580000,1.118783,-2.476780,-3.283395,19.017608,-84.421241,18.420826,-7.161311,7.161311
3.590000,0.933942,-2.235237,-4.195745,20.763039,-78.819312,56.576118,-6.882748,6.882748
3.600000,1.005561,-1.889896,-5.209887,23.000887,-85.428867,99.985763,-6.578435,6.578435
3.610000,0.954190,-1.657057,-5.740386,22.512023,-76.332078,159.052347,-6.249702,6.249702
3.620000,0.890611,-1.582032,-7.486481,24.121676,-85.459577,201.784779,-5.897967,5.897967
3.630000,0.762012,-1.283798,-7.852316,25.352574,-109.887684,319.392786,-5.524730,5.524730
3.640000,0.675739,-0.929436,-9.130825,29.949051,-124.331338,420.317923,-5.131572,5.131572
3.650000,0.613117,-0.558697,-9.638685,37.261442,-111.606128,417.161819,-4.720141,4.720141
3.660000,0.495476,-0.239791,-11.343247,38.847958,-16.701756,-31.272281,-4.292151,4.292151
3.670000,0.375716,0.136921,-9.724143,31.641504,127.636986,-629.599441,-3.849372,3.849372
3.680000,0.254747,0.451882,-8.761714,29.240255,127.017357,-605.153193,-3.393623,3.393623
3.690000,0.172921,0.730629,-7.413253,23.180585,92.581025,-470.681145,-2.926767,2.926767
3.700000,0.092466,0.839525,-7.825426,16.631193,64.787284,-326.006191,-2.450699,2.450699
3.710000,0.018489,1.111231,-6.641887,14.065547,45.531479,-303.509608,-1.967343,1.967343
3.720000,-0.041800,1.252284,-6.748032,12.623703,32.229879,-225.632439,-1.478640,1.478640
3.730000,-0.107527,1.253169,-6.204103,10.134794,22.132995,-208.244071,-0.986544,0.986544
3.740000,-0.152924,1.424843,-5.807352,6.577209,18.897765,-214.593896,-0.493013,0.493013
3.750000,-0.217289,1.319295,-5.611087,5.526120,17.170482,-189.346280,-0.000000,0.000000
3.760000,-0.289917,1.538992,-5.474211,3.395100,18.184674,-165.616808,0.490554,-0.490554
3.770000,-0.354664,1.520512,-5.333343,1.556365,20.488678,-169.759417,0.976728,-0.976728
3.780000,-0.370662,1.512046,-4.704665,0.013886,25.426155,-176.621002,1.456626,-1.456626
3.790000,-0.450906,1.484258,-5.152479,-1.530399,33.081894,-180.648157,1.928387,-1.928387
3.800000,-0.430743,1.577876,-4.639724,-3.136593,39.865296,-154.521765,2.390191,-2.390191
3.810000,-0.565809,1.409368,-4.012166,-5.139679,38.781417,-150.905263,2.840268,-2.840268
3.820000,-0.584728,1.423761,-3.434544,-6.027217,46.528730,-164.008106,3.276901,-3.276901
3.830000,-0.590040,1.176454,-2.742299,-9.000654,61.031157,-183.683025,3.698436,-3.698436
3.840000,-0.606992,1.290982,-2.536656,-9.593651,62.970005,-189.553616,4.103285,-4.103285
3.850000,-0.687931,1.175793,-1.654935,-11.282141,79.881823,-209.599866,4.489937,-4.489937
3.860000,-0.621766,0.882095,-0.860891,-13.353225,81.836870,-210.032142,4.856957,-4.856957
3.870000,-0.701632,0.822919,-0.023936,-16.877180,86.428001,-255.078930,5.202995,-5.202995
3.880000,-0.600318,0.630842,0.919175,-17.891873,86.586955,-306.860893,5.526793,-5.526793
3.890000,-0.633656,0.373048,1.677032,-24.295117,95.922213,-264.535341,5.827184,-5.827184
3.900000,-0.645923,0.151698,2.490655,-25.191836,56.320222,-147.955181,6.103100,-6.103100
3.910000,-0.592387,-0.085203,2.955825,-23.203906,-1.996805,63.485134,6.353577,-6.353577
3.920000,-0.588207,-0.367296,2.589790,-22.720215,-38.193402,171.320740,6.577752,-6.577752
3.930000,-0.530329,-0.611364,2.055564,-20.859604,-40.426345,193.013490,6.774874,-6.774874
3.940000,-0.552488,-0.792461,1.867933,-20.613207,-36.320342,155.409626,6.944300,-6.944300
3.950000,-0.539553,-0.974305,1.328635,-17.059214,-38.224913,103.827938,7.085500,-7.085500
3.960000,-0.474772,-1.113634,1.102486,-17.897646,-28.218369,71.174380,7.198059,-7.198059
3.970000,-0.459668,-1.260270,0.721012,-16.554806,-30.666412,46.679576,7.281674,-7.281674
3.980000,-0.485832,-1.376806,0.497809,-16.489309,-30.943088,29.672927,7.336161,-7.336161
3.990000,-0.498523,-1.662706,0.180780,-16.361375,-28.896987,12.982926,7.361451,-7.361451
4.000000,-0.434519,-1.969484,-0.090781,-17.441250,-28.428060,-4.252182,7.357589,-7.357589
4.010000,-0.431415,-2.166113,-0.424668,-17.551638,-35.034073,-20.229692,7.324736,-7.324736
4.020000,-0.500628,-2.264607,-0.720853,-17.872377,-34.926387,-37.845605,7.263165,-7.263165
4.030000,-0.436286,-2.438077,-1.155135,-18.591467,-36.239941,-51.967511,7.173264,-7.173264
4.040000,-0.537398,-2.424138,-1.563219,-19.419439,-33.706245,-63.239864,7.055527,-7.055527
4.050000,-0.533304,-2.705263,-1.731412,-20.053660,-26.400352,-64.661565,6.910559,-6.910559
4.060000,-0.489840,-2.844475,-1.870562,-17.898402,-5.478844,-38.024809,6.739065,-6.739065
4.070000,-0.573927,-3.005872,-1.875625,-20.592364,24.261806,1.883847,6.541855,-6.541855
4.080000,-0.589153,-3.501147,-1.460164,-17.920858,59.282965,44.198486,6.319835,-6.319835
4.090000,-0.533357,-3.681965,-0.683637,-18.465757,77.517619,57.418758,6.074004,-6.074004
4.100000,-0.558506,-3.930003,0.075846,-18.213598,79.199749,43.114303,5.805449,-5.805449
4.110000,-0.554730,-4.168722,0.871260,-17.462928,82.664831,19.738462,5.515343,-5.515343
4.120000,-0.609480,-3.973636,1.507816,-17.547507,76.962133,-5.596338,5.204937,-5.204937
4.130000,-0.520181,-3.961851,2.474525,-16.532665,60.115238,-29.282663,4.875557,-4.875557
4.140000,-0.514032,-4.780640,2.909707,-18.480165,62.874589,-52.437801,4.528596,-4.528596
4.150000,-0.511482,-4.343698,3.750980,-19.778479,59.705037,-71.549858,4.165510,-4.165510
4.160000,-0.420815,-5.216121,4.326951,-19.216297,66.662999,-100.025996,3.787810,-3.787810
4.170000,-0.384198,-4.859608,5.136155,-19.909478,60.203558,-119.286385,3.397059,-3.397059
4.180000,-0.373808,-5.133859,5.502666,-24.325252,68.293453,-161.523572,2.994862,-2.994862
4.190000,-0.302995,-5.167748,5.567223,-26.101124,67.948539,-161.714125,2.582863,-2.582863
4.200000,-0.217090,-5.783003,6.319921,-25.174492,47.797926,-97.765170,2.162734,-2.162734
4.210000,-0.154679,-6.012201,7.430727,-23.928037,1.870099,67.182998,1.736174,-1.736174
4.220000,-0.105704,-6.142978,6.642109,-25.031351,-63.058713,314.498241,1.304895,-1.304895
4.230000,-0.034928,-6.752083,5.621165,-18.689969,-79.150694,393.300517,0.870622,-0.870622
4.240000,0.018279,-6.611366,5.022524,-16.094301,-76.165507,407.305166,0.435083,-0.435083
4.250000,0.066704,-6.075994,4.505083,-10.909573,-61.561547,362.600598,-0.000000,0.000000
4.260000,0.108316,-6.539943,3.212694,-8.304294,-55.559799,268.126628,-0.432913,0.432913
4.270000,0.138583,-6.418721,3.147519,-6.505414,-42.803935,226.982016,-0.861960,0.861960
4.280000,0.171748,-7.247216,2.377486,-3.552295,-38.776653,228.082612,-1.285468,1.285468
4.290000,0.187154,-7.111660,2.330236,-1.953301,-41.326714,209.329791,-1.701795,1.701795
4.300000,0.189018,-7.623652,1.955479,0.020532,-37.552377,186.817990,-2.109336,2.109336
4.310000,0.245580,-7.059097,1.275149,2.018134,-40.651654,173.151233,-2.506528,2.506528
4.320000,0.250645,-6.419186,1.090056,4.092307,-44.540235,195.117007,-2.891855,2.891855
4.330000,0.262115,-7.326532,0.634889,5.693362,-46.388623,172.353360,-3.263858,3.263858
4.340000,0.230282,-7.296783,0.126081,7.413708,-49.518258,203.929534,-3.621137,3.621137
4.350000,0.265439,-6.918571,-0.322921,8.718066,-50.712183,193.299991,-3.962355,3.962355
4.360000,0.237335,-6.236553,-0.856563,11.947270,-52.441849,175.490589,-4.286249,4.286249
4.370000,0.241542,-6.213270,-1.361911,12.267763,-41.923700,170.282443,-4.591627,4.591627
4.380000,0.195290,-6.455701,-1.608728,13.927384,-31.149439,119.721736,-4.877378,4.877378
4.390000,0.205956,-6.346230,-2.018441,14.969081,-17.258850,66.706802,-5.142472,5.142472
4.400000,0.181644,-5.508062,-2.194200,14.412485,-4.309317,4.981418,-5.385967,5.385967
4.410000,0.147596,-5.749652,-2.168197,15.475385,5.946059,-33.531287,-5.607012,5.607012
4.420000,0.134121,-5.178852,-2.092111,15.447177,12.602495,-46.659843,-5.804846,5.804846
4.430000,0.110451,-5.702357,-2.013333,14.486968,13.324224,-47.638049,-5.978806,5.978806
4.440000,0.093620,-5.888871,-1.667792,13.325285,14.320362,-46.774573,-6.128323,6.128323
4.450000,0.084568,-5.468971,-1.486323,13.863966,14.749689,-37.293849,-6.252932,6.252932
4.460000,0.065094,-5.319398,-1.417718,12.473170,13.168860,-29.362419,-6.352264,6.352264
4.470000,0.053152,-5.106327,-1.231003,13.207275,14.033402,-24.453737,-6.426055,6.426055
4.480000,0.033852,-4.661269,-1.249455,12.503476,12.604796,-16.588323,-6.474140,6.474140
4.490000,0.024992,-4.993645,-0.948005,12.394716,13.022850,-10.606234,-6.496458,6.496458
4.500000,0.015737,-4.502467,-0.918571,13.940839,13.454761,-4.779388,-6.493049,6.493049
4.510000,0.007363,-4.672216,-0.766373,14.000598,15.135458,0.585659,-6.464056,6.464056
4.520000,0.000498,-4.539044,-0.632301,13.504205,16.272732,6.625554,-6.409721,6.409721
4.530000,-0.005017,-4.213365,-0.464411,13.213831,18.243381,12.390535,-6.330383,6.330383
4.540000,-0.008229,-3.787522,-0.245294,13.589607,17.642183,18.138015,-6.226481,6.226481
4.550000,-0.010658,-4.334772,-0.078059,13.565023,18.010377,20.676809,-6.098547,6.098547
4.560000,-0.008705,-4.076948,0.117026,14.976168,17.409353,26.384792,-5.947204,5.947204
4.570000,-0.006934,-3.460633,0.278096,15.035940,16.408511,26.053288,-5.773167,5.773167
4.580000,-0.003694,-3.444736,0.454054,14.681830,12.321588,23.726840,-5.577235,5.577235
4.590000,0.000600,-3.168359,0.484028,15.940125,2.993307,14.062169,-5.360289,5.360289
4.600000,0.005515,-3.252488,0.486970,13.337239,-8.144283,0.100360,-5.123291,5.123291
4.610000,0.009976,-3.208089,0.356489,15.004596,-20.661724,-13.287298,-4.867273,4.867273
4.620000,0.013099,-2.785009,0.102026,14.421896,-26.342241,-22.892640,-4.593341,4.593341
4.630000,0.012006,-2.898990,-0.210913,14.110655,-31.357406,-25.505511,-4.302664,4.302664
4.640000,0.008177,-2.757538,-0.503381,12.594420,-34.629835,-22.636702,-3.996472,3.996472
4.650000,0.001377,-2.539260,-0.806104,13.501200,-35.215057,-15.063636,-3.676049,3.676049
4.660000,-0.009240,-2.318289,-1.062350,12.865044,-29.139402,-7.319212,-3.342730,3.342730
4.670000,-0.023181,-2.216288,-1.450093,12.847547,-27.905607,-0.101446,-2.997894,2.997894
4.680000,-0.038255,-2.025188,-1.732124,13.892463,-28.015972,6.243296,-2.642956,2.642956
4.690000,-0.060829,-2.100705,-1.787271,12.375424,-24.434916,10.901391,-2.279368,2.279368
4.700000,-0.081440,-1.749833,-2.392032,14.611518,-21.278697,15.015257,-1.908606,1.908606
4.710000,-0.107734,-1.662669,-2.524540,13.555700,-20.407455,16.315083,-1.532168,1.532168
4.720000,-0.128655,-1.698922,-2.827560,14.322691,-19.597272,14.102447,-1.151566,1.151566
4.730000,-0.143406,-1.456337,-2.757248,12.869855,-15.851480,12.231787,-0.768322,0.768322
4.740000,-0.190868,-1.430072,-3.112936,12.998613,-11.222639,2.799843,-0.383959,0.383959
4.750000,-0.213464,-1.210288,-2.949061,15.186762,-7.016674,-12.311883,-0.000000,0.000000
4.760000,-0.229971,-1.106118,-3.283924,14.055337,-0.111378,-35.837682,0.382044,-0.382044
4.770000,-0.267622,-0.821312,-3.221565,14.148251,9.263159,-62.489823,0.760677,-0.760677
4.780000,-0.294050,-0.717068,-2.793076,13.169218,19.607162,-98.635573,1.134421,-1.134421
4.790000,-0.321449,-0.598335,-2.626774,11.065294,35.162899,-150.526010,1.501829,-1.501829
4.800000,-0.354784,-0.570897,-2.095349,9.439521,40.567570,-189.114852,1.861483,-1.861483
4.810000,-0.386290,-0.476165,-1.823876,7.507251,53.342477,-216.137297,2.212003,-2.212003
4.820000,-0.405675,-0.393848,-1.217005,4.839762,57.410990,-244.804933,2.552053,-2.552053
4.830000,-0.393072,-0.324804,-0.659138,2.409115,57.325200,-217.080296,2.880345,-2.880345
4.840000,-0.379919,-0.305814,-0.087650,0.327078,50.808884,-227.119359,3.195642,-3.195642
4.850000,-0.369186,-0.330149,0.430059,-1.741880,50.338504,-206.343071,3.496766,-3.496766
4.860000,-0.415664,-0.361702,0.981847,-3.491099,47.880792,-181.367704,3.782602,-3.782602
4.870000,-0.400419,-0.405450,1.224916,-5.514409,39.009414,-140.067926,4.052097,-4.052097
4.880000,-0.340013,-0.443425,1.493904,-6.013388,29.254093,-105.937956,4.304271,-4.304271
4.890000,-0.362198,-0.569536,1.869285,-6.860520,26.241773,-99.499106,4.538215,-4.538215
4.900000,-0.338020,-0.567034,2.246389,-7.707128,21.842581,-72.273297,4.753099,-4.753099
4.910000,-0.331155,-0.710486,2.184238,-8.631426,15.735552,-51.142998,4.948171,-4.948171
4.920000,-0.286281,-0.756238,2.767836,-8.458912,14.209922,-31.556592,5.122759,-5.122759
4.930000,-0.271022,-0.865115,2.573634,-10.065118,10.568604,-23.412785,5.276277,-5.276277
4.940000,-0.209873,-1.046700,2.867471,-9.223434,9.823525,-14.059220,5.408226,-5.408226
4.950000,-0.206578,-1.066921,2.587238,-10.188181,8.226260,-8.525057,5.518193,-5.518193
4.960000,-0.171052,-1.261832,3.121392,-9.210187,6.297901,-2.923166,5.605854,-5.605854
4.970000,-0.131029,-1.357872,3.008018,-9.505268,6.230109,0.552287,5.670973,-5.670973
4.980000,-0.110925,-1.494655,3.109136,-9.934413,5.441394,3.160999,5.713408,-5.713408
4.990000,-0.082209,-1.533695,3.009116,-10.738341,4.892414,5.179514,5.733104,-5.733104
5.000000,-0.048482,-1.741369,3.344392,-9.219893,5.069208,6.634865,5.730096,-5.730096
5.010000,-0.017576,-1.564743,3.425367,-10.136905,4.103959,8.262799,5.704510,-5.704510
5.020000,0.013822,-1.716731,2.983449,-9.507926,4.673033,10.254930,5.656559,-5.656559
5.030000,0.048913,-2.023437,3.528659,-10.239392,4.342168,11.250053,5.586544,-5.586544
5.040000,0.077799,-2.082389,3.250302,-9.815791,4.556861,11.671482,5.494850,-5.494850
5.050000,0.106640,-1.887804,3.577776,-8.477773,4.488271,12.557694,5.381949,-5.381949
5.060000,0.149091,-2.098810,3.065178,-8.637594,4.482659,15.554835,5.248389,-5.248389
5.070000,0.181046,-2.148719,3.391707,-9.254321,4.203902,15.888817,5.094802,-5.094802
5.080000,0.205668,-2.462757,3.448595,-8.732196,4.007365,15.059261,4.921893,-4.921893
5.090000,0.270248,-2.392332,3.845443,-8.816133,3.210004,16.754440,4.730439,-4.730439
5.100000,0.275602,-2.386912,3.857743,-8.345989,2.410347,15.972540,4.521288,-4.521288
5.110000,0.307209,-2.715995,3.911863,-9.202959,1.237744,14.044138,4.295353,-4.295353
5.120000,0.342181,-2.787686,3.916936,-8.278058,-0.144602,15.702756,4.053609,-4.053609
5.130000,0.356102,-2.500155,3.634412,-7.426716,-1.850918,14.026331,3.797088,-3.797088
5.140000,0.435186,-2.718828,3.846261,-8.478972,-3.738009,11.732224,3.526874,-3.526874
5.150000,0.467437,-3.214806,3.621682,-8.137508,-6.088655,10.031590,3.244102,-3.244102
5.160000,0.533631,-3.201811,3.118979,-8.424364,-7.775366,7.103468,2.949949,-2.949949
5.170000,0.531593,-3.315958,3.134822,-8.194921,-10.639669,6.577785,2.645632,-2.645632
5.180000,0.581187,-3.452317,3.087950,-7.114375,-11.917185,6.407035,2.332401,-2.332401
5.190000,0.601571,-3.251857,2.827051,-6.962778,-13.610941,8.005828,2.011535,-2.011535
5.200000,0.646801,-3.174603,2.968782,-6.845311,-13.096675,10.087999,1.684339,-1.684339
5.210000,0.620664,-3.667163,2.895031,-7.107738,-15.893647,12.855175,1.352133,-1.352133
5.220000,0.614686,-3.404069,2.420091,-6.821017,-15.025247,17.348716,1.016253,-1.016253
5.230000,0.647183,-3.864246,2.732169,-6.588770,-16.460826,20.554970,0.678041,-0.678041
5.240000,0.726167,-3.433132,2.249055,-6.272440,-17.185016,26.672047,0.338843,-0.338843
5.250000,0.753598,-3.762232,2.117652,-6.147244,-16.091182,28.122413,-0.000000,0.000000
5.260000,0.728129,-3.823869,1.843740,-6.349178,-17.088591,31.750732,-0.337153,0.337153
5.270000,0.843840,-3.424935,1.719994,-6.251359,-17.312868,35.773097,-0.671295,0.671295
5.280000,0.891995,-3.658434,1.504999,-5.631291,-19.117700,38.353514,-1.001123,1.001123
5.290000,0.758566,-3.793763,1.514116,-5.174162,-19.586481,49.141739,-1.325359,1.325359
5.300000,0.871097,-3.776035,1.127089,-4.909649,-21.690028,54.364442,-1.642753,1.642753
5.310000,0.836343,-4.309196,1.037931,-3.885717,-19.826411,51.338294,-1.952086,1.952086
5.320000,0.921253,-3.827798,0.846730,-3.681014,-23.656821,56.497190,-2.252179,2.252179
5.330000,0.949404,-3.999699,0.578733,-2.972950,-24.162081,59.319424,-2.541895,2.541895
5.340000,0.847781,-3.771731,0.325390,-2.159447,-24.835151,65.165505,-2.820144,2.820144
5.350000,0.861965,-3.912829,0.095515,-1.687431,-25.704364,67.609006,-3.085886,3.085886
5.360000,0.935326,-4.250529,-0.151850,-0.900926,-25.779016,59.175937,-3.338134,3.338134
5.370000,0.900586,-4.380605,-0.424650,-0.330528,-25.250147,60.950027,-3.575963,3.575963
5.380000,0.912486,-4.129419,-0.686819,0.335174,-25.475830,64.090655,-3.798505,3.798505
5.390000,0.789603,-4.456289,-0.963068,0.989664,-26.228501,63.246021,-4.004961,4.004961
5.400000,0.786065,-4.499802,-1.237993,1.569297,-23.679326,57.618594,-4.194596,4.194596
5.410000,0.910973,-4.377631,-1.517849,2.206070,-26.081211,60.971319,-4.366745,4.366745
5.420000,0.838286,-3.813328,-1.740994,2.558256,-27.228207,62.166329,-4.520819,4.520819
5.430000,0.753118,-3.761993,-1.959597,3.225781,-25.513519,58.308122,-4.656298,4.656298
5.440000,0.762709,-3.820346,-2.106764,4.057409,-27.601973,54.807611,-4.772743,4.772743
5.450000,0.799912,-3.770569,-2.479593,4.322946,-22.590583,46.195862,-4.869788,4.869788
5.460000,0.771091,-3.970262,-2.857743,4.668293,-26.225490,47.041229,-4.947148,4.947148
5.470000,0.649552,-4.206068,-3.164079,5.066428,-26.018312,39.051282,-5.004616,5.004616
5.480000,0.718561,-3.967010,-3.225518,5.470085,-24.493954,34.817213,-5.042065,5.042065
5.490000,0.657624,-3.432608,-3.106711,6.056802,-24.420205,35.897102,-5.059446,5.059446
5.500000,0.648642,-3.970278,-3.929007,6.301597,-24.163009,32.980217,-5.056792,5.056792
5.510000,0.596446,-3.573104,-4.257411,6.992497,-20.649716,27.380603,-5.034212,5.034212
5.520000,0.496170,-3.359042,-4.424961,7.218653,-20.696306,26.523939,-4.991896,4.991896
5.530000,0.453202,-3.278820,-4.422704,6.853006,-18.281664,30.802832,-4.930107,4.930107
5.540000,0.452094,-3.185554,-4.707474,7.000900,-16.415660,30.497378,-4.849188,4.849188
5.550000,0.384877,-3.192075,-4.311980,7.441904,-13.127824,37.593804,-4.749553,4.749553
5.560000,0.340038,-3.402688,-5.143779,8.612427,-8.276322,38.547431,-4.631687,4.631687
5.570000,0.292087,-3.106162,-4.664611,7.972946,-5.699814,47.000916,-4.496147,4.496147
5.580000,0.238499,-3.056140,-5.000735,8.977389,-2.335863,51.857386,-4.343555,4.343555
5.590000,0.206602,-3.205240,-4.910971,9.248498,0.568639,52.626415,-4.174598,4.174598
5.600000,0.143506,-2.953218,-5.229324,9.727608,2.697190,53.250718,-3.990023,3.990023
5.610000,0.117798,-2.915773,-4.908734,10.126146,3.214867,58.693684,-3.790636,3.790636
5.620000,0.063784,-2.834500,-4.337548,11.256012,2.830791,62.234587,-3.577298,3.577298
5.630000,0.015661,-2.547516,-4.513945,13.012170,1.939526,50.717247,-3.350918,3.350918
5.640000,-0.034018,-2.529046,-4.558224,13.090251,0.442277,58.427522,-3.112456,3.112456
5.650000,-0.075919,-2.274709,-4.625363,11.897968,-1.205589,54.015691,-2.862910,2.862910
5.660000,-0.119545,-2.196993,-4.602621,13.070277,-2.800858,52.737653,-2.603321,2.603321
5.670000,-0.179035,-2.089831,-4.611695,13.914064,-4.827640,46.364885,-2.334762,2.334762
5.680000,-0.237013,-1.957914,-4.573532,13.981251,-5.837865,46.090854,-2.058336,2.058336
5.690000,-0.279292,-1.705808,-5.237833,14.141605,-7.526933,43.019280,-1.775174,1.775174
5.700000,-0.322470,-1.727235,-5.071593,14.793275,-8.391070,45.289714,-1.486424,1.486424
5.710000,-0.360347,-1.443210,-5.173964,15.459612,-8.093055,44.708089,-1.193254,1.193254
5.720000,-0.399494,-1.231314,-5.315756,17.913242,-6.572922,32.017452,-0.896840,0.896840
5.730000,-0.516351,-1.171980,-5.287809,17.466833,-3.575722,17.667219,-0.598369,0.598369
5.740000,-0.550009,-0.996201,-4.721207,15.127416,2.971954,-9.277218,-0.299028,0.299028
5.750000,-0.574969,-0.797877,-4.939384,17.132967,14.246976,-52.645500,-0.000000,0.000000
5.760000,-0.590537,-0.644389,-4.807259,14.394498,32.187471,-119.177291,0.297536,-0.297536
5.770000,-0.739703,-0.445381,-4.367410,14.276152,43.221297,-198.477094,0.592416,-0.592416
5.780000,-0.778473,-0.309930,-4.002637,12.285663,63.358523,-230.782257,0.883488,-0.883488
5.790000,-0.719961,-0.236061,-3.371184,8.131048,72.124458,-277.982222,1.169626,-1.169626
5.800000,-0.746749,-0.135403,-2.681876,6.668894,65.914769,-293.275749,1.449724,-1.449724
5.810000,-0.805741,-0.089390,-1.965297,3.542354,61.644066,-228.301239,1.722709,-1.722709
5.820000,-0.794634,-0.062911,-1.425833,1.328189,63.607883,-225.826536,1.987541,-1.987541
5.830000,-0.783166,-0.065770,-0.768181,-0.785409,53.309219,-189.774862,2.243215,-2.243215
5.840000,-0.894204,-0.087110,-0.244207,-2.882280,46.509077,-185.247796,2.488768,-2.488768
5.850000,-0.879547,-0.107746,0.234926,-4.343969,44.175665,-165.495133,2.723284,-2.723284
5.860000,-0.878278,-0.171146,0.683240,-5.162168,41.632321,-131.975135,2.945893,-2.945893
5.870000,-0.849651,-0.228290,0.970373,-6.463761,34.990018,-112.147518,3.155776,-3.155776
5.880000,-0.885082,-0.293977,1.300226,-7.393289,29.623823,-81.467716,3.352169,-3.352169
5.890000,-0.811173,-0.361366,1.712143,-7.968376,26.644798,-63.513595,3.534366,-3.534366
5.900000,-0.704168,-0.499386,1.883551,-9.210804,20.202619,-41.372383,3.701718,-3.701718
5.910000,-0.761453,-0.517849,1.946403,-8.546972,18.021455,-26.658395,3.853639,-3.853639
5.920000,-0.731920,-0.676565,2.385202,-9.184852,16.688102,-17.547428,3.989609,-3.989609
5.930000,-0.668063,-0.798215,2.641459,-9.940881,12.864792,-7.619314,4.109169,-4.109169
5.940000,-0.698502,-0.772010,2.374934,-10.119587,11.837291,-0.984077,4.211931,-4.211931
5.950000,-0.623409,-0.943561,2.473292,-10.481507,11.196291,3.629640,4.297573,-4.297573
5.960000,-0.619378,-1.121260,2.983093,-9.573489,12.001259,7.980249,4.365843,-4.365843
5.970000,-0.626801,-1.096353,2.817131,-10.056911,11.359464,10.266361,4.416559,-4.416559
5.980000,-0.522022,-1.186467,3.289721,-10.255623,12.012085,12.557381,4.449607,-4.449607
5.990000,-0.578790,-1.287156,2.923538,-9.963129,12.110421,14.600790,4.464946,-4.464946
6.000000,-0.482820,-1.378139,3.136606,-8.236114,11.690005,16.328238,4.462603,-4.462603
6.010000,-0.456067,-1.423382,3.267554,-8.200162,11.295732,19.121143,4.442677,-4.442677
6.020000,-0.469538,-1.743670,3.557285,-8.653854,13.089969,22.462115,4.405332,-4.405332
6.030000,-0.424142,-1.646169,3.350332,-8.733432,13.876589,24.712647,4.350805,-4.350805
6.040000,-0.339851,-1.767946,3.583034,-7.411544,13.644954,27.800009,4.279394,-4.279394
6.050000,-0.318014,-2.000629,3.969920,-7.709054,13.665099,32.927354,4.191466,-4.191466
6.060000,-0.276502,-2.070072,3.950858,-7.866802,15.638597,31.864496,4.087450,-4.087450
6.070000,-0.230855,-2.063183,4.312847,-7.137062,15.143918,42.351955,3.967836,-3.967836
6.080000,-0.201495,-2.216744,4.768549,-6.262946,15.721143,40.173526,3.833174,-3.833174
6.090000,-0.173077,-1.994440,4.324095,-6.032811,14.397914,42.898081,3.684069,-3.684069
6.100000,-0.106673,-2.367738,4.768726,-6.220352,15.554342,52.191846,3.521183,-3.521183
6.110000,-0.064082,-2.245957,4.488615,-4.916378,13.628536,46.482836,3.345225,-3.345225
6.120000,-0.019579,-2.153543,5.351141,-4.445992,15.486199,53.815112,3.156954,-3.156954
6.130000,0.027734,-2.413709,5.366590,-4.384100,13.098773,58.877045,2.957175,-2.957175
6.140000,0.085781,-2.536473,4.964073,-3.543845,12.144433,53.876634,2.746733,-2.746733
6.150000,0.133401,-2.287691,5.193128,-3.482288,9.028079,58.142790,2.526509,-2.526509
6.160000,0.182554,-2.410515,5.429161,-2.805034,6.963715,58.408379,2.297423,-2.297423
6.170000,0.264211,-2.530143,5.088382,-1.936955,4.682283,58.235563,2.060420,-2.060420
6.180000,0.280158,-2.629660,5.575378,-1.586846,1.863057,56.289633,1.816476,-1.816476
6.190000,0.360082,-2.501236,5.899100,-0.830763,-1.049737,54.796474,1.566585,-1.566585
6.200000,0.373242,-2.716695,5.273260,-0.297274,-3.877767,55.617830,1.311765,-1.311765
6.210000,0.476548,-2.563408,5.880569,0.242205,-6.992659,56.353135,1.053043,-1.053043
6.220000,0.470393,-2.553166,5.700245,0.728429,-9.973386,49.683735,0.791459,-0.791459
6.230000,0.525163,-2.703986,5.067917,1.207493,-13.452000,56.540150,0.528059,-0.528059
6.240000,0.661114,-2.598826,4.609785,1.789468,-14.527283,51.582318,0.263891,-0.263891
6.250000,0.729948,-2.237536,5.113439,2.554557,-17.041634,51.650336,-0.000000,0.000000
6.260000,0.784676,-2.514877,4.371521,2.954022,-22.040222,56.438384,-0.262575,0.262575
6.270000,0.698978,-2.237742,4.482911,3.142054,-26.515081,51.684115,-0.522805,0.522805
6.280000,0.815756,-2.352621,4.564999,4.136360,-24.774150,51.899032,-0.779676,0.779676
6.290000,0.781442,-2.281923,3.955643,4.474019,-27.988606,54.481522,-1.032191,1.032191
6.300000,0.896994,-2.195668,3.344069,5.239792,-29.131495,53.868704,-1.279377,1.279377
6.310000,0.898493,-2.032883,3.256818,5.758617,-34.513272,50.290236,-1.520286,1.520286
6.320000,0.910752,-2.152679,2.824515,5.316151,-35.352206,47.924016,-1.753999,1.753999
6.330000,0.967482,-2.059017,2.578631,5.959989,-34.541622,47.957058,-1.979630,1.979630
6.340000,0.981194,-1.917948,2.359769,7.554813,-42.647820,46.781141,-2.196330,2.196330
6.350000,1.024084,-1.855487,1.929887,7.871834,-44.947527,55.747725,-2.403290,2.403290
6.360000,1.122191,-1.926556,1.405650,7.304176,-45.958408,53.561809,-2.599742,2.599742
6.370000,0.987415,-1.968319,0.885813,7.854904,-41.858448,59.008450,-2.784963,2.784963
6.380000,1.058950,-1.809585,0.530985,8.472497,-44.602485,61.929720,-2.958279,2.958279
6.390000,1.051433,-1.562270,0.043022,9.600197,-44.801731,70.573116,-3.119067,3.119067
6.400000,1.140599,-1.556963,-0.402073,11.213808,-43.705365,69.622194,-3.266754,3.266754
6.410000,0.989356,-1.304645,-0.949088,10.966154,-51.615193,86.854754,-3.400825,3.400825
6.420000,1.010002,-1.316588,-1.451984,13.361415,-50.200090,98.816103,-3.520817,3.520817
6.430000,1.063733,-1.161691,-1.918128,13.315776,-57.347581,121.728263,-3.626329,3.626329
6.440000,0.955933,-0.992552,-2.365605,15.418628,-55.121961,122.340457,-3.717016,3.717016
6.450000,1.039816,-0.946426,-2.990637,14.779094,-58.003170,143.112732,-3.792595,3.792595
6.460000,0.879578,-0.657204,-3.305378,15.783169,-65.109525,157.945359,-3.852843,3.852843
6.470000,0.846914,-0.492174,-3.912504,18.737048,-52.650620,131.035430,-3.897599,3.897599
6.480000,0.813464,-0.348590,-4.568868,20.519278,-43.504330,79.398575,-3.926764,3.926764
6.490000,0.855114,-0.120289,-4.803793,20.625178,-13.198051,-21.505916,-3.940301,3.940301
6.500000,0.818751,0.066831,-4.928123,17.972963,12.870925,-117.353838,-3.938234,3.938234
6.510000,0.691289,0.274781,-4.822018,16.727663,25.494057,-172.081620,-3.920648,3.920648
6.520000,0.682455,0.438782,-4.764770,16.131916,21.989847,-155.168023,-3.887692,3.887692
6.530000,0.639112,0.576622,-3.908497,16.069484,18.285607,-149.015704,-3.839572,3.839572
6.540000,0.523414,0.662683,-4.384720,13.599962,13.829148,-112.592658,-3.776552,3.776552
6.550000,0.505613,0.775448,-4.222750,11.364065,8.854358,-105.566617,-3.698956,3.698956
6.560000,0.510221,0.890879,-3.751988,10.959985,5.498586,-86.581840,-3.607162,3.607162
6.570000,0.495243,1.039938,-4.140822,9.811601,2.132510,-82.366174,-3.501603,3.501603
6.580000,0.406892,1.093608,-3.569643,9.767696,-0.174607,-75.049410,-3.382764,3.382764
6.590000,0.339760,1.172414,-4.310137,9.018425,-2.106491,-70.370009,-3.251180,3.251180
6.600000,0.322474,1.499853,-3.889086,7.851944,-3.533791,-66.643569,-3.107433,3.107433
6.610000,0.314881,1.472158,-4.132716,7.009805,-4.768936,-62.050195,-2.952150,2.952150
6.620000,0.251685,1.664901,-4.377164,7.011431,-6.002741,-71.648583,-2.786002,2.786002
6.630000,0.204500,1.545379,-3.738019,6.247102,-6.170963,-63.636614,-2.609698,2.609698
6.640000,0.178857,1.709644,-3.906981,5.126760,-6.824533,-67.669566,-2.423983,2.423983
6.650000,0.120584,1.726019,-3.947869,4.919182,-7.146338,-75.241749,-2.229637,2.229637
6.660000,0.079267,1.918349,-4.518768,4.149447,-5.973020,-75.951577,-2.027468,2.027468
6.670000,0.040502,1.809065,-4.631259,3.700900,-5.247396,-81.072124,-1.818314,1.818314
6.680000,-0.000253,1.995906,-4.768726,2.896038,-3.632373,-73.181871,-1.603034,1.603034
6.690000,-0.046069,1.882745,-4.033794,1.859423,-2.159526,-72.793267,-1.382507,1.382507
6.700000,-0.087321,1.868030,-4.307915,1.037966,0.201458,-85.777026,-1.157628,1.157628
6.710000,-0.139165,1.918156,-4.030180,0.347700,2.710348,-81.511245,-0.929307,0.929307
6.720000,-0.182136,1.679063,-4.199163,-0.438125,5.867435,-85.548760,-0.698460,0.698460
6.730000,-0.225839,1.762833,-4.020018,-1.273473,9.228912,-80.325055,-0.466011,0.466011
6.740000,-0.266820,1.684540,-3.921563,-2.037503,12.336667,-83.961039,-0.232883,0.232883
6.750000,-0.296074,1.899476,-4.354914,-2.753792,14.742402,-76.437257,-0.000000,0.000000
6.760000,-0.343207,1.732817,-3.620553,-3.728988,19.268763,-78.634198,0.231722,-0.231722
6.770000,-0.394100,1.833524,-4.006673,-4.098059,21.923719,-75.374073,0.461374,-0.461374
6.780000,-0.448883,1.527723,-3.367429,-4.780411,23.429204,-83.865885,0.688061,-0.688061
6.790000,-0.455020,1.746386,-3.034016,-5.440298,31.478288,-77.844797,0.910905,-0.910905
6.800000,-0.457437,1.625777,-2.864672,-6.466546,30.173618,-72.736751,1.129046,-1.129046
6.810000,-0.514301,1.620797,-2.690431,-7.010878,38.210861,-86.599885,1.341647,-1.341647
6.820000,-0.526051,1.395551,-2.078548,-7.473089,38.710912,-86.633004,1.547898,-1.547898
6.830000,-0.581460,1.214153,-1.674487,-8.390938,44.646425,-90.668079,1.747017,-1.747017
6.840000,-0.556998,1.254142,-1.386325,-9.456365,41.223669,-93.160808,1.938255,-1.938255
6.850000,-0.608756,1.147239,-0.948254,-11.798361,47.945942,-90.392025,2.120896,-2.120896
6.860000,-0.599192,1.012479,-0.476589,-10.912974,51.460016,-96.455711,2.294264,-2.294264
6.870000,-0.649218,0.859699,0.023309,-13.202157,50.676568,-119.709243,2.457721,-2.457721
6.880000,-0.605106,0.713782,0.470305,-14.196158,52.086297,-117.493043,2.610672,-2.610672
6.890000,-0.591475,0.666949,0.993075,-14.168046,45.960908,-108.436947,2.752567,-2.752567
6.900000,-0.535481,0.518604,1.338148,-16.436757,45.569530,-86.980848,2.882901,-2.882901
6.910000,-0.548039,0.321652,1.823276,-18.275303,27.050622,-41.406466,3.001217,-3.001217
6.920000,-0.531066,0.145696,2.056456,-16.776850,11.268027,20.949549,3.107110,-3.107110
6.930000,-0.513434,-0.027822,2.255622,-17.127084,-4.814265,85.526803,3.200224,-3.200224
6.940000,-0.450818,-0.178968,2.001181,-14.129642,-15.722284,111.434228,3.280255,-3.280255
6.950000,-0.430285,-0.315081,1.865495,-13.823087,-15.562110,114.239162,3.346953,-3.346953
6.960000,-0.439413,-0.452688,1.779881,-12.302750,-15.409482,106.930216,3.400122,-3.400122
6.970000,-0.442771,-0.541261,1.469116,-12.941455,-13.077354,94.309292,3.439619,-3.439619
6.980000,-0.470709,-0.722350,1.470545,-11.089369,-9.355914,70.471286,3.465357,-3.465357
6.990000,-0.402133,-0.744421,1.205064,-10.449718,-6.138025,65.675944,3.477303,-3.477303
7.000000,-0.434317,-0.949437,1.328601,-10.900811,-4.436679,54.393319,3.475479,-3.475479
7.010000,-0.399476,-0.938171,1.149170,-10.588767,-2.492887,42.791085,3.459960,-3.459960
7.020000,-0.412639,-1.223541,1.284885,-8.986098,-0.782400,36.977153,3.430876,-3.430876
7.030000,-0.348640,-1.179002,1.126586,-9.239962,0.500445,38.810586,3.388410,-3.388410
7.040000,-0.338166,-1.289032,1.172908,-8.517239,1.586502,33.551113,3.332795,-3.332795
7.050000,-0.333595,-1.456771,1.152703,-8.819753,2.869480,32.436267,3.264317,-3.264317
7.060000,-0.322232,-1.384601,1.176973,-7.584386,3.500947,31.007305,3.183309,-3.183309
7.070000,-0.286220,-1.412003,1.263661,-7.153722,4.527632,31.354517,3.090154,-3.090154
7.080000,-0.299418,-1.463065,1.244600,-7.136164,5.821934,30.378265,2.985279,-2.985279
7.090000,-0.293451,-1.573899,1.422597,-6.482458,6.525932,30.086391,2.869156,-2.869156
7.100000,-0.258784,-1.589316,1.352982,-6.548961,6.812663,27.901751,2.742300,-2.742300
7.110000,-0.244709,-1.788863,1.516600,-6.022863,7.483275,32.349164,2.605264,-2.605264
7.120000,-0.234547,-1.834356,1.800940,-6.293044,8.451680,30.034806,2.458638,-2.458638
7.130000,-0.203958,-1.966996,1.789142,-5.289415,9.169932,35.898846,2.303050,-2.303050
7.140000,-0.197684,-2.001421,1.818565,-5.929444,8.448107,34.288427,2.139157,-2.139157
7.150000,-0.198122,-2.019749,1.886034,-5.233426,9.883751,38.952940,1.967647,-1.967647
7.160000,-0.183652,-2.071977,2.158253,-4.682805,9.334144,37.648865,1.789235,-1.789235
7.170000,-0.154050,-2.167920,2.212163,-4.708631,9.807833,44.697787,1.604657,-1.604657
7.180000,-0.120743,-2.126966,2.070718,-3.880593,10.467032,44.624360,1.414673,-1.414673
7.190000,-0.107362,-2.132010,2.122543,-3.573611,10.812681,50.068831,1.220058,-1.220058
7.200000,-0.077591,-2.311947,2.172850,-3.047566,8.996563,52.810578,1.021603,-1.021603
7.210000,-0.054687,-2.261747,2.346967,-2.528684,8.112332,51.033317,0.820110,-0.820110
7.220000,-0.034043,-2.391275,2.714044,-1.823332,7.623036,50.847231,0.616389,-0.616389
7.230000,-0.005133,-2.137991,2.876233,-1.260790,6.169703,53.126755,0.411253,-0.411253
7.240000,0.021227,-2.315310,2.988088,-0.895433,5.095584,49.803501,0.205519,-0.205519
7.250000,0.049547,-2.518778,2.936471,-0.287795,3.529187,59.081441,-0.000000,0.000000
7.260000,0.070301,-2.280065,2.557145,0.275152,2.047511,55.004568,-0.204494,0.204494
7.270000,0.096117,-2.107506,2.852571,0.793050,0.246368,57.185557,-0.407161,0.407161
7.280000,0.138736,-2.328892,2.970324,1.471532,-1.921924,53.875047,-0.607212,0.607212
7.290000,0.175438,-2.526223,2.833416,2.061958,-4.392327,54.937956,-0.803871,0.803871
7.300000,0.189455,-2.155965,2.901646,2.577988,-6.383512,57.120234,-0.996380,0.996380
7.310000,0.220910,-2.181492,2.458477,2.815093,-9.466764,54.793615,-1.184000,1.184000
7.320000,0.245443,-2.181404,2.503573,3.331771,-10.981672,59.661392,-1.366016,1.366016
7.330000,0.279905,-2.263307,2.456546,4.307799,-12.779650,53.340202,-1.541737,1.541737
7.340000,0.277119,-1.946453,2.084626,4.480551,-15.931159,62.009953,-1.710504,1.710504
7.350000,0.305645,-1.975967,2.101749,5.699735,-19.916884,53.829923,-1.871684,1.871684
7.360000,0.313794,-2.086384,1.702383,6.180899,-21.964966,56.957247,-2.024681,2.024681
7.370000,0.331052,-1.853662,1.772482,6.979626,-24.258860,58.152812,-2.168931,2.168931
7.380000,0.400853,-1.758137,1.517342,6.889920,-28.533071,57.775586,-2.303910,2.303910
7.390000,0.356278,-1.709013,1.196116,8.432510,-27.260568,61.483234,-2.429132,2.429132
7.400000,0.381776,-1.872070,0.770939,8.400594,-30.770451,68.561953,-2.544151,2.544151
7.410000,0.388944,-1.680392,0.521665,8.672151,-34.842484,74.913142,-2.648565,2.648565
7.420000,0.414534,-1.627021,0.195062,9.048402,-37.725845,78.415578,-2.742015,2.742015
7.430000,0.409893,-1.344893,-0.179128,10.686780,-40.123713,80.907311,-2.824188,2.824188
7.440000,0.387164,-1.231844,-0.505807,11.175171,-39.597644,80.736880,-2.894815,2.894815
7.450000,0.399134,-1.196549,-0.940355,12.493185,-38.475515,102.029839,-2.953676,2.953676
7.460000,0.345731,-1.161889,-1.403819,14.501291,-41.605814,116.041728,-3.000597,3.000597
7.470000,0.356815,-1.017018,-1.964636,13.892796,-46.432599,119.684109,-3.035453,3.035453
7.480000,0.347752,-0.730811,-2.403945,14.956730,-44.637048,130.104370,-3.058167,3.058167
7.490000,0.333019,-0.637144,-2.845485,16.733276,-42.768056,105.234315,-3.068709,3.068709
7.500000,0.288188,-0.446772,-3.213126,19.319857,-34.572107,75.365097,-3.067099,3.067099
7.510000,0.259525,-0.284795,-3.633319,16.931906,-15.958455,6.552542,-3.053404,3.053404
7.520000,0.229626,-0.101863,-3.672410,16.489624,8.151951,-90.073635,-3.027738,3.027738
7.530000,0.187898,0.068919,-3.416544,16.005073,24.206987,-154.387913,-2.990261,2.990261
7.540000,0.155590,0.211611,-3.154906,16.381995,29.887274,-154.909666,-2.941181,2.941181
7.550000,0.115426,0.358900,-2.885012,14.292006,31.906010,-142.433264,-2.880749,2.880749
7.560000,0.100443,0.526152,-2.483082,12.094670,23.585710,-122.990917,-2.809260,2.809260
7.570000,0.082970,0.636695,-1.932110,9.798559,20.638800,-116.939790,-2.727051,2.727051
7.580000,0.064531,0.750035,-2.043226,10.487516,17.772929,-103.488458,-2.634499,2.634499
7.590000,0.037671,0.875496,-1.841343,9.669489,14.827853,-88.893515,-2.532021,2.532021
7.600000,0.022513,0.926015,-1.717174,7.601697,10.682722,-67.902632,-2.420071,2.420071
7.610000,0.007862,1.037967,-1.678177,8.152983,9.642308,-61.579848,-2.299137,2.299137
7.620000,-0.008014,0.981681,-1.334358,6.670361,7.672414,-58.392671,-2.169741,2.169741
7.630000,-0.023823,1.202056,-1.300634,6.260056,7.255882,-56.876449,-2.032435,2.032435
7.640000,-0.037506,1.084634,-1.258005,5.150955,5.287531,-50.619900,-1.887800,1.887800
7.650000,-0.052401,1.293619,-1.374126,4.802320,4.453157,-57.211400,-1.736443,1.736443
7.660000,-0.057920,1.325200,-1.322092,4.311673,4.198224,-48.931430,-1.578994,1.578994
7.670000,-0.066130,1.396694,-1.183232,4.222677,3.802778,-48.632897,-1.416105,1.416105
7.680000,-0.076629,1.244535,-1.098610,3.324849,3.755537,-46.928941,-1.248444,1.248444
7.690000,-0.102977,1.292254,-1.050185,3.083667,3.171111,-55.330891,-1.076697,1.076697
7.700000,-0.104071,1.452641,-1.114961,2.487526,3.265380,-54.924000,-0.901562,0.901562
7.710000,-0.119769,1.338725,-1.095312,2.147213,3.793035,-54.197179,-0.723745,0.723745
7.720000,-0.137081,1.367896,-1.104468,1.311494,3.945523,-50.102655,-0.543961,0.543961
7.730000,-0.124341,1.532653,-1.034459,0.999054,4.527710,-50.077416,-0.362929,0.362929
7.740000,-0.153769,1.592609,-0.877004,0.396913,4.489797,-52.205590,-0.181369,0.181369
7.750000,-0.140969,1.523532,-0.866938,-0.160969,5.959539,-55.342218,-0.000000,0.000000
7.760000,-0.166573,1.330496,-0.868088,-0.649388,5.896404,-59.269964,0.180465,-0.180465
7.770000,-0.182023,1.426741,-0.768598,-1.376835,7.578248,-53.584269,0.359318,-0.359318
7.780000,-0.191616,1.323765,-0.718951,-1.888515,8.372468,-61.141177,0.535863,-0.535863
7.790000,-0.182672,1.458124,-0.547751,-2.437139,9.509592,-59.418497,0.709414,-0.709414
7.800000,-0.206944,1.530280,-0.474369,-2.886115,10.788823,-56.425242,0.879302,-0.879302
7.810000,-0.180441,1.400670,-0.333100,-3.830623,11.103218,-65.608321,1.044876,-1.044876
7.820000,-0.184196,1.235190,-0.248266,-4.150514,13.824760,-68.230409,1.205504,-1.205504
7.830000,-0.190796,1.161192,-0.096485,-4.711422,15.431762,-61.990414,1.360578,-1.360578
7.840000,-0.218698,1.239940,0.059568,-6.095765,15.896961,-66.275298,1.509514,-1.509514
7.850000,-0.199865,1.166023,0.228767,-6.009180,19.108169,-74.308025,1.651755,-1.651755
7.860000,-0.179637,1.084489,0.463618,-6.469910,19.941565,-78.034032,1.786774,-1.786774
7.870000,-0.192991,0.955211,0.578819,-7.183610,21.346363,-74.141635,1.914075,-1.914075
7.880000,-0.165246,0.872436,0.775697,-8.219261,22.722690,-82.080522,2.033193,-2.033193
7.890000,-0.156934,0.889564,1.038262,-10.032758,24.641911,-82.111935,2.143701,-2.143701
7.900000,-0.165243,0.740947,1.263431,-9.499860,26.616905,-81.412660,2.245205,-2.245205
7.910000,-0.136950,0.631002,1.592058,-10.635057,25.459239,-84.922115,2.337350,-2.337350
7.920000,-0.136961,0.537697,1.760101,-12.228698,23.452476,-74.683246,2.419820,-2.419820
7.930000,-0.115400,0.431896,1.930292,-11.772284,19.056509,-48.763543,2.492337,-2.492337
7.940000,-0.082531,0.289934,2.160918,-11.917722,11.331395,-23.799105,2.554665,-2.554665
7.950000,-0.062593,0.141295,2.189250,-12.307239,2.574776,12.498074,2.606610,-2.606610
7.960000,-0.042190,0.031049,2.402815,-11.392640,-5.278487,49.374725,2.648018,-2.648018
7.970000,-0.019614,-0.087466,2.292945,-12.324083,-11.325764,62.848040,2.678778,-2.678778
7.980000,-0.000612,-0.227182,2.170069,-11.291874,-15.491068,80.113612,2.698823,-2.698823
7.990000,0.017780,-0.346464,1.764796,-10.340434,-16.448269,77.135061,2.708126,-2.708126
8.000000,0.038286,-0.443871,1.774650,-9.159784,-14.783632,69.951940,2.706706,-2.706706
8.010000,0.049170,-0.552840,1.710356,-9.266153,-13.734110,68.510030,2.694620,-2.694620
8.020000,0.072331,-0.636365,1.514631,-7.855806,-11.448210,56.270551,2.671969,-2.671969
8.030000,0.079662,-0.623804,1.260374,-7.910541,-10.241681,56.188039,2.638896,-2.638896
8.040000,0.104638,-0.721238,1.125880,-7.208412,-9.802321,46.933198,2.595583,-2.595583
8.050000,0.103402,-0.747735,1.272104,-6.821560,-8.835352,41.427118,2.542252,-2.542252
8.060000,0.111146,-0.912177,1.154842,-6.877184,-7.052331,40.675528,2.479164,-2.479164
8.070000,0.136264,-0.967380,1.117130,-5.490524,-5.847637,40.194813,2.406614,-2.406614
8.080000,0.133475,-0.927830,0.932613,-5.164856,-6.243428,35.817115,2.324937,-2.324937
8.090000,0.160374,-0.990142,0.899375,-5.211360,-5.087839,41.018394,2.234501,-2.234501
8.100000,0.146151,-1.119206,0.770549,-4.752698,-4.739638,34.590990,2.135705,-2.135705
8.110000,0.150537,-1.240909,0.778160,-4.313131,-4.619779,36.910834,2.028981,-2.028981
8.120000,0.156175,-1.302615,0.727666,-4.169207,-4.752908,33.099172,1.914789,-1.914789
8.130000,0.182209,-1.125632,0.697148,-3.519675,-3.777039,36.791052,1.793617,-1.793617
8.140000,0.172702,-1.232737,0.653912,-3.543251,-3.806064,35.167290,1.665977,-1.665977
8.150000,0.206600,-1.301816,0.651463,-2.696478,-4.213864,38.723663,1.532405,-1.532405
8.160000,0.192274,-1.257315,0.549457,-2.602448,-4.042688,37.800186,1.393457,-1.393457
8.170000,0.206406,-1.419929,0.584371,-2.218151,-4.004576,42.375125,1.249708,-1.249708
8.180000,0.216840,-1.464059,0.478659,-1.810066,-3.789175,40.899937,1.101748,-1.101748
8.190000,0.236788,-1.466606,0.476399,-1.442164,-4.314726,37.247875,0.950182,-0.950182
8.200000,0.206375,-1.330034,0.427959,-0.980523,-4.357113,38.271428,0.795625,-0.795625
8.210000,0.234552,-1.292340,0.377470,-0.655282,-4.263643,41.539842,0.638703,-0.638703
8.220000,0.211111,-1.515643,0.334694,-0.205930,-4.884947,45.723123,0.480044,-0.480044
8.230000,0.252387,-1.417691,0.298967,0.244841,-5.310149,41.083758,0.320284,-0.320284
8.240000,0.215843,-1.346266,0.257010,0.729797,-5.388777,44.522450,0.160058,-0.160058
8.250000,0.243318,-1.434310,0.192488,1.051792,-6.298473,44.653192,0.000000,-0.000000
8.260000,0.217162,-1.335549,0.100158,1.789007,-7.295086,46.507046,-0.159260,0.159260
8.270000,0.244189,-1.305785,0.031555,2.031562,-8.543416,46.358630,-0.317097,0.317097
8.280000,0.259884,-1.260954,-0.049138,2.537303,-8.151307,46.535951,-0.472897,0.472897
8.290000,0.219470,-1.371734,-0.134482,3.260515,-10.225415,50.484915,-0.626055,0.626055
8.300000,0.221283,-1.212342,-0.255235,3.745368,-11.475892,55.613311,-0.775981,0.775981
8.310000,0.219541,-1.202998,-0.349607,4.041646,-11.554265,53.153828,-0.922100,0.922100
8.320000,0.208133,-1.286432,-0.503748,5.012261,-13.686575,58.173040,-1.063854,1.063854
8.330000,0.208170,-1.047636,-0.652068,5.001339,-15.290970,59.790773,-1.200706,1.200706
8.340000,0.199250,-1.024376,-0.708478,6.184616,-13.729379,64.703585,-1.332142,1.332142
8.350000,0.202929,-1.049276,-0.835304,7.023778,-15.024235,68.049204,-1.457669,1.457669
8.360000,0.198314,-1.042082,-1.162018,7.221458,-17.218657,71.159510,-1.576823,1.576823
8.370000,0.180239,-0.863940,-1.229027,7.181438,-19.797939,61.864045,-1.689165,1.689165
8.380000,0.163932,-0.814360,-1.491583,8.021164,-18.278287,65.528767,-1.794287,1.794287
8.390000,0.166028,-0.662507,-1.494443,9.674044,-21.048272,60.239755,-1.891810,1.891810
8.400000,0.128075,-0.584790,-1.736196,9.601711,-19.868796,56.291116,-1.981387,1.981387
8.410000,0.126843,-0.512469,-1.855291,10.643539,-15.743952,57.466767,-2.062704,2.062704
8.420000,0.093993,-0.376805,-2.182586,10.245634,-13.762402,42.545867,-2.135484,2.135484
8.430000,0.070905,-0.298471,-2.150176,11.687140,-7.721353,19.255440,-2.199480,2.199480
8.440000,0.050895,-0.185557,-2.172475,11.300376,-2.505247,-7.385266,-2.254484,2.254484
8.450000,0.034029,-0.075258,-2.248839,10.151794,3.602791,-33.342763,-2.300325,2.300325
8.460000,0.007891,0.027786,-2.184520,11.643689,7.475105,-53.977511,-2.336867,2.336867
8.470000,-0.014112,0.125353,-2.179525,9.245076,11.850112,-59.773603,-2.364013,2.364013
8.480000,-0.034201,0.212062,-2.024686,9.890837,11.056374,-61.368772,-2.381703,2.381703
8.490000,-0.054140,0.319332,-1.772129,9.157913,11.704977,-65.953871,-2.389913,2.389913
8.500000,-0.072546,0.376594,-1.859634,8.067534,10.502597,-54.681071,-2.388659,2.388659
8.510000,-0.089793,0.463198,-1.856424,7.687888,11.376341,-53.604065,-2.377993,2.377993
8.520000,-0.114041,0.504825,-1.530178,7.692396,9.378344,-47.412902,-2.358005,2.358005
8.530000,-0.127813,0.646981,-1.526492,7.246118,9.189386,-43.572365,-2.328818,2.328818
8.540000,-0.142410,0.662584,-1.402530,6.721401,8.455333,-41.030657,-2.290594,2.290594
8.550000,-0.141606,0.678487,-1.360007,5.947070,7.021195,-41.323906,-2.243530,2.243530
8.560000,-0.176542,0.804371,-1.217598,5.331029,7.038960,-37.597130,-2.187854,2.187854
8.570000,-0.167251,0.865817,-1.160856,5.350989,6.435318,-34.287206,-2.123829,2.123829
8.580000,-0.199666,0.907125,-1.168032,4.502003,5.521305,-35.743617,-2.051750,2.051750
8.590000,-0.200919,1.032268,-1.043377,4.053325,5.381230,-34.232942,-1.971940,1.971940
8.600000,-0.209345,1.078465,-1.021647,3.657698,5.826127,-33.931144,-1.884753,1.884753
8.610000,-0.219448,0.972597,-1.007469,3.523521,5.233235,-35.987792,-1.790570,1.790570
8.620000,-0.243202,0.971721,-0.945112,3.161233,5.637616,-37.328655,-1.689796,1.689796
8.630000,-0.251752,1.129291,-0.900877,3.204043,5.983063,-36.905329,-1.582862,1.582862
8.640000,-0.243895,1.017630,-0.761729,2.742894,5.262766,-38.386105,-1.470220,1.470220
8.650000,-0.231036,1.235735,-0.726582,2.094166,5.700591,-37.867625,-1.352343,1.352343
8.660000,-0.273912,1.132240,-0.738402,1.880512,6.126302,-37.434156,-1.229722,1.229722
8.670000,-0.275258,1.301691,-0.646905,1.481281,6.438524,-33.172807,-1.102863,1.102863
8.680000,-0.271549,1.313852,-0.611109,1.022302,5.821081,-38.322135,-0.972289,0.972289
8.690000,-0.281374,1.165891,-0.552879,0.726857,6.820153,-36.340127,-0.838533,0.838533
8.700000,-0.283005,1.129569,-0.417239,0.354941,6.831585,-35.651854,-0.702137,0.702137
8.710000,-0.276171,1.324657,-0.382565,-0.034696,6.531361,-37.525886,-0.563653,0.563653
8.720000,-0.282873,1.328674,-0.313220,-0.404857,8.139820,-42.310546,-0.423637,0.423637
8.730000,-0.293291,1.231615,-0.223705,-0.844651,8.464733,-44.053604,-0.282650,0.282650
8.740000,-0.287940,1.223469,-0.142292,-1.301060,8.884751,-42.921682,-0.141251,0.141251
8.750000,-0.269039,1.170583,-0.053323,-1.559425,8.315017,-42.633516,-0.000000,0.000000
8.760000,-0.323967,1.224155,0.038861,-1.968773,8.995158,-42.606343,0.140546,-0.140546
8.770000,-0.305710,1.196419,0.152093,-2.400572,10.632866,-46.846567,0.279837,-0.279837
8.780000,-0.322922,1.133844,0.239570,-2.866470,10.011464,-44.972775,0.417330,-0.417330
8.790000,-0.278066,1.163647,0.332564,-3.778668,11.991456,-51.068657,0.552492,-0.552492
8.800000,-0.286378,1.074659,0.444816,-3.743043,12.702264,-48.624210,0.684801,-0.684801
8.810000,-0.283730,0.959042,0.617330,-4.594476,13.057907,-53.096315,0.813750,-0.813750
8.820000,-0.296486,0.935272,0.819288,-5.298402,13.748081,-50.267745,0.938848,-0.938848
8.830000,-0.239647,0.976259,0.803228,-5.748594,14.933298,-55.104711,1.059620,-1.059620
8.840000,-0.251063,0.915295,1.053423,-6.287511,15.224380,-53.833500,1.175611,-1.175611
8.850000,-0.231380,0.806594,1.082595,-6.159553,15.253252,-51.728003,1.286388,-1.286388
8.860000,-0.218300,0.721052,1.437593,-6.954877,15.297566,-50.982710,1.391541,-1.391541
8.870000,-0.212415,0.664170,1.526246,-7.300324,15.709397,-48.002795,1.490683,-1.490683
8.880000,-0.209569,0.558193,1.740102,-8.476678,15.921381,-45.939455,1.583453,-1.583453
8.890000,-0.177056,0.445822,1.786014,-8.960079,12.115756,-36.055950,1.669516,-1.669516
8.900000,-0.150930,0.357774,2.050665,-9.812081,11.020791,-28.669725,1.748568,-1.748568
8.910000,-0.156165,0.278465,2.184624,-8.929777,6.902338,-12.467731,1.820330,-1.820330
8.920000,-0.122161,0.184348,2.242334,-9.847610,3.343734,3.088989,1.884558,-1.884558
8.930000,-0.099643,0.093831,2.236763,-9.507982,-0.120849,17.163035,1.941034,-1.941034
8.940000,-0.088110,0.002748,2.150477,-8.802155,-2.919741,31.745977,1.989575,-1.989575
8.950000,-0.063272,-0.077876,2.185133,-8.403752,-5.156079,39.306071,2.030030,-2.030030
8.960000,-0.045368,-0.175053,2.125663,-8.745204,-7.037086,38.703564,2.062278,-2.062278
8.970000,-0.027835,-0.272280,1.893077,-7.432895,-6.799125,44.532071,2.086235,-2.086235
8.980000,-0.007006,-0.317142,1.688777,-6.823858,-7.440376,47.245312,2.101845,-2.101845
8.990000,0.010791,-0.357960,1.636800,-6.826032,-6.599390,42.714034,2.109091,-2.109091
9.000000,0.027923,-0.471256,1.605629,-6.206316,-6.137223,40.506477,2.107984,-2.107984
9.010000,0.039506,-0.534491,1.519904,-5.702799,-6.157524,38.662792,2.098572,-2.098572
9.020000,0.058206,-0.615373,1.668964,-5.123847,-5.671115,39.695057,2.080932,-2.080932
9.030000,0.082052,-0.640091,1.518189,-4.990166,-5.396520,32.217756,2.055175,-2.055175
9.040000,0.085601,-0.654702,1.528637,-4.746846,-4.799039,31.020994,2.021442,-2.021442
9.050000,0.103067,-0.770872,1.329386,-4.327010,-4.325114,35.027839,1.979908,-1.979908
9.060000,0.109032,-0.813464,1.408477,-4.708816,-4.447323,31.924066,1.930774,-1.930774
9.070000,0.143076,-0.846629,1.320042,-4.074833,-3.947166,31.357704,1.874273,-1.874273
9.080000,0.134718,-0.807905,1.252307,-3.879185,-4.427931,28.478061,1.810663,-1.810663
9.090000,0.161080,-0.974027,1.185027,-3.107267,-4.612019,32.458387,1.740231,-1.740231
9.100000,0.176263,-0.968261,1.268838,-3.317396,-4.414555,33.294510,1.663289,-1.663289
9.110000,0.175218,-1.039544,1.110677,-2.920030,-4.237879,32.306633,1.580172,-1.580172
9.120000,0.183199,-0.987131,1.100648,-2.410708,-4.159575,33.309474,1.491240,-1.491240
9.130000,0.214012,-0.996865,1.035737,-2.292263,-4.559369,34.831886,1.396871,-1.396871
9.140000,0.226787,-1.112106,1.085437,-1.733515,-5.260808,32.379556,1.297465,-1.297465
9.150000,0.227014,-1.145023,0.900923,-1.611894,-5.769057,35.635188,1.193439,-1.193439
9.160000,0.255070,-1.011501,0.871552,-1.229989,-5.400224,34.235663,1.085226,-1.085226
9.170000,0.249066,-0.981989,0.897390,-0.865865,-5.742843,32.084807,0.973274,-0.973274
9.180000,0.227311,-0.997131,0.827703,-0.458864,-5.812834,38.311881,0.858042,-0.858042
9.190000,0.276890,-1.138118,0.709495,-0.099367,-6.741797,38.343179,0.740003,-0.740003
9.200000,0.243407,-1.107706,0.686551,0.275676,-6.983693,33.981029,0.619634,-0.619634
9.210000,0.295164,-0.984821,0.611646,0.637858,-7.026992,37.471233,0.497422,-0.497422
9.220000,0.258673,-0.980282,0.543462,0.941187,-7.525653,40.460003,0.373859,-0.373859
9.230000,0.268946,-1.089192,0.385577,1.486905,-9.226548,39.987232,0.249437,-0.249437
9.240000,0.282192,-1.027407,0.313536,1.938025,-8.585141,41.107472,0.124653,-0.124653
9.250000,0.276934,-0.990339,0.215024,2.180229,-9.491072,44.354794,0.000000,-0.000000
9.260000,0.282424,-0.974506,0.135362,2.752256,-10.563227,40.882331,-0.124032,0.124032
9.270000,0.304304,-0.872210,0.017928,2.729075,-10.846775,41.129881,-0.246956,0.246956
9.280000,0.274641,-0.843442,-0.098511,3.768738,-12.357256,46.244023,-0.368293,0.368293
9.290000,0.306324,-0.911336,-0.201431,3.623799,-12.479377,43.943489,-0.487572,0.487572
9.300000,0.284140,-0.831812,-0.354231,4.542376,-13.157794,46.140638,-0.604335,0.604335
9.310000,0.303419,-0.876765,-0.479097,5.113320,-11.914353,41.191048,-0.718132,0.718132
9.320000,0.268511,-0.699158,-0.617513,4.966075,-12.417961,45.053358,-0.828530,0.828530
9.330000,0.248955,-0.647053,-0.764959,5.744080,-14.772376,42.331750,-0.935111,0.935111
9.340000,0.267284,-0.595837,-0.878690,5.770879,-14.026536,44.862197,-1.037473,1.037473
9.350000,0.257483,-0.610037,-0.990451,6.391911,-12.989031,39.167503,-1.135234,1.135234
9.360000,0.224351,-0.532633,-1.230203,7.580692,-11.965252,36.068257,-1.228031,1.228031
9.370000,0.220261,-0.455505,-1.265472,6.865213,-10.904206,29.289984,-1.315523,1.315523
9.380000,0.207336,-0.347901,-1.485813,6.846862,-10.155725,21.129548,-1.397392,1.397392
9.390000,0.198950,-0.295898,-1.398091,7.784267,-7.370171,13.981492,-1.473343,1.473343
9.400000,0.174808,-0.191031,-1.470029,7.748390,-5.444311,3.667390,-1.543105,1.543105
9.410000,0.159445,-0.140272,-1.486400,7.381921,-3.235908,-5.918086,-1.606436,1.606436
9.420000,0.140993,-0.060507,-1.459788,8.265590,-0.953921,-14.446865,-1.663116,1.663116
9.430000,0.133926,0.018134,-1.579015,7.664112,0.784926,-22.862642,-1.712956,1.712956
9.440000,0.117201,0.085789,-1.668105,6.941673,2.059902,-26.272237,-1.755794,1.755794
9.450000,0.106954,0.161634,-1.701856,6.688402,2.695572,-30.905674,-1.791495,1.791495
9.460000,0.097729,0.227831,-1.395229,7.279836,3.659866,-29.283236,-1.819954,1.819954
9.470000,0.074149,0.314168,-1.565992,5.951274,3.349601,-33.995389,-1.841096,1.841096
9.480000,0.061678,0.368788,-1.541828,6.083268,3.474526,-32.865301,-1.854872,1.854872
9.490000,0.047383,0.403272,-1.392385,5.383598,3.303089,-32.583806,-1.861266,1.861266
9.500000,0.034052,0.496283,-1.462418,4.818017,3.105104,-28.503515,-1.860290,1.860290
9.510000,0.017722,0.514957,-1.216946,5.108020,3.114297,-31.494379,-1.851983,1.851983
9.520000,0.006242,0.607295,-1.202347,5.176975,2.921367,-28.998865,-1.836416,1.836416
9.530000,-0.007601,0.641043,-1.183921,4.766793,2.750734,-25.954827,-1.813685,1.813685
9.540000,-0.019858,0.715414,-1.157922,4.029079,2.814799,-28.878693,-1.783917,1.783917
9.550000,-0.035811,0.690335,-1.192046,4.114574,2.648280,-29.081505,-1.747263,1.747263
9.560000,-0.049193,0.748660,-1.120990,3.921153,2.504270,-27.890611,-1.703903,1.703903
9.570000,-0.056180,0.753420,-1.114716,3.482299,2.299726,-27.004718,-1.654040,1.654040
9.580000,-0.065455,0.808228,-1.116540,3.388307,2.634189,-26.021232,-1.597905,1.597905
9.590000,-0.082679,0.764974,-1.216046,2.788498,2.684921,-25.440685,-1.535749,1.535749
9.600000,-0.095572,0.860604,-1.185825,2.590358,2.821705,-27.253405,-1.467847,1.467847
9.610000,-0.096388,0.849495,-1.089002,2.432272,3.079699,-27.589529,-1.394497,1.394497
9.620000,-0.119021,0.860800,-1.026652,2.062869,3.063363,-27.125032,-1.316014,1.316014
9.630000,-0.130938,0.957026,-1.077345,1.709613,3.196378,-29.764412,-1.232734,1.232734
9.640000,-0.141215,0.938201,-1.059291,1.439230,3.678109,-33.135764,-1.145008,1.145008
9.650000,-0.132699,0.961648,-0.975345,1.063244,4.266036,-27.879304,-1.053206,1.053206
9.660000,-0.158783,0.900313,-0.905686,0.812532,4.583003,-30.270282,-0.957708,0.957708
9.670000,-0.155927,0.939862,-0.797610,0.387554,4.929419,-33.159265,-0.858911,0.858911
9.680000,-0.185249,0.884067,-0.860766,0.098474,5.221374,-30.508891,-0.757220,0.757220
9.690000,-0.168216,0.947377,-0.764431,-0.244137,5.469177,-34.406378,-0.653050,0.653050
9.700000,-0.171955,0.934268,-0.686617,-0.527087,5.816295,-32.836258,-0.546825,0.546825
9.710000,-0.181701,1.026862,-0.644686,-0.839893,6.991456,-37.775979,-0.438973,0.438973
9.720000,-0.195092,0.972886,-0.609287,-1.323321,7.574147,-38.285177,-0.329929,0.329929
9.730000,-0.185738,0.911003,-0.491933,-1.775345,6.856388,-38.873919,-0.220128,0.220128
9.740000,-0.202524,1.003543,-0.376460,-2.043327,8.899227,-39.441995,-0.110006,0.110006
9.750000,-0.194608,0.829597,-0.315068,-2.163037,8.639949,-37.731275,-0.000000,0.000000
9.760000,-0.220443,0.784480,-0.251899,-2.899566,9.275153,-38.711992,0.109458,-0.109458
9.770000,-0.230771,0.773664,-0.153579,-3.346350,9.963318,-40.368549,0.217938,-0.217938
9.780000,-0.206685,0.763615,-0.044546,-3.405696,10.415058,-37.468397,0.325017,-0.325017
9.790000,-0.228359,0.765216,0.060534,-4.276067,10.174573,-37.467899,0.430281,-0.430281
9.800000,-0.227382,0.682325,0.160056,-4.698789,11.656285,-38.709805,0.533324,-0.533324
9.810000,-0.192667,0.669750,0.275887,-4.543047,10.505812,-37.995770,0.633749,-0.633749
9.820000,-0.211864,0.601628,0.377399,-5.092267,11.955909,-39.046556,0.731175,-0.731175
9.830000,-0.196994,0.558178,0.536595,-5.299107,9.992989,-32.634262,0.825233,-0.825233
9.840000,-0.205114,0.523713,0.619512,-6.052270,9.830677,-29.955293,0.915567,-0.915567
9.850000,-0.206091,0.429484,0.686644,-6.394841,10.856679,-29.563797,1.001840,-1.001840
9.860000,-0.197543,0.435307,0.843676,-6.896410,9.875546,-25.015985,1.083734,-1.083734
9.870000,-0.171964,0.341167,0.902709,-6.950500,7.743025,-17.876903,1.160945,-1.160945
9.880000,-0.169742,0.261711,0.917485,-6.981894,6.252900,-10.210151,1.233194,-1.233194
9.890000,-0.166190,0.204926,1.036267,-6.411086,5.163513,-3.977036,1.300220,-1.300220
9.900000,-0.139538,0.134448,1.171003,-6.929223,3.278187,3.609681,1.361786,-1.361786
9.910000,-0.141449,0.068234,0.997575,-6.651662,1.587507,10.407458,1.417675,-1.417675
9.920000,-0.134930,0.007864,1.185971,-7.170551,0.363712,15.339134,1.467695,-1.467695
9.930000,-0.103456,-0.059974,1.098592,-6.770646,-0.682058,19.019740,1.511679,-1.511679
9.940000,-0.096438,-0.129365,1.141161,-6.653605,-1.390740,21.436905,1.549483,-1.549483
9.950000,-0.086905,-0.184435,1.103382,-6.428546,-1.899393,25.981232,1.580989,-1.580989
9.960000,-0.074774,-0.251602,1.116311,-5.368122,-1.957993,24.174398,1.606104,-1.606104
9.970000,-0.076320,-0.305839,1.022470,-5.690766,-2.117240,26.601129,1.624761,-1.624761
9.980000,-0.056179,-0.372260,1.088771,-5.123694,-1.997946,24.516516,1.636919,-1.636919
9.990000,-0.055632,-0.385271,1.087193,-4.798654,-2.137539,26.999323,1.642562,-1.642562
10.000000,-0.043549,-0.446367,1.057872,-4.350389,-1.986663,26.867331,1.641700,-1.641700
10.010000,-0.029907,-0.489387,0.879441,-4.186311,-1.804931,26.821924,1.634369,-1.634369
10.020000,-0.020619,-0.519911,0.939593,-4.441181,-1.986971,25.496573,1.620631,-1.620631
10.030000,-0.012165,-0.557560,0.962259,-4.274503,-1.744119,24.215979,1.600572,-1.600572
10.040000,-0.004722,-0.635319,0.835697,-3.799068,-1.612864,25.089158,1.574301,-1.574301
10.050000,0.004579,-0.705596,0.955138,-3.567116,-1.606609,23.723090,1.541954,-1.541954
10.060000,0.013190,-0.628332,0.914745,-3.416365,-1.659688,25.188900,1.503689,-1.503689
10.070000,0.022255,-0.756265,0.793207,-2.656777,-1.613392,26.745817,1.459685,-1.459685
10.080000,0.028024,-0.716530,0.840875,-2.938930,-1.613957,25.513616,1.410146,-1.410146
10.090000,0.036104,-0.710614,0.782606,-2.617551,-1.771872,27.612393,1.355293,-1.355293
10.100000,0.046601,-0.785105,0.750329,-2.192215,-1.964076,27.407440,1.295371,-1.295371
10.110000,0.051463,-0.798445,0.714249,-1.899867,-2.018519,26.191015,1.230639,-1.230639
10.120000,0.058710,-0.747979,0.743568,-1.812464,-2.089544,27.266445,1.161379,-1.161379
10.130000,0.062738,-0.899656,0.792877,-1.492398,-2.622754,24.794235,1.087884,-1.087884
10.140000,0.081602,-0.917954,0.647786,-1.166912,-2.820535,27.311793,1.010466,-1.010466
10.150000,0.091212,-0.867470,0.630349,-0.841643,-3.051100,28.226667,0.929451,-0.929451
10.160000,0.085110,-0.847356,0.582779,-0.535925,-3.255393,27.364189,0.845175,-0.845175
10.170000,0.088934,-0.810445,0.659764,-0.257995,-3.803079,31.920696,0.757986,-0.757986
10.180000,0.107471,-0.833970,0.599368,0.014416,-3.667567,29.966363,0.668244,-0.668244
10.190000,0.116504,-0.898052,0.522389,0.300227,-4.388631,28.389282,0.576315,-0.576315
10.200000,0.107582,-0.806842,0.473275,0.679836,-4.573278,28.754485,0.482571,-0.482571
10.210000,0.109196,-0.833993,0.417876,0.965477,-4.820779,30.713501,0.387393,-0.387393
10.220000,0.129552,-0.793652,0.421328,1.259764,-5.170513,30.343028,0.291161,-0.291161
10.230000,0.112377,-0.758429,0.297025,1.585326,-6.342269,32.955557,0.194262,-0.194262
10.240000,0.136392,-0.777900,0.260750,1.981646,-5.762122,30.090651,0.097080,-0.097080
10.250000,0.125748,-0.812644,0.183798,2.389335,-6.315680,35.741927,0.000000,-0.000000
10.260000,0.130641,-0.829288,0.123000,2.755245,-6.707523,33.397172,-0.096596,0.096596
10.270000,0.144455,-0.761228,0.060880,2.813366,-6.728116,30.945413,-0.192329,0.192329
10.280000,0.135873,-0.765657,-0.016975,3.079940,-8.206240,30.618166,-0.286827,0.286827
10.290000,0.130971,-0.739589,-0.092435,3.801101,-7.891855,35.145652,-0.379722,0.379722
10.300000,0.127548,-0.622688,-0.164963,4.328109,-8.238460,30.313008,-0.470657,0.470657
10.310000,0.125447,-0.631074,-0.238153,4.670191,-7.903590,33.965806,-0.559282,0.559282
10.320000,0.137320,-0.534046,-0.366366,4.899202,-8.756741,31.763289,-0.645260,0.645260
10.330000,0.122126,-0.497888,-0.464350,5.110815,-7.438011,26.426503,-0.728265,0.728265
10.340000,0.119476,-0.460608,-0.465547,5.375750,-8.113229,23.238776,-0.807985,0.807985
10.350000,0.113183,-0.432459,-0.606502,5.421305,-7.299813,21.283417,-0.884121,0.884121
10.360000,0.096141,-0.328977,-0.690565,5.052769,-6.138293,17.247904,-0.956391,0.956391
10.370000,0.108188,-0.312304,-0.709806,5.707084,-4.915460,11.619877,-1.024530,1.024530
10.380000,0.089720,-0.225281,-0.752733,6.009591,-4.336115,6.613327,-1.088290,1.088290
10.390000,0.086360,-0.170983,-0.850582,5.713009,-3.158592,1.609089,-1.147441,1.147441
10.400000,0.081368,-0.133494,-0.831138,5.659199,-1.799067,-3.531042,-1.201772,1.201772
10.410000,0.064489,-0.058473,-0.827100,6.323253,-0.643835,-8.241688,-1.251093,1.251093
10.420000,0.063868,-0.007348,-0.732252,5.545017,0.208394,-11.834487,-1.295236,1.295236
10.430000,0.052727,0.053218,-0.824753,5.965525,0.893007,-17.042242,-1.334052,1.334052
10.440000,0.040075,0.099288,-0.732867,5.121721,1.537296,-18.792295,-1.367414,1.367414
10.450000,0.037548,0.154278,-0.823434,5.684818,1.885909,-17.776391,-1.395218,1.395218
10.460000,0.029215,0.202766,-0.737466,5.424730,2.043079,-20.456967,-1.417382,1.417382
10.470000,0.019997,0.245614,-0.798526,4.870325,2.205018,-20.659752,-1.433847,1.433847
10.480000,0.014098,0.314505,-0.670559,4.175082,2.128038,-22.539731,-1.444576,1.444576
10.490000,0.006348,0.359326,-0.737595,4.400954,2.360078,-21.653364,-1.449556,1.449556
10.500000,0.000237,0.388236,-0.662559,3.876453,2.313097,-22.183342,-1.448795,1.448795
10.510000,-0.006221,0.438170,-0.645212,4.137088,2.015019,-20.597171,-1.442326,1.442326
10.520000,-0.013737,0.500321,-0.649317,3.924911,2.095796,-21.304327,-1.430202,1.430202
10.530000,-0.017556,0.467169,-0.563481,3.755340,2.228008,-19.557011,-1.412499,1.412499
10.540000,-0.025773,0.509610,-0.597816,2.967711,2.216656,-22.053877,-1.389316,1.389316
10.550000,-0.031254,0.589849,-0.516093,3.302253,1.919050,-22.039453,-1.360770,1.360770
10.560000,-0.036560,0.563894,-0.549638,2.997197,1.897471,-19.855931,-1.327001,1.327001
10.570000,-0.037345,0.578942,-0.473344,2.675172,2.102938,-20.708214,-1.288168,1.288168
10.580000,-0.043906,0.661369,-0.534218,2.473652,1.877605,-24.511065,-1.244449,1.244449
10.590000,-0.046420,0.692011,-0.526089,2.106325,2.096272,-25.122851,-1.196042,1.196042
10.600000,-0.055913,0.661875,-0.498205,1.951977,2.124658,-22.604648,-1.143161,1.143161
10.610000,-0.055675,0.659956,-0.395299,1.765715,2.401892,-23.196996,-1.086035,1.086035
10.620000,-0.067575,0.690969,-0.386210,1.485596,2.539152,-23.801769,-1.024913,1.024913
10.630000,-0.063122,0.673981,-0.427903,1.087691,2.699351,-24.485728,-0.960054,0.960054
10.640000,-0.065735,0.679132,-0.393827,0.867676,2.835017,-23.635641,-0.891733,0.891733
10.650000,-0.083004,0.710257,-0.369245,0.751209,2.687605,-26.918651,-0.820238,0.820238
10.660000,-0.071505,0.789858,-0.291169,0.447718,2.856171,-27.845995,-0.745864,0.745864
10.670000,-0.078524,0.694786,-0.254769,0.174157,3.405508,-25.298129,-0.668920,0.668920
10.680000,-0.090953,0.704339,-0.257601,-0.095158,3.792774,-26.613191,-0.589723,0.589723
10.690000,-0.093054,0.788254,-0.226303,-0.326187,3.332512,-29.659762,-0.508596,0.508596
10.700000,-0.094918,0.737234,-0.152943,-0.666134,4.048555,-27.417324,-0.425868,0.425868
10.710000,-0.088206,0.686689,-0.132529,-1.002810,3.915694,-28.318073,-0.341873,0.341873
10.720000,-0.086412,0.670141,-0.086150,-1.238350,4.576826,-26.037520,-0.256949,0.256949
10.730000,-0.087989,0.728299,-0.036239,-1.630050,4.928673,-28.031438,-0.171436,0.171436
10.740000,-0.091341,0.765539,0.009343,-1.672690,4.969573,-27.729091,-0.085673,0.085673
10.750000,-0.095802,0.674849,0.061009,-2.153538,5.361573,-31.570053,-0.000000,0.000000
10.760000,-0.085118,0.626602,0.112978,-2.363936,5.714822,-30.633163,0.085246,-0.085246
10.770000,-0.089177,0.657855,0.182383,-2.411426,6.169383,-28.726589,0.169730,-0.169730
10.780000,-0.091469,0.665590,0.207442,-2.812519,5.418663,-30.299193,0.253124,-0.253124
10.790000,-0.086931,0.608394,0.278142,-3.030889,5.449855,-25.406215,0.335103,-0.335103
10.800000,-0.081823,0.563326,0.368625,-3.401076,6.139714,-27.409094,0.415353,-0.415353
10.810000,-0.074991,0.480924,0.368552,-3.446004,5.833967,-26.313205,0.493565,-0.493565
10.820000,-0.069227,0.461226,0.462201,-3.820644,5.583040,-23.279210,0.569440,-0.569440
10.830000,-0.064386,0.423311,0.531879,-4.488545,4.831007,-22.383374,0.642692,-0.642692
10.840000,-0.058960,0.355741,0.577363,-4.280330,4.496044,-20.080279,0.713044,-0.713044
10.850000,-0.052336,0.327021,0.676948,-4.225685,4.029665,-14.291040,0.780234,-0.780234
10.860000,-0.055162,0.323434,0.611153,-4.423999,4.092182,-12.559177,0.844013,-0.844013
10.870000,-0.046138,0.275698,0.723709,-4.968443,3.329298,-8.094791,0.904145,-0.904145
10.880000,-0.038788,0.203977,0.714319,-5.228872,2.166849,-4.308146,0.960413,-0.960413
10.890000,-0.032473,0.155324,0.732119,-5.174584,1.563754,-0.937558,1.012613,-1.012613
10.900000,-0.024228,0.106497,0.798076,-4.522201,0.703602,2.873573,1.060560,-1.060560
10.910000,-0.015841,0.050555,0.745064,-4.605374,-0.038518,6.569099,1.104086,-1.104086
10.920000,-0.008319,0.007172,0.724731,-5.099729,-0.726965,9.619880,1.143042,-1.143042
10.930000,-0.000446,-0.042123,0.767995,-4.781438,-1.085537,12.054239,1.177297,-1.177297
10.940000,0.007475,-0.086588,0.662528,-4.323119,-1.516189,14.331461,1.206738,-1.206738
10.950000,0.013722,-0.132689,0.728993,-4.520088,-2.071864,15.536714,1.231275,-1.231275
10.960000,0.019517,-0.180168,0.705172,-3.985808,-1.971480,17.116967,1.250835,-1.250835
10.970000,0.025838,-0.230720,0.622007,-4.095714,-2.419702,16.552722,1.265365,-1.265365
10.980000,0.034240,-0.246953,0.634688,-4.068640,-2.406539,18.833489,1.274834,-1.274834
10.990000,0.042710,-0.326166,0.568976,-3.719643,-2.417437,18.475005,1.279228,-1.279228
11.000000,0.049515,-0.358347,0.592627,-3.296450,-2.566044,19.260781,1.278557,-1.278557
11.010000,0.053440,-0.394030,0.552072,-3.267623,-2.516113,20.064509,1.272848,-1.272848
11.020000,0.061709,-0.367461,0.547890,-3.349011,-2.846135,17.992024,1.262149,-1.262149
11.030000,0.065827,-0.463354,0.483336,-3.030600,-2.760960,20.606865,1.246526,-1.246526
11.040000,0.071859,-0.477411,0.455127,-2.749989,-2.839254,18.870670,1.226067,-1.226067
11.050000,0.072788,-0.531999,0.471213,-2.411214,-2.868352,21.288473,1.200875,-1.200875
11.060000,0.069855,-0.541888,0.402751,-2.482656,-2.874875,18.577069,1.171074,-1.171074
11.070000,0.085926,-0.557695,0.364669,-2.373640,-2.461692,18.967452,1.136804,-1.136804
11.080000,0.089095,-0.533807,0.363877,-1.879916,-2.521857,22.026216,1.098223,-1.098223
11.090000,0.096710,-0.621860,0.344342,-1.996316,-2.830462,19.579052,1.055504,-1.055504
11.100000,0.084356,-0.611994,0.340537,-1.774303,-2.958990,22.242677,1.008836,-1.008836
11.110000,0.089609,-0.560011,0.297580,-1.478089,-2.891218,21.157102,0.958423,-0.958423
11.120000,0.103937,-0.581112,0.260102,-1.254919,-2.792439,23.062697,0.904483,-0.904483
11.130000,0.103529,-0.642797,0.223008,-0.991904,-3.156402,24.079413,0.847245,-0.847245
11.140000,0.108090,-0.691583,0.207965,-0.712706,-2.955927,23.354488,0.786952,-0.786952
11.150000,0.106937,-0.641915,0.146929,-0.485429,-3.177419,22.027328,0.723857,-0.723857
11.160000,0.106445,-0.711121,0.119135,-0.268200,-3.532435,23.584002,0.658223,-0.658223
11.170000,0.097697,-0.633899,0.086133,-0.051222,-3.842173,25.412458,0.590320,-0.590320
11.180000,0.104453,-0.664582,0.050272,0.199763,-3.786874,25.300289,0.520429,-0.520429
11.190000,0.117562,-0.628640,0.017501,0.401298,-4.178492,23.241670,0.448834,-0.448834
11.200000,0.110300,-0.590049,-0.023631,0.698741,-3.889468,26.823159,0.375827,-0.375827
11.210000,0.117400,-0.604733,-0.070116,0.929551,-4.446935,27.022552,0.301702,-0.301702
11.220000,0.111671,-0.674552,-0.111741,1.278421,-4.235894,23.680955,0.226757,-0.226757
11.230000,0.111422,-0.675838,-0.160187,1.542191,-4.346293,24.604507,0.151291,-0.151291
11.240000,0.110933,-0.590783,-0.219347,1.775572,-4.369941,24.608914,0.075606,-0.075606
11.250000,0.108865,-0.551572,-0.259069,2.049150,-5.246696,25.019700,0.000000,-0.000000
11.260000,0.098666,-0.560878,-0.311575,2.360459,-5.331571,23.797458,-0.075229,0.075229
11.270000,0.089021,-0.505067,-0.323363,2.272913,-4.676041,23.156226,-0.149786,0.149786
11.280000,0.085798,-0.551776,-0.376942,2.545458,-5.019559,24.325795,-0.223381,0.223381
11.290000,0.095422,-0.494357,-0.451331,2.699075,-4.784266,22.408150,-0.295728,0.295728
11.300000,0.082418,-0.491420,-0.516482,2.898791,-4.597296,21.073419,-0.366548,0.366548
11.310000,0.076266,-0.463228,-0.552095,3.526193,-4.216360,17.714769,-0.435569,0.435569
11.320000,0.065488,-0.401309,-0.530672,3.192160,-4.511814,19.299504,-0.502529,0.502529
11.330000,0.066114,-0.327743,-0.629531,3.329833,-4.067096,14.903513,-0.567173,0.567173
11.340000,0.057621,-0.286558,-0.629255,3.580228,-3.601188,14.961880,-0.629259,0.629259
11.350000,0.057252,-0.287692,-0.738027,3.860438,-3.318330,10.717604,-0.688554,0.688554
11.360000,0.041913,-0.229616,-0.793527,3.620210,-2.651986,8.741364,-0.744838,0.744838
11.370000,0.037988,-0.188254,-0.794694,4.299584,-2.085666,5.728820,-0.797905,0.797905
11.380000,0.029760,-0.161270,-0.835909,4.438064,-1.637116,3.218874,-0.847561,0.847561
11.390000,0.023602,-0.105750,-0.823057,4.124672,-0.861206,0.219154,-0.893628,0.893628
11.400000,0.014714,-0.080330,-0.794100,4.431711,-0.358372,-2.501431,-0.935941,0.935941
11.410000,0.007848,-0.031053,-0.818005,4.344670,0.101009,-5.170556,-0.974353,0.974353
11.420000,-0.000538,0.006185,-0.727271,3.937981,0.575180,-7.309105,-1.008731,1.008731
11.430000,-0.008799,0.051250,-0.822628,3.810364,0.986034,-8.953200,-1.038961,1.038961
11.440000,-0.015951,0.088945,-0.805846,3.965100,1.337915,-9.431650,-1.064943,1.064943
11.450000,-0.024666,0.121719,-0.757840,3.489220,1.682806,-10.499732,-1.086597,1.086597
11.460000,-0.032110,0.157338,-0.724637,3.560661,1.692053,-13.321259,-1.103858,1.103858
11.470000,-0.036667,0.181973,-0.653921,3.531483,2.110116,-14.138401,-1.116681,1.116681
11.480000,-0.044259,0.212353,-0.695235,3.371645,2.107827,-12.874555,-1.125037,1.125037
11.490000,-0.047503,0.288473,-0.693380,3.256854,2.255829,-16.122856,-1.128915,1.128915
11.500000,-0.052783,0.314150,-0.683868,2.886847,2.196627,-14.025890,-1.128323,1.128323
11.510000,-0.069376,0.352899,-0.626761,3.128861,2.378142,-16.775024,-1.123285,1.123285
11.520000,-0.063984,0.334434,-0.638057,2.598896,2.715633,-15.783811,-1.113842,1.113842
11.530000,-0.072762,0.391803,-0.530556,2.554379,2.435725,-16.935751,-1.100056,1.100056
11.540000,-0.084343,0.413306,-0.490696,2.664240,2.526513,-17.401460,-1.082000,1.082000
11.550000,-0.085494,0.396949,-0.563855,2.385238,2.832872,-16.552493,-1.059768,1.059768
11.560000,-0.086711,0.423414,-0.504012,1.954422,2.900684,-18.876731,-1.033469,1.033469
11.570000,-0.095467,0.428580,-0.501406,2.009469,3.250249,-18.490415,-1.003226,1.003226
11.580000,-0.096115,0.480118,-0.438433,1.782537,2.739146,-19.249347,-0.969178,0.969178
11.590000,-0.112986,0.474502,-0.400641,1.505888,3.107707,-17.600796,-0.931479,0.931479
11.600000,-0.104601,0.475037,-0.368564,1.356774,3.401945,-18.196406,-0.890294,0.890294
11.610000,-0.111880,0.479375,-0.343146,1.219203,3.611712,-19.672994,-0.845805,0.845805
11.620000,-0.113239,0.508292,-0.300846,0.978736,3.549768,-18.576457,-0.798203,0.798203
11.630000,-0.110479,0.502869,-0.272450,0.784333,3.240971,-21.456160,-0.747691,0.747691
11.640000,-0.111341,0.589315,-0.211140,0.505465,3.707432,-19.459108,-0.694483,0.694483
11.650000,-0.132573,0.608269,-0.203450,0.330742,3.663518,-19.664410,-0.638802,0.638802
11.660000,-0.134537,0.536580,-0.150409,0.137700,4.207274,-22.139511,-0.580879,0.580879
11.670000,-0.129616,0.555252,-0.119768,-0.083995,4.077943,-20.996094,-0.520956,0.520956
11.680000,-0.114576,0.602759,-0.074338,-0.310810,3.811984,-22.248774,-0.459277,0.459277
11.690000,-0.131317,0.581776,-0.030510,-0.532137,4.466663,-20.781825,-0.396095,0.396095
11.700000,-0.116280,0.545851,0.016109,-0.771899,4.637789,-22.986267,-0.331666,0.331666
11.710000,-0.117631,0.597077,0.056214,-0.869021,4.091357,-21.955205,-0.266251,0.266251
11.720000,-0.135180,0.486896,0.114122,-1.180724,4.210162,-22.032218,-0.200112,0.200112
11.730000,-0.120578,0.523451,0.142083,-1.341655,4.411573,-20.523501,-0.133514,0.133514
11.740000,-0.135781,0.462241,0.191643,-1.740289,4.991253,-21.125444,-0.066722,0.066722
11.750000,-0.126336,0.525620,0.252129,-1.746458,4.499250,-22.653957,0.000000,-0.000000
11.760000,-0.125214,0.468002,0.298944,-2.203820,4.440189,-20.164102,0.066389,-0.066389
11.770000,-0.119528,0.454434,0.344187,-2.104947,4.668411,-19.058126,0.132186,-0.132186
11.780000,-0.101299,0.424055,0.400699,-2.175942,4.914061,-20.222783,0.197133,-0.197133
11.790000,-0.110553,0.414073,0.445585,-2.551889,4.733056,-17.501118,0.260979,-0.260979
11.800000,-0.104635,0.372983,0.481440,-2.865984,4.566294,-16.912932,0.323477,-0.323477
11.810000,-0.097052,0.345475,0.506037,-3.179977,4.508873,-15.771597,0.384388,-0.384388
11.820000,-0.099889,0.335333,0.503096,-3.268193,4.153651,-12.797741,0.443480,-0.443480
11.830000,-0.083445,0.290173,0.588420,-3.022812,3.432471,-12.845423,0.500529,-0.500529
11.840000,-0.077085,0.248065,0.654390,-3.345682,3.453246,-9.661147,0.555319,-0.555319
11.850000,-0.073975,0.201734,0.714171,-3.374373,3.011207,-8.743721,0.607647,-0.607647
11.860000,-0.069859,0.183061,0.632790,-3.483949,2.613486,-5.628439,0.657318,-0.657318
11.870000,-0.055480,0.149982,0.733125,-3.666736,2.064886,-3.893906,0.704149,-0.704149
11.880000,-0.052053,0.125821,0.703845,-3.352842,1.597158,-1.757990,0.747970,-0.747970
11.890000,-0.050114,0.076587,0.775579,-3.297169,1.260615,0.260020,0.788624,-0.788624
11.900000,-0.042666,0.043240,0.805421,-3.747581,0.731208,2.049159,0.825965,-0.825965
11.910000,-0.032255,0.009291,0.802747,-3.265289,0.351187,4.191296,0.859863,-0.859863
11.920000,-0.021811,-0.025037,0.734448,-3.454198,0.026375,5.730800,0.890202,-0.890202
11.930000,-0.016381,-0.058419,0.683075,-3.314187,-0.313856,7.019265,0.916880,-0.916880
11.940000,-0.008774,-0.097652,0.749509,-3.305602,-0.631245,8.945879,0.939809,-0.939809
11.950000,-0.001389,-0.121889,0.810324,-3.123962,-0.828385,8.536120,0.958918,-0.958918
11.960000,0.005430,-0.146108,0.788387,-3.051966,-1.003453,9.478761,0.974151,-0.974151
11.970000,0.012259,-0.190355,0.770246,-3.028270,-1.136501,10.702033,0.985467,-0.985467
11.980000,0.022196,-0.229399,0.692808,-2.753035,-1.378262,10.879099,0.992841,-0.992841
11.990000,0.027273,-0.245861,0.688084,-2.996602,-1.661749,12.949194,0.996264,-0.996264
12.000000,0.036979,-0.298211,0.737396,-2.493331,-1.628992,13.332103,0.995741,-0.995741
12.010000,0.039449,-0.318090,0.627210,-2.532638,-1.750806,14.177209,0.991295,-0.991295
12.020000,0.047320,-0.298748,0.594038,-2.184468,-2.148327,14.061641,0.982963,-0.982963
12.030000,0.054371,-0.375099,0.663396,-2.341704,-1.967350,14.962141,0.970796,-0.970796
12.040000,0.058010,-0.331521,0.643426,-1.990763,-2.094153,16.322361,0.954862,-0.954862
12.050000,0.067573,-0.404403,0.590457,-1.849720,-2.492525,15.240513,0.935242,-0.935242
12.060000,0.074140,-0.398734,0.572442,-1.924376,-2.440668,15.798978,0.912033,-0.912033
12.070000,0.070636,-0.445340,0.527417,-1.495463,-2.579241,14.850402,0.885344,-0.885344
12.080000,0.077724,-0.452528,0.550070,-1.425044,-2.860519,15.212182,0.855297,-0.855297
12.090000,0.088334,-0.477935,0.513668,-1.341499,-2.705149,15.397479,0.822027,-0.822027
12.100000,0.099358,-0.424377,0.469661,-1.043394,-2.623808,17.784916,0.785682,-0.785682
12.110000,0.093147,-0.482194,0.405191,-0.850489,-3.223936,18.684776,0.746421,-0.746421
12.120000,0.096840,-0.455576,0.381370,-0.778179,-3.090962,17.257635,0.704412,-0.704412
12.130000,0.100346,-0.448877,0.358857,-0.619701,-3.505165,16.616946,0.659835,-0.659835
12.140000,0.106309,-0.519119,0.335353,-0.350794,-3.487832,17.960732,0.612879,-0.612879
12.150000,0.107884,-0.484863,0.287193,-0.214564,-3.731680,19.999290,0.563740,-0.563740
12.160000,0.107097,-0.495725,0.234959,-0.009083,-3.302078,20.356910,0.512624,-0.512624
12.170000,0.122296,-0.478525,0.219614,0.194633,-3.586455,20.202423,0.459742,-0.459742
12.180000,0.127874,-0.460942,0.167372,0.387582,-3.901657,20.100072,0.405310,-0.405310
12.190000,0.108736,-0.511976,0.141713,0.558184,-3.765582,18.143442,0.349552,-0.349552
12.200000,0.116941,-0.448732,0.102189,0.794094,-3.761093,19.579499,0.292694,-0.292694
12.210000,0.110372,-0.437798,0.052806,0.878351,-3.834282,19.695679,0.234966,-0.234966
12.220000,0.132387,-0.420892,0.009917,1.186129,-3.915051,19.177335,0.176598,-0.176598
12.230000,0.123699,-0.417200,-0.033918,1.266923,-3.952789,18.988078,0.117826,-0.117826
12.240000,0.113106,-0.413974,-0.081865,1.449637,-4.483821,19.388753,0.058882,-0.058882
12.250000,0.127234,-0.405794,-0.124919,1.852127,-4.171072,18.892403,0.000000,-0.000000
12.260000,0.125919,-0.372433,-0.162636,1.973273,-4.247588,16.080004,-0.058588,0.058588
12.270000,0.122980,-0.372805,-0.227333,1.904533,-4.465711,16.992573,-0.116654,0.116654
12.280000,0.106892,-0.383810,-0.244027,2.332341,-3.973671,17.113403,-0.173969,0.173969
12.290000,0.119587,-0.351866,-0.296603,2.141654,-3.809529,15.307599,-0.230313,0.230313
12.300000,0.109845,-0.306340,-0.321295,2.633317,-3.793975,13.579256,-0.285468,0.285468
12.310000,0.096810,-0.276719,-0.345604,2.634857,-3.840815,12.381927,-0.339222,0.339222
12.320000,0.090186,-0.262195,-0.385831,2.708056,-3.333564,11.433198,-0.391370,0.391370
12.330000,0.090196,-0.238971,-0.400509,2.914420,-3.558412,8.586597,-0.441715,0.441715
12.340000,0.089080,-0.199738,-0.471899,2.778256,-2.758421,8.394440,-0.490068,0.490068
12.350000,0.087633,-0.168666,-0.502636,2.839541,-2.904656,6.120879,-0.536246,0.536246
12.360000,0.084062,-0.145607,-0.532743,2.820521,-2.632475,4.389304,-0.580081,0.580081
12.370000,0.070339,-0.111497,-0.514730,3.096704,-2.026133,2.763455,-0.621409,0.621409
12.380000,0.076665,-0.088790,-0.540531,3.311652,-1.894674,1.234213,-0.660081,0.660081
12.390000,0.061105,-0.060279,-0.611521,2.975498,-1.429590,-0.481072,-0.695958,0.695958
12.400000,0.063171,-0.026392,-0.592765,3.072283,-1.084949,-2.012000,-0.728911,0.728911
12.410000,0.052564,0.005888,-0.550206,3.144501,-0.761522,-3.301887,-0.758827,0.758827
12.420000,0.048548,0.035320,-0.618012,2.748928,-0.523034,-4.324348,-0.785601,0.785601
12.430000,0.038074,0.067704,-0.665813,3.182118,-0.290662,-5.626411,-0.809143,0.809143
12.440000,0.031302,0.104566,-0.615675,2.981934,-0.083310,-6.753541,-0.829378,0.829378
12.450000,0.026980,0.116935,-0.649180,2.553651,0.139613,-7.171803,-0.846242,0.846242
12.460000,0.021849,0.153031,-0.671127,2.819586,0.294344,-8.546950,-0.859685,0.859685
12.470000,0.015410,0.196199,-0.666488,2.652732,0.492879,-9.728268,-0.869672,0.869672
12.480000,0.008522,0.207611,-0.582694,2.553319,0.625626,-10.385140,-0.876180,0.876180
12.490000,0.002904,0.246826,-0.653558,2.369096,0.795715,-10.915873,-0.879200,0.879200
12.500000,-0.003129,0.259592,-0.642097,2.296644,0.972182,-12.127159,-0.878739,0.878739
12.510000,-0.009758,0.291891,-0.558734,2.154229,1.105528,-12.985100,-0.874815,0.874815
12.520000,-0.013545,0.270716,-0.581030,1.875818,1.298459,-13.735133,-0.867461,0.867461
12.530000,-0.021594,0.296363,-0.568304,2.044463,1.261420,-14.113087,-0.856724,0.856724
12.540000,-0.027390,0.369769,-0.535975,1.763561,1.547607,-12.362562,-0.842663,0.842663
12.550000,-0.032793,0.323850,-0.571685,1.552345,1.462990,-15.098830,-0.825349,0.825349
12.560000,-0.035938,0.370479,-0.541613,1.424729,1.605054,-15.657562,-0.804867,0.804867
12.570000,-0.039916,0.364910,-0.533704,1.398257,1.666543,-14.547829,-0.781313,0.781313
12.580000,-0.048108,0.400669,-0.475214,1.251306,1.767824,-16.288012,-0.754797,0.754797
12.590000,-0.052533,0.375654,-0.463301,1.060677,1.918017,-16.410230,-0.725436,0.725436
12.600000,-0.055929,0.391228,-0.439431,0.920622,2.271942,-16.459868,-0.693362,0.693362
12.610000,-0.059453,0.423752,-0.419229,0.781129,2.498713,-16.887190,-0.658714,0.658714
12.620000,-0.064124,0.423001,-0.399624,0.630775,2.589711,-16.347953,-0.621641,0.621641
12.630000,-0.070949,0.427057,-0.381717,0.478642,2.392653,-17.276944,-0.582302,0.582302
12.640000,-0.073995,0.406762,-0.363200,0.257438,2.705861,-15.929606,-0.540864,0.540864
12.650000,-0.077188,0.455050,-0.335434,0.128915,2.871110,-17.526620,-0.497499,0.497499
12.660000,-0.079731,0.408265,-0.300785,-0.052909,2.912910,-16.748801,-0.452389,0.452389
12.670000,-0.084603,0.409962,-0.246758,-0.224277,3.374178,-17.095674,-0.405721,0.405721
12.680000,-0.083146,0.430152,-0.224881,-0.355947,3.033575,-16.590281,-0.357685,0.357685
12.690000,-0.083302,0.421912,-0.172720,-0.617400,3.329410,-16.366899,-0.308479,0.308479
12.700000,-0.091296,0.429115,-0.143589,-0.763776,3.447732,-18.386584,-0.258302,0.258302
12.710000,-0.089923,0.408527,-0.113895,-0.990448,3.414209,-17.441428,-0.207356,0.207356
12.720000,-0.090118,0.446392,-0.081677,-0.991432,3.706110,-16.582526,-0.155847,0.155847
12.730000,-0.080933,0.390521,-0.048757,-1.232008,3.761123,-17.079176,-0.103981,0.103981
12.740000,-0.081071,0.392954,-0.013762,-1.501968,3.571163,-15.385193,-0.051963,0.051963
12.750000,-0.092915,0.372664,0.023265,-1.508035,3.958001,-14.840186,-0.000000,0.000000
12.760000,-0.088701,0.332543,0.053938,-1.762694,3.813420,-14.605942,0.051704,-0.051704
12.770000,-0.088886,0.354582,0.086947,-2.021227,3.189530,-13.135475,0.102946,-0.102946
12.780000,-0.094207,0.314714,0.126367,-2.002879,3.205609,-13.632135,0.153527,-0.153527
12.790000,-0.081568,0.285869,0.162729,-2.294352,3.171899,-11.992106,0.203250,-0.203250
12.800000,-0.077379,0.266268,0.193930,-2.050146,3.177019,-10.470855,0.251924,-0.251924
12.810000,-0.076479,0.235446,0.206786,-2.303434,3.170312,-10.596036,0.299362,-0.299362
12.820000,-0.085548,0.208925,0.248296,-2.567434,3.045062,-8.499583,0.345383,-0.345383
12.830000,-0.084249,0.220174,0.278994,-2.561833,2.992033,-7.231461,0.389812,-0.389812
12.840000,-0.076211,0.176073,0.344298,-2.606128,2.384221,-5.971284,0.432483,-0.432483
12.850000,-0.064071,0.165200,0.347279,-2.827273,2.364172,-5.379410,0.473236,-0.473236
12.860000,-0.061407,0.123020,0.366194,-2.722497,2.066431,-3.473288,0.511919,-0.511919
12.870000,-0.063313,0.110712,0.388491,-2.983430,1.663687,-2.438231,0.548392,-0.548392
12.880000,-0.064022,0.072034,0.419291,-2.674092,1.686732,-1.015931,0.582520,-0.582520
12.890000,-0.060617,0.046757,0.404901,-2.516405,1.391281,0.355405,0.614181,-0.614181
12.900000,-0.048879,0.018378,0.418052,-2.675030,1.136373,1.667813,0.643262,-0.643262
12.910000,-0.042612,-0.008227,0.408286,-2.711679,0.846220,2.703653,0.669662,-0.669662
12.920000,-0.046084,-0.034335,0.455463,-2.593363,0.596116,3.889791,0.693290,-0.693290
12.930000,-0.035890,-0.059088,0.446156,-2.847564,0.446966,4.647136,0.714067,-0.714067
12.940000,-0.034165,-0.079550,0.433676,-2.784910,0.274561,5.821805,0.731924,-0.731924
12.950000,-0.027898,-0.115410,0.468109,-2.593071,0.103135,7.445064,0.746806,-0.746806
12.960000,-0.022777,-0.149603,0.443904,-2.649393,-0.069472,8.291194,0.758670,-0.758670
12.970000,-0.021159,-0.162855,0.470681,-2.140469,-0.206148,8.202542,0.767483,-0.767483
12.980000,-0.014852,-0.181364,0.471960,-2.073025,-0.332193,8.677855,0.773226,-0.773226
12.990000,-0.011202,-0.191577,0.459470,-2.087824,-0.467868,9.547198,0.775891,-0.775891
13.000000,-0.007232,-0.226049,0.439375,-2.008667,-0.592548,9.871767,0.775484,-0.775484
13.010000,-0.002415,-0.230896,0.413892,-1.919768,-0.724647,10.849511,0.772021,-0.772021
13.020000,0.001654,-0.275456,0.391187,-1.916356,-0.791628,10.375708,0.765532,-0.765532
13.030000,0.006149,-0.286015,0.423797,-1.720784,-0.957857,11.694765,0.756056,-0.756056
13.040000,0.010497,-0.286797,0.379263,-1.744027,-1.115458,11.426279,0.743647,-0.743647
13.050000,0.014355,-0.319839,0.371851,-1.625206,-1.218237,11.468872,0.728368,-0.728368
13.060000,0.019034,-0.360573,0.377811,-1.418506,-1.319016,13.226876,0.710292,-0.710292
13.070000,0.021654,-0.361563,0.402564,-1.351052,-1.396458,13.988793,0.689506,-0.689506
13.080000,0.025313,-0.353879,0.363998,-1.056756,-1.340036,14.783437,0.666106,-0.666106
13.090000,0.027076,-0.366793,0.314955,-1.032994,-1.658813,14.053968,0.640195,-0.640195
13.100000,0.031150,-0.395829,0.352775,-0.877075,-1.626703,14.302274,0.611890,-0.611890
13.110000,0.032585,-0.351691,0.303880,-0.701089,-1.828124,13.629893,0.581313,-0.581313
13.120000,0.035617,-0.384623,0.304835,-0.510355,-1.759309,16.004498,0.548596,-0.548596
13.130000,0.037761,-0.399701,0.263597,-0.374638,-1.828059,13.555792,0.513880,-0.513880
13.140000,0.046437,-0.425647,0.270671,-0.241086,-2.232078,15.828480,0.477311,-0.477311
13.150000,0.049883,-0.394196,0.224461,-0.092911,-2.080271,15.097731,0.439041,-0.439041
13.160000,0.048311,-0.399183,0.203778,0.048115,-2.213432,14.692100,0.399232,-0.399232
13.170000,0.047423,-0.371657,0.176427,0.207766,-2.470596,14.998499,0.358047,-0.358047
13.180000,0.046648,-0.407954,0.163554,0.372289,-2.367321,15.616712,0.315656,-0.315656
13.190000,0.048254,-0.374777,0.133213,0.502490,-2.303468,15.679079,0.272232,-0.272232
13.200000,0.059551,-0.386459,0.115098,0.665451,-2.785295,15.294440,0.227951,-0.227951
13.210000,0.058512,-0.408050,0.083745,0.787268,-2.711613,14.053698,0.182991,-0.182991
13.220000,0.053664,-0.389330,0.055083,0.961998,-2.723193,15.165532,0.137535,-0.137535
13.230000,0.061255,-0.389630,0.030414,1.149360,-2.440217,14.017971,0.091763,-0.091763
13.240000,0.057173,-0.382582,0.001970,1.228809,-2.586657,13.465386,0.045857,-0.045857
13.250000,0.059246,-0.302306,-0.026547,1.299700,-2.737890,14.454048,0.000000,-0.000000
13.260000,0.057959,-0.305458,-0.056765,1.497487,-2.718035,13.710538,-0.045629,0.045629
13.270000,0.055166,-0.275784,-0.084360,1.663829,-2.900430,12.159559,-0.090850,0.090850
13.280000,0.055395,-0.280454,-0.097964,1.905872,-2.443601,10.612334,-0.135487,0.135487
13.290000,0.051805,-0.256737,-0.128975,1.851494,-2.458920,10.197908,-0.179368,0.179368
13.300000,0.049737,-0.270051,-0.142560,2.114477,-2.643063,9.945059,-0.222322,0.222322
13.310000,0.051874,-0.224899,-0.187220,1.958429,-2.204355,8.307507,-0.264186,0.264186
13.320000,0.044075,-0.198263,-0.199462,2.301735,-2.304237,7.679069,-0.304799,0.304799
13.330000,0.046190,-0.205542,-0.211974,2.413073,-2.054118,7.257644,-0.344008,0.344008
13.340000,0.039405,-0.150186,-0.240026,2.440585,-1.818152,5.457710,-0.381665,0.381665
13.350000,0.040990,-0.141751,-0.252007,2.523350,-1.546964,4.659645,-0.417629,0.417629
13.360000,0.038089,-0.121052,-0.272938,2.423583,-1.365016,3.169926,-0.451767,0.451767
13.370000,0.035015,-0.091361,-0.286806,2.315659,-1.258667,2.342209,-0.483954,0.483954
13.380000,0.032150,-0.075729,-0.325112,2.210415,-0.998286,1.087851,-0.514072,0.514072
13.390000,0.031236,-0.047368,-0.296912,2.602578,-0.925801,-0.110252,-0.542013,0.542013
13.400000,0.024888,-0.020513,-0.337483,2.551013,-0.666875,-1.123921,-0.567677,0.567677
13.410000,0.024620,0.001412,-0.353706,2.516598,-0.496925,-2.025202,-0.590975,0.590975
13.420000,0.022078,0.025802,-0.329954,2.132094,-0.352285,-3.217133,-0.611826,0.611826
13.430000,0.017291,0.048864,-0.331163,2.176257,-0.186646,-4.300390,-0.630161,0.630161
13.440000,0.013439,0.072749,-0.327808,2.138524,-0.035659,-5.290173,-0.645921,0.645921
13.450000,0.009342,0.089081,-0.309530,2.082733,0.114315,-5.872983,-0.659054,0.659054
13.460000,0.006760,0.108985,-0.314912,2.124238,0.230308,-7.006858,-0.669524,0.669524
13.470000,0.003718,0.126652,-0.334630,2.279116,0.365006,-7.296704,-0.677301,0.677301
13.480000,0.000477,0.153050,-0.346083,2.213057,0.517558,-7.822894,-0.682369,0.682369
13.490000,-0.002929,0.183790,-0.294067,1.917805,0.578660,-8.964418,-0.684722,0.684722
13.500000,-0.005613,0.200032,-0.338475,1.743961,0.654095,-9.277396,-0.684362,0.684362
13.510000,-0.009176,0.218491,-0.305942,1.864581,0.869688,-8.862264,-0.681307,0.681307
13.520000,-0.012409,0.238578,-0.265167,1.715728,0.932321,-9.570744,-0.675580,0.675580
13.530000,-0.016084,0.260860,-0.285699,1.477535,0.995742,-9.813613,-0.667217,0.667217
13.540000,-0.017319,0.252316,-0.282547,1.364939,1.149599,-9.843849,-0.656266,0.656266
13.550000,-0.019175,0.299521,-0.284922,1.463472,1.196756,-11.315973,-0.642782,0.642782
13.560000,-0.022270,0.318752,-0.263071,1.249168,1.129936,-12.585064,-0.626831,0.626831
13.570000,-0.023268,0.325647,-0.252067,1.088858,1.197183,-12.451786,-0.608487,0.608487
13.580000,-0.029997,0.319221,-0.238323,1.054238,1.382073,-11.571324,-0.587836,0.587836
13.590000,-0.028000,0.354367,-0.218978,0.922376,1.311749,-13.368268,-0.564970,0.564970
13.600000,-0.030534,0.308523,-0.204216,0.805830,1.440288,-12.840070,-0.539991,0.539991
13.610000,-0.036084,0.310250,-0.177238,0.585532,1.508662,-12.913871,-0.513007,0.513007
13.620000,-0.037601,0.312689,-0.180669,0.450314,1.798036,-12.046050,-0.484135,0.484135
13.630000,-0.035264,0.357944,-0.153535,0.359942,1.681972,-14.292338,-0.453497,0.453497
13.640000,-0.037141,0.352890,-0.136676,0.232765,1.877986,-12.951727,-0.421225,0.421225
13.650000,-0.042786,0.348948,-0.107074,0.089518,2.019539,-13.413442,-0.387453,0.387453
13.660000,-0.042888,0.318271,-0.089402,-0.032503,1.996630,-13.025600,-0.352321,0.352321
13.670000,-0.044612,0.325841,-0.069455,-0.170115,2.041116,-13.104621,-0.315976,0.315976
13.680000,-0.038988,0.328993,-0.057421,-0.301089,1.893101,-14.550664,-0.278566,0.278566
13.690000,-0.040840,0.375087,-0.029157,-0.434331,1.942587,-13.606851,-0.240244,0.240244
13.700000,-0.045210,0.307782,-0.009941,-0.604143,2.226629,-14.184104,-0.201166,0.201166
13.710000,-0.040742,0.335879,0.010218,-0.658517,2.299473,-12.688813,-0.161489,0.161489
13.720000,-0.041877,0.339033,0.033718,-0.791641,2.231793,-13.426137,-0.121374,0.121374
13.730000,-0.039317,0.310036,0.048972,-0.965630,2.014518,-11.704926,-0.080980,0.080980
13.740000,-0.041575,0.280785,0.071594,-1.107001,1.933274,-12.775725,-0.040469,0.040469
13.750000,-0.038864,0.291012,0.099614,-1.216416,2.170449,-11.882290,0.000000,-0.000000
13.760000,-0.037133,0.263697,0.127922,-1.421096,2.132752,-10.491810,0.040267,-0.040267
13.770000,-0.040083,0.296473,0.128487,-1.523098,1.855802,-10.416110,0.080175,-0.080175
13.780000,-0.037239,0.275575,0.148090,-1.488855,1.988997,-10.439696,0.119567,-0.119567
13.790000,-0.036768,0.217579,0.184048,-1.748786,2.005991,-8.513381,0.158292,-0.158292
13.800000,-0.035343,0.239897,0.188026,-1.812350,1.889740,-7.787574,0.196199,-0.196199
13.810000,-0.033254,0.190277,0.212638,-1.607774,1.803861,-7.285263,0.233143,-0.233143
13.820000,-0.031685,0.190893,0.222928,-1.956416,1.698781,-6.153949,0.268984,-0.268984
13.830000,-0.028086,0.155324,0.226969,-1.997133,1.481044,-6.407747,0.303586,-0.303586
13.840000,-0.022997,0.139617,0.273239,-1.849219,1.346306,-5.072152,0.336818,-0.336818
13.850000,-0.021943,0.131022,0.284729,-2.003524,1.254740,-4.220520,0.368556,-0.368556
13.860000,-0.018665,0.106110,0.298478,-1.886444,1.024265,-3.217803,0.398683,-0.398683
13.870000,-0.014831,0.089698,0.277964,-2.228492,0.761617,-2.173454,0.427088,-0.427088
13.880000,-0.012428,0.065186,0.309937,-1.947108,0.638774,-1.165948,0.453667,-0.453667
13.890000,-0.009887,0.042749,0.285421,-1.967142,0.475248,-0.150872,0.478324,-0.478324
13.900000,-0.007316,0.026011,0.315171,-2.038239,0.349162,0.794667,0.500973,-0.500973
13.910000,-0.003856,0.003479,0.312968,-2.285438,0.185768,1.598699,0.521533,-0.521533
13.920000,-0.000595,-0.018591,0.317774,-2.223420,0.036684,2.443752,0.539935,-0.539935
13.930000,0.002260,-0.040531,0.338332,-1.894310,-0.103572,3.559538,0.556116,-0.556116
13.940000,0.005051,-0.061082,0.295573,-2.177006,-0.266751,4.328127,0.570023,-0.570023
13.950000,0.009252,-0.074669,0.317152,-2.067216,-0.403823,5.104720,0.581613,-0.581613
13.960000,0.010877,-0.105848,0.275581,-2.081863,-0.470460,5.797316,0.590853,-0.590853
13.970000,0.013593,-0.115304,0.292748,-1.908549,-0.574914,5.704665,0.597716,-0.597716
13.980000,0.018727,-0.136511,0.262779,-1.784857,-0.766754,6.257843,0.602189,-0.602189
13.990000,0.019797,-0.162490,0.282892,-1.574665,-0.781841,7.394173,0.604265,-0.604265
14.000000,0.023276,-0.158819,0.288256,-1.546978,-0.981643,7.816263,0.603948,-0.603948
14.010000,0.024636,-0.187796,0.266778,-1.454374,-0.969163,8.622271,0.601251,-0.601251
14.020000,0.028331,-0.215614,0.242907,-1.384699,-1.011156,9.501863,0.596197,-0.596197
14.030000,0.030739,-0.209069,0.231636,-1.376915,-1.117882,10.029125,0.588817,-0.588817
14.040000,0.031165,-0.221081,0.208090,-1.300439,-1.185257,9.511702,0.579153,-0.579153
14.050000,0.033011,-0.227253,0.214253,-1.254135,-1.333253,10.717356,0.567253,-0.567253
14.060000,0.039886,-0.246864,0.183004,-1.175721,-1.424054,9.287797,0.553176,-0.553176
14.070000,0.037073,-0.266832,0.173886,-0.897527,-1.329178,11.357414,0.536988,-0.536988
14.080000,0.037390,-0.244721,0.174018,-0.800008,-1.399605,10.372610,0.518764,-0.518764
14.090000,0.046189,-0.306032,0.160711,-0.717962,-1.723009,9.946840,0.498585,-0.498585
14.100000,0.041832,-0.275100,0.141307,-0.703077,-1.558396,11.362118,0.476540,-0.476540
14.110000,0.046664,-0.301630,0.126986,-0.508787,-1.552836,10.767427,0.452727,-0.452727
14.120000,0.044077,-0.301275,0.098439,-0.396193,-1.921516,10.752647,0.427247,-0.427247
14.130000,0.044885,-0.293887,0.088170,-0.319306,-1.644224,12.577682,0.400210,-0.400210
14.140000,0.051003,-0.313845,0.066584,-0.181927,-1.931089,11.810636,0.371730,-0.371730
14.150000,0.046807,-0.282463,0.051821,-0.080478,-1.731331,10.901419,0.341926,-0.341926
14.160000,0.051663,-0.297522,0.034223,0.035017,-2.070283,12.433799,0.310922,-0.310922
14.170000,0.050215,-0.328566,0.013328,0.148251,-1.800273,10.946689,0.278848,-0.278848
14.180000,0.051890,-0.300583,-0.008196,0.259018,-2.031072,12.130027,0.245833,-0.245833
14.190000,0.048659,-0.286915,-0.026613,0.372545,-2.041874,10.840817,0.212014,-0.212014
14.200000,0.048992,-0.318939,-0.046729,0.480017,-2.020568,10.823491,0.177528,-0.177528
14.210000,0.047472,-0.309921,-0.070983,0.667356,-2.087002,12.002184,0.142514,-0.142514
14.220000,0.052344,-0.309415,-0.091311,0.686634,-2.089871,11.049850,0.107112,-0.107112
14.230000,0.050415,-0.276561,-0.107102,0.856395,-2.071310,11.006852,0.071465,-0.071465
14.240000,0.045618,-0.277580,-0.141135,0.925264,-1.936687,11.250853,0.035714,-0.035714
14.250000,0.040781,-0.275983,-0.161806,0.989181,-1.892221,10.244471,0.000000,-0.000000
14.260000,0.041852,-0.255104,-0.183335,1.091721,-1.847728,9.968485,-0.035536,0.035536
14.270000,0.038708,-0.233251,-0.179469,1.110806,-1.786421,9.711678,-0.070754,0.070754
14.280000,0.039897,-0.216373,-0.221557,1.449177,-1.754171,8.833230,-0.105518,0.105518
14.290000,0.034242,-0.205058,-0.224568,1.317217,-1.589559,7.998546,-0.139692,0.139692
14.300000,0.036534,-0.198677,-0.239813,1.396798,-1.484588,6.557779,-0.173145,0.173145
14.310000,0.032073,-0.181483,-0.242375,1.581310,-1.445184,6.125655,-0.205748,0.205748
14.320000,0.027919,-0.159793,-0.294003,1.484320,-1.238025,5.969856,-0.237378,0.237378
14.330000,0.027772,-0.133813,-0.300272,1.750704,-1.190905,4.536874,-0.267914,0.267914
14.340000,0.026030,-0.119175,-0.288119,1.585775,-1.035900,4.548831,-0.297241,0.297241
14.350000,0.022774,-0.119984,-0.324505,1.601935,-0.939818,3.742788,-0.325250,0.325250
14.360000,0.016537,-0.085265,-0.311353,1.734289,-0.924284,2.497698,-0.351837,0.351837
14.370000,0.016136,-0.077188,-0.346715,1.627276,-0.697329,1.764556,-0.376904,0.376904
14.380000,0.012078,-0.061704,-0.319846,1.917688,-0.594763,1.035260,-0.400360,0.400360
14.390000,0.009151,-0.035409,-0.307541,1.879202,-0.451904,0.187807,-0.422120,0.422120
14.400000,0.004953,-0.018836,-0.356401,1.859597,-0.292086,-0.576119,-0.442107,0.442107
14.410000,0.001958,-0.002170,-0.322748,1.923050,-0.116970,-1.387689,-0.460252,0.460252
14.420000,-0.001454,0.014633,-0.318354,1.688420,0.010990,-1.956040,-0.476491,0.476491
14.430000,-0.005200,0.033583,-0.327804,1.803526,0.145759,-3.021526,-0.490770,0.490770
14.440000,-0.008040,0.047778,-0.352052,1.753563,0.251905,-3.552149,-0.503043,0.503043
14.450000,-0.010639,0.061711,-0.334394,1.663744,0.372600,-4.100009,-0.513272,0.513272
14.460000,-0.014810,0.090393,-0.332518,1.631574,0.538321,-4.937852,-0.521426,0.521426
14.470000,-0.019890,0.102430,-0.294021,1.733935,0.628620,-5.057251,-0.527483,0.527483
14.480000,-0.022866,0.128314,-0.293576,1.676660,0.783954,-5.604238,-0.531430,0.531430
14.490000,-0.025598,0.130063,-0.328989,1.463960,0.795436,-6.365671,-0.533262,0.533262
14.500000,-0.026210,0.133148,-0.304162,1.297785,0.991657,-6.885431,-0.532982,0.532982
14.510000,-0.028431,0.153156,-0.295139,1.262437,0.968908,-7.639759,-0.530602,0.530602
14.520000,-0.030128,0.169361,-0.295247,1.345481,1.246933,-7.851487,-0.526142,0.526142
14.530000,-0.034873,0.180278,-0.289782,1.239088,1.175643,-7.708060,-0.519629,0.519629
14.540000,-0.035284,0.181652,-0.252413,1.169065,1.408314,-9.102406,-0.511101,0.511101
14.550000,-0.040055,0.210925,-0.227386,1.016645,1.382036,-8.670647,-0.500599,0.500599
14.560000,-0.039924,0.233045,-0.223544,0.891662,1.486328,-8.914437,-0.488176,0.488176
14.570000,-0.049337,0.237554,-0.225587,0.807338,1.497449,-8.416545,-0.473890,0.473890
14.580000,-0.044931,0.230718,-0.204080,0.818879,1.746349,-10.141442,-0.457807,0.457807
14.590000,-0.049811,0.250248,-0.186318,0.688960,1.769236,-10.508555,-0.439999,0.439999
14.600000,-0.051442,0.245349,-0.149875,0.547263,1.836269,-10.378857,-0.420545,0.420545
14.610000,-0.048135,0.266970,-0.147479,0.459901,1.602386,-9.392093,-0.399530,0.399530
14.620000,-0.048471,0.238085,-0.132978,0.381817,1.773522,-9.507736,-0.377044,0.377044
14.630000,-0.059540,0.270582,-0.104178,0.263366,1.886276,-9.258103,-0.353184,0.353184
14.640000,-0.061357,0.257952,-0.093269,0.157174,1.954993,-10.044119,-0.328050,0.328050
14.650000,-0.059509,0.283749,-0.062228,0.050415,1.812338,-10.743453,-0.301749,0.301749
14.660000,-0.059309,0.262687,-0.051720,-0.056269,1.910208,-11.049548,-0.274388,0.274388
14.670000,-0.058172,0.254823,-0.027962,-0.148427,2.056005,-9.444895,-0.246082,0.246082
14.680000,-0.059040,0.264106,-0.008162,-0.266023,1.927194,-9.894472,-0.216947,0.216947
14.690000,-0.060182,0.237110,0.013193,-0.381384,1.989374,-10.513660,-0.187102,0.187102
14.700000,-0.061300,0.252877,0.031687,-0.447790,1.873960,-10.729732,-0.156668,0.156668
14.710000,-0.058417,0.234604,0.050646,-0.506535,1.902247,-9.791743,-0.125768,0.125768
14.720000,-0.056555,0.258264,0.072907,-0.679203,2.099139,-8.732678,-0.094526,0.094526
14.730000,-0.060527,0.216354,0.086793,-0.713495,2.118872,-8.796930,-0.063068,0.063068
14.740000,-0.053431,0.215858,0.103896,-0.836710,1.823362,-8.689400,-0.031517,0.031517
14.750000,-0.051426,0.197293,0.128753,-0.872206,1.978068,-8.057380,-0.000000,0.000000
14.760000,-0.055926,0.218693,0.152449,-1.029279,1.745956,-8.457475,0.031360,-0.031360
14.770000,-0.052445,0.201202,0.166378,-1.123036,1.990250,-7.596625,0.062440,-0.062440
14.780000,-0.052098,0.202924,0.179371,-1.122157,1.697561,-7.666365,0.093119,-0.093119
14.790000,-0.045262,0.188306,0.211817,-1.188350,1.708798,-6.214302,0.123278,-0.123278
14.800000,-0.045366,0.171841,0.219311,-1.224508,1.560479,-5.893125,0.152800,-0.152800
14.810000,-0.042281,0.137022,0.253227,-1.360918,1.395064,-5.069309,0.181572,-0.181572
14.820000,-0.040124,0.143255,0.232624,-1.470746,1.268708,-4.594433,0.209485,-0.209485
14.830000,-0.040241,0.122085,0.240073,-1.517344,1.174677,-4.541721,0.236433,-0.236433
14.840000,-0.031031,0.108809,0.301503,-1.412742,1.234602,-3.877504,0.262314,-0.262314
14.850000,-0.029038,0.087598,0.293839,-1.433997,1.081010,-2.626179,0.287032,-0.287032
14.860000,-0.028156,0.072833,0.312628,-1.483186,0.988385,-2.264054,0.310495,-0.310495
14.870000,-0.024387,0.054509,0.317579,-1.680094,0.736945,-1.404322,0.332616,-0.332616
14.880000,-0.023013,0.044156,0.332506,-1.620357,0.751048,-0.793496,0.353316,-0.353316
14.890000,-0.019921,0.031152,0.305669,-1.601110,0.580058,-0.135161,0.372519,-0.372519
14.900000,-0.014907,0.013861,0.330136,-1.561227,0.420155,0.546186,0.390158,-0.390158
14.910000,-0.013423,-0.002856,0.338796,-1.506665,0.329100,1.249946,0.406171,-0.406171
14.920000,-0.008578,-0.019418,0.333021,-1.430306,0.189316,1.883403,0.420502,-0.420502
14.930000,-0.006494,-0.033715,0.345884,-1.671560,0.051202,2.357984,0.433103,-0.433103
14.940000,-0.002863,-0.048362,0.310809,-1.437788,-0.068667,2.728613,0.443934,-0.443934
14.950000,0.000641,-0.065217,0.323057,-1.596848,-0.195379,3.543477,0.452961,-0.452961
14.960000,0.003569,-0.086800,0.355147,-1.565553,-0.271100,4.383460,0.460156,-0.460156
14.970000,0.006534,-0.090211,0.349570,-1.530275,-0.449532,4.475469,0.465502,-0.465502
14.980000,0.010490,-0.109843,0.328199,-1.254633,-0.506947,5.267993,0.468985,-0.468985
14.990000,0.012745,-0.126718,0.296719,-1.301437,-0.633652,5.296486,0.470602,-0.470602
15.000000,0.015359,-0.129068,0.313846,-1.162398,-0.768613,5.525887,0.470355,-0.470355
15.010000,0.019237,-0.130805,0.272561,-1.146141,-0.889448,6.561151,0.468255,-0.468255
15.020000,0.023436,-0.169687,0.266015,-1.032357,-0.998662,6.958400,0.464319,-0.464319
15.030000,0.027929,-0.152738,0.309103,-0.963790,-1.045163,6.655245,0.458571,-0.458571
15.040000,0.030055,-0.191816,0.275501,-0.888316,-1.102509,7.365121,0.451045,-0.451045
15.050000,0.028440,-0.188513,0.246715,-0.910850,-1.101969,7.996896,0.441777,-0.441777
15.060000,0.034372,-0.182225,0.270957,-0.767932,-1.204880,8.257823,0.430814,-0.430814
15.070000,0.036007,-0.186205,0.230796,-0.670897,-1.237920,7.540403,0.418207,-0.418207
15.080000,0.035667,-0.198883,0.227601,-0.633520,-1.327160,8.757850,0.404014,-0.404014
15.090000,0.041332,-0.196584,0.229873,-0.536158,-1.344142,9.365313,0.388298,-0.388298
15.100000,0.046331,-0.212366,0.198221,-0.485456,-1.458295,8.247269,0.371130,-0.371130
15.110000,0.045655,-0.213559,0.188705,-0.348981,-1.557319,9.763876,0.352584,-0.352584
15.120000,0.045822,-0.229202,0.176421,-0.274499,-1.479792,9.490641,0.332741,-0.332741
15.130000,0.045582,-0.248374,0.134085,-0.205494,-1.796478,9.308808,0.311684,-0.311684
15.140000,0.045565,-0.232294,0.119150,-0.120747,-1.813661,9.014984,0.289503,-0.289503
15.150000,0.052890,-0.212865,0.106287,-0.019313,-1.787298,9.203167,0.266292,-0.266292
15.160000,0.047321,-0.222344,0.094471,0.076665,-1.920092,9.291163,0.242147,-0.242147
15.170000,0.053040,-0.227420,0.081087,0.176949,-1.919777,9.455607,0.217167,-0.217167
15.180000,0.051233,-0.226912,0.059951,0.274863,-1.999102,8.675766,0.191455,-0.191455
15.190000,0.049416,-0.211022,0.040478,0.359489,-2.016870,8.689358,0.165117,-0.165117
15.200000,0.050267,-0.238512,0.019494,0.462456,-1.994053,8.821242,0.138259,-0.138259
15.210000,0.054015,-0.201319,0.001065,0.494076,-1.972023,8.632460,0.110990,-0.110990
15.220000,0.052534,-0.224700,-0.016969,0.641378,-1.731407,8.902521,0.083419,-0.083419
15.230000,0.048857,-0.202060,-0.038570,0.626487,-1.902362,8.163561,0.055657,-0.055657
15.240000,0.050972,-0.200978,-0.058613,0.714598,-1.722145,8.249813,0.027814,-0.027814
15.250000,0.056968,-0.183998,-0.071967,0.762248,-1.646375,7.564046,0.000000,-0.000000
15.260000,0.050376,-0.195177,-0.084872,0.971130,-1.911812,7.195540,-0.027675,0.027675
15.270000,0.047905,-0.157489,-0.099393,0.950664,-1.576403,7.059225,-0.055103,0.055103
15.280000,0.049518,-0.155066,-0.123040,0.998193,-1.608347,5.968436,-0.082177,0.082177
15.290000,0.050842,-0.161678,-0.133017,1.035432,-1.696995,5.966021,-0.108792,0.108792
15.300000,0.046689,-0.136124,-0.165520,1.091811,-1.591128,5.145086,-0.134845,0.134845
15.310000,0.047915,-0.136155,-0.186505,1.231528,-1.454329,5.007511,-0.160237,0.160237
15.320000,0.040633,-0.117707,-0.185477,1.248961,-1.486136,3.942039,-0.184870,0.184870
15.330000,0.039762,-0.095853,-0.196076,1.367718,-1.348189,3.708991,-0.208651,0.208651
15.340000,0.039933,-0.095872,-0.227097,1.412253,-1.259417,3.266901,-0.231492,0.231492
15.350000,0.040519,-0.078057,-0.203065,1.416203,-1.052917,2.475560,-0.253305,0.253305
15.360000,0.036338,-0.061852,-0.223055,1.479519,-1.030950,1.825788,-0.274011,0.274011
15.370000,0.032649,-0.051402,-0.232107,1.298755,-0.859289,1.328573,-0.293533,0.293533
15.380000,0.030276,-0.032257,-0.274086,1.448987,-0.800001,0.613045,-0.311800,0.311800
15.390000,0.028418,-0.019707,-0.275507,1.456522,-0.701978,0.072045,-0.328747,0.328747
15.400000,0.024104,-0.007544,-0.292662,1.440386,-0.595713,-0.539671,-0.344313,0.344313
15.410000,0.022217,0.006370,-0.254701,1.472564,-0.431382,-1.042887,-0.358444,0.358444
15.420000,0.018823,0.021124,-0.275081,1.323630,-0.344364,-1.778231,-0.371091,0.371091
15.430000,0.017722,0.034753,-0.305572,1.272269,-0.281041,-2.019302,-0.382212,0.382212
15.440000,0.013624,0.044335,-0.270986,1.388284,-0.166591,-2.594530,-0.391771,0.391771
15.450000,0.011477,0.060195,-0.260308,1.324312,-0.044562,-3.455403,-0.399737,0.399737
15.460000,0.007209,0.077821,-0.290293,1.318027,0.055888,-3.967937,-0.406087,0.406087
15.470000,0.005375,0.078836,-0.308776,1.337099,0.135732,-4.072065,-0.410804,0.410804
15.480000,0.002293,0.091818,-0.285098,1.193896,0.237940,-4.802624,-0.413878,0.413878
15.490000,-0.000662,0.105278,-0.254091,1.223934,0.360284,-5.023681,-0.415305,0.415305
15.500000,-0.003667,0.123854,-0.264779,1.031888,0.395291,-5.624010,-0.415087,0.415087
15.510000,-0.006110,0.136269,-0.289532,1.051728,0.549072,-5.340632,-0.413233,0.413233
15.520000,-0.009486,0.133861,-0.239941,1.041853,0.577056,-6.021532,-0.409760,0.409760
15.530000,-0.011480,0.157537,-0.253096,0.834370,0.618712,-6.687344,-0.404688,0.404688
15.540000,-0.013267,0.154661,-0.237557,0.905445,0.705971,-6.058270,-0.398046,0.398046
15.550000,-0.016326,0.174848,-0.228472,0.803184,0.917917,-6.825659,-0.389867,0.389867
15.560000,-0.020066,0.187357,-0.227004,0.692720,0.864369,-6.620135,-0.380192,0.380192
15.570000,-0.021452,0.184927,-0.214027,0.669270,1.030893,-7.673019,-0.369066,0.369066
15.580000,-0.022617,0.174486,-0.218541,0.596518,1.138670,-7.769519,-0.356541,0.356541
15.590000,-0.024230,0.210778,-0.187260,0.442624,1.053332,-7.218673,-0.342672,0.342672
15.600000,-0.026792,0.191548,-0.187118,0.423963,1.189495,-7.656867,-0.327521,0.327521
15.610000,-0.030240,0.190792,-0.185122,0.298805,1.350767,-7.594794,-0.311154,0.311154
15.620000,-0.030310,0.209617,-0.155620,0.226147,1.394902,-7.329602,-0.293642,0.293642
15.630000,-0.031182,0.208684,-0.146535,0.176856,1.322006,-8.139644,-0.275060,0.275060
15.640000,-0.036450,0.213134,-0.143424,0.080906,1.345490,-7.543414,-0.255486,0.255486
15.650000,-0.033259,0.198431,-0.123726,0.003531,1.285431,-8.203036,-0.235002,0.235002
15.660000,-0.039535,0.226379,-0.108088,-0.085989,1.379509,-8.904619,-0.213694,0.213694
15.670000,-0.038757,0.189408,-0.105501,-0.152971,1.600286,-8.764417,-0.191649,0.191649
15.680000,-0.037457,0.192239,-0.089129,-0.245365,1.654869,-8.106255,-0.168959,0.168959
15.690000,-0.036345,0.201018,-0.064013,-0.322849,1.634458,-8.371259,-0.145715,0.145715
15.700000,-0.041554,0.213265,-0.051690,-0.373632,1.593083,-8.383985,-0.122013,0.122013
15.710000,-0.043294,0.180497,-0.031599,-0.517860,1.578457,-7.714881,-0.097948,0.097948
15.720000,-0.040070,0.174601,-0.019866,-0.575877,1.667784,-7.221296,-0.073617,0.073617
15.730000,-0.037653,0.183992,-0.003992,-0.600988,1.591536,-7.205005,-0.049117,0.049117
15.740000,-0.042411,0.191562,0.010820,-0.669394,1.601814,-6.642985,-0.024546,0.024546
15.750000,-0.043173,0.174889,0.026253,-0.825276,1.566037,-5.886741,0.000000,-0.000000
15.760000,-0.042520,0.171951,0.043134,-0.822163,1.360688,-6.341310,0.024423,-0.024423
15.770000,-0.043132,0.139814,0.055986,-0.820027,1.562881,-6.065390,0.048628,-0.048628
15.780000,-0.036792,0.149164,0.064543,-1.022770,1.498370,-4.947656,0.072521,-0.072521
15.790000,-0.037632,0.141498,0.082411,-0.891997,1.249526,-5.260874,0.096009,-0.096009
15.800000,-0.036012,0.119980,0.106107,-1.048138,1.381155,-4.699330,0.119001,-0.119001
15.810000,-0.033574,0.114902,0.112082,-1.127123,1.256211,-4.423853,0.141409,-0.141409
15.820000,-0.037197,0.094878,0.134184,-1.068980,1.073773,-3.391911,0.163147,-0.163147
15.830000,-0.033525,0.100520,0.134553,-1.240144,1.034499,-2.917614,0.184134,-0.184134
15.840000,-0.031836,0.081443,0.151708,-1.141807,0.952805,-2.629627,0.204291,-0.204291
15.850000,-0.029046,0.069570,0.151903,-1.130700,0.872626,-2.263753,0.223541,-0.223541
15.860000,-0.026469,0.054710,0.157721,-1.129601,0.819576,-1.714209,0.241814,-0.241814
15.870000,-0.028979,0.043585,0.173611,-1.291876,0.732850,-1.159955,0.259042,-0.259042
15.880000,-0.024169,0.031458,0.164650,-1.223557,0.698332,-0.628719,0.275163,-0.275163
15.890000,-0.022856,0.017166,0.168597,-1.274107,0.611025,-0.073116,0.290118,-0.290118
15.900000,-0.019871,0.006231,0.174879,-1.330183,0.567157,0.429559,0.303855,-0.303855
15.910000,-0.021784,-0.005783,0.179532,-1.231234,0.463436,0.949108,0.316326,-0.316326
15.920000,-0.017919,-0.018752,0.213496,-1.185562,0.343037,1.327988,0.327487,-0.327487
15.930000,-0.015170,-0.031028,0.200618,-1.196784,0.292382,1.813611,0.337301,-0.337301
15.940000,-0.012682,-0.038787,0.199993,-1.114758,0.187250,2.312999,0.345736,-0.345736
15.950000,-0.012732,-0.059554,0.226746,-1.227411,0.120344,2.731882,0.352766,-0.352766
15.960000,-0.010231,-0.059776,0.210226,-1.029388,0.029444,2.969632,0.358370,-0.358370
15.970000,-0.007918,-0.077756,0.189463,-1.075009,-0.045596,3.428436,0.362533,-0.362533
15.980000,-0.005494,-0.096232,0.228002,-1.019705,-0.135581,4.033905,0.365246,-0.365246
15.990000,-0.003524,-0.097552,0.206048,-1.113184,-0.194086,4.057158,0.366505,-0.366505
16.000000,-0.001183,-0.104020,0.219093,-0.954288,-0.285316,4.347980,0.366313,-0.366313
16.010000,0.000682,-0.129033,0.196142,-1.014537,-0.384790,5.198771,0.364677,-0.364677
16.020000,0.002559,-0.129371,0.189616,-0.927064,-0.451619,5.479067,0.361612,-0.361612
16.030000,0.005005,-0.148092,0.183281,-0.763297,-0.453458,5.577891,0.357136,-0.357136
16.040000,0.006957,-0.148460,0.205678,-0.720696,-0.561075,5.968480,0.351274,-0.351274
16.050000,0.007839,-0.153244,0.178291,-0.738642,-0.638347,6.173587,0.344056,-0.344056
16.060000,0.010502,-0.141958,0.176748,-0.614211,-0.715595,6.134076,0.335518,-0.335518
16.070000,0.011648,-0.158838,0.177131,-0.524783,-0.729313,6.125801,0.325700,-0.325700
16.080000,0.013874,-0.172491,0.153951,-0.514554,-0.836673,6.163637,0.314646,-0.314646
16.090000,0.016157,-0.156692,0.157063,-0.414317,-0.863580,7.287467,0.302407,-0.302407
16.100000,0.017319,-0.167666,0.152579,-0.370235,-0.837339,7.699360,0.289036,-0.289036
16.110000,0.016531,-0.175387,0.143071,-0.270054,-0.995507,6.526067,0.274593,-0.274593
16.120000,0.017746,-0.200208,0.118593,-0.222406,-0.915512,6.962972,0.259139,-0.259139
16.130000,0.018848,-0.174878,0.120943,-0.161322,-1.024076,7.547907,0.242740,-0.242740
16.140000,0.023268,-0.183845,0.098588,-0.073782,-1.086010,6.604001,0.225466,-0.225466
16.150000,0.024622,-0.183358,0.088996,-0.006786,-1.142456,7.902338,0.207389,-0.207389
16.160000,0.021763,-0.174793,0.086979,0.068243,-1.206155,6.714752,0.188584,-0.188584
16.170000,0.023088,-0.175359,0.073014,0.124092,-1.120330,6.494590,0.169130,-0.169130
16.180000,0.026445,-0.187722,0.054283,0.214157,-1.171242,7.545150,0.149105,-0.149105
16.190000,0.025256,-0.193610,0.046929,0.305097,-1.118433,7.236455,0.128593,-0.128593
16.200000,0.027106,-0.194071,0.033211,0.376131,-1.202355,7.489026,0.107676,-0.107676
16.210000,0.024030,-0.186551,0.021274,0.440523,-1.204844,6.849876,0.086439,-0.086439
16.220000,0.024480,-0.168764,0.010464,0.441202,-1.260791,6.064612,0.064967,-0.064967
16.230000,0.027732,-0.181442,-0.000598,0.567357,-1.082425,6.749587,0.043346,-0.043346
16.240000,0.025533,-0.145604,-0.012359,0.651759,-1.197411,5.906878,0.021661,-0.021661
16.250000,0.024961,-0.145931,-0.024832,0.712150,-1.147398,5.789413,0.000000,-0.000000
16.260000,0.023383,-0.146139,-0.037038,0.657242,-1.230303,5.031950,-0.021553,0.021553
16.270000,0.027869,-0.149978,-0.044668,0.704261,-1.066856,5.087114,-0.042914,0.042914
16.280000,0.023114,-0.127329,-0.058921,0.909083,-0.979353,4.409635,-0.064000,0.064000
16.290000,0.023771,-0.132061,-0.073795,0.957274,-0.976362,4.666845,-0.084727,0.084727
16.300000,0.023605,-0.113454,-0.076607,0.940581,-0.949283,4.037523,-0.105018,0.105018
16.310000,0.022612,-0.108953,-0.085599,0.872490,-1.006417,3.662878,-0.124793,0.124793
16.320000,0.022510,-0.094505,-0.095130,0.912035,-0.874372,3.208414,-0.143977,0.143977
16.330000,0.021935,-0.082522,-0.109715,1.023338,-0.827348,3.050065,-0.162498,0.162498
16.340000,0.020402,-0.068767,-0.114998,1.069588,-0.776930,2.510228,-0.180286,0.180286
16.350000,0.020208,-0.064894,-0.111174,0.974354,-0.675069,2.025079,-0.197274,0.197274
16.360000,0.016697,-0.049741,-0.118359,1.096486,-0.668823,1.581669,-0.213400,0.213400
16.370000,0.014500,-0.042860,-0.124408,1.160972,-0.627478,0.999642,-0.228604,0.228604
16.380000,0.013566,-0.031559,-0.135139,1.155840,-0.459570,0.591815,-0.242830,0.242830
16.390000,0.013462,-0.017503,-0.146627,1.110571,-0.393811,0.114149,-0.256029,0.256029
16.400000,0.011434,-0.007369,-0.150511,1.034812,-0.342479,-0.326723,-0.268152,0.268152
16.410000,0.010637,0.002993,-0.143389,1.012368,-0.286498,-0.730030,-0.279157,0.279157
16.420000,0.008765,0.013294,-0.165223,1.135811,-0.199293,-1.306081,-0.289006,0.289006
16.430000,0.007374,0.026955,-0.147204,1.080382,-0.158060,-1.597182,-0.297667,0.297667
16.440000,0.005231,0.035774,-0.168302,1.129747,-0.081218,-2.204070,-0.305111,0.305111
16.450000,0.004098,0.047154,-0.161664,0.954622,-0.008386,-2.242315,-0.311315,0.311315
16.460000,0.002489,0.058076,-0.164306,1.021528,0.059332,-2.793319,-0.316261,0.316261
16.470000,0.000880,0.061975,-0.146556,0.986084,0.125734,-3.305189,-0.319934,0.319934
16.480000,-0.000796,0.072860,-0.151663,0.927428,0.182101,-3.292659,-0.322328,0.322328
16.490000,-0.002500,0.083047,-0.154428,0.848826,0.272878,-3.738608,-0.323440,0.323440
16.500000,-0.003506,0.094386,-0.152154,0.836369,0.339702,-4.293594,-0.323270,0.323270
16.510000,-0.005352,0.102598,-0.149992,0.771899,0.360599,-4.821178,-0.321826,0.321826
16.520000,-0.006624,0.099720,-0.137138,0.824796,0.431665,-4.528120,-0.319121,0.319121
16.530000,-0.008005,0.127237,-0.125027,0.771567,0.465473,-5.189605,-0.315171,0.315171
16.540000,-0.009777,0.129926,-0.140631,0.735437,0.557713,-4.869088,-0.309998,0.309998
16.550000,-0.011499,0.125625,-0.138767,0.615160,0.547380,-5.789983,-0.303629,0.303629
16.560000,-0.013009,0.144240,-0.116171,0.524012,0.649681,-6.093468,-0.296094,0.296094
16.570000,-0.011840,0.130996,-0.103427,0.568252,0.713767,-5.833668,-0.287429,0.287429
16.580000,-0.015006,0.143944,-0.097180,0.438847,0.657109,-6.324706,-0.277674,0.277674
16.590000,-0.016233,0.146131,-0.090577,0.379025,0.722599,-5.531408,-0.266873,0.266873
16.600000,-0.016622,0.148248,-0.092756,0.352953,0.825292,-6.462364,-0.255074,0.255074
16.610000,-0.016875,0.160514,-0.075210,0.289585,0.914959,-6.203493,-0.242327,0.242327
16.620000,-0.018180,0.146156,-0.071248,0.211204,0.947375,-5.887763,-0.228689,0.228689
16.630000,-0.019639,0.152087,-0.066070,0.150417,0.816796,-6.568894,-0.214217,0.214217
16.640000,-0.017901,0.179161,-0.059230,0.081727,0.963335,-5.982505,-0.198973,0.198973
16.650000,-0.019830,0.172818,-0.046435,0.016867,1.023017,-6.694604,-0.183020,0.183020
16.660000,-0.018984,0.174020,-0.036638,-0.043289,0.894747,-6.212077,-0.166425,0.166425
16.670000,-0.018506,0.165596,-0.025263,-0.115371,0.900530,-5.855783,-0.149256,0.149256
16.680000,-0.022027,0.170485,-0.019261,-0.180033,0.962225,-6.457271,-0.131585,0.131585
16.690000,-0.020101,0.153000,-0.007103,-0.246483,1.047774,-5.712748,-0.113483,0.113483
16.700000,-0.022780,0.167511,0.002247,-0.326854,0.897790,-6.052201,-0.095024,0.095024
16.710000,-0.018765,0.145419,0.010980,-0.322909,1.075308,-6.170441,-0.076282,0.076282
16.720000,-0.021225,0.148707,0.023830,-0.408028,1.057453,-6.246282,-0.057333,0.057333
16.730000,-0.022081,0.143460,0.029842,-0.489692,0.934332,-5.594259,-0.038252,0.038252
16.740000,-0.020866,0.146500,0.038177,-0.479795,0.926675,-5.552423,-0.019116,0.019116
16.750000,-0.020943,0.133425,0.047022,-0.541098,0.951946,-4.985719,-0.000000,0.000000
16.760000,-0.018990,0.139571,0.059979,-0.646326,0.961005,-5.248295,0.019021,-0.019021
16.770000,-0.016491,0.130733,0.063805,-0.737545,0.876722,-4.236705,0.037872,-0.037872
16.780000,-0.016987,0.106047,0.076741,-0.650617,0.842385,-3.880807,0.056480,-0.056480
16.790000,-0.016085,0.118021,0.086511,-0.746680,0.776334,-4.264930,0.074772,-0.074772
16.800000,-0.016784,0.100160,0.091478,-0.822826,0.733536,-3.418010,0.092678,-0.092678
16.810000,-0.014235,0.101536,0.102360,-0.751396,0.686888,-3.298617,0.110129,-0.110129
16.820000,-0.014445,0.092566,0.115826,-0.936192,0.633712,-2.855815,0.127059,-0.127059
16.830000,-0.013799,0.075800,0.105043,-0.891088,0.657610,-2.641777,0.143404,-0.143404
16.840000,-0.012081,0.062332,0.130470,-0.926047,0.582131,-2.278388,0.159102,-0.159102
16.850000,-0.009856,0.052468,0.124784,-0.901093,0.463291,-1.882173,0.174094,-0.174094
16.860000,-0.009722,0.047124,0.143711,-0.945354,0.485882,-1.299649,0.188325,-0.188325
16.870000,-0.007664,0.042121,0.124589,-0.910375,0.409219,-1.012586,0.201742,-0.201742
16.880000,-0.006332,0.029715,0.132440,-1.041475,0.347721,-0.515958,0.214297,-0.214297
16.890000,-0.004442,0.020160,0.134834,-0.931165,0.268834,-0.155615,0.225944,-0.225944
16.900000,-0.003366,0.009164,0.152577,-0.873451,0.206737,0.222273,0.236643,-0.236643
16.910000,-0.002117,-0.000162,0.139332,-0.967029,0.138364,0.653674,0.246355,-0.246355
16.920000,-0.000586,-0.009122,0.152034,-0.871274,0.069089,0.957391,0.255047,-0.255047
16.930000,0.000968,-0.020513,0.159877,-0.889154,0.004465,1.304879,0.262690,-0.262690
16.940000,0.002586,-0.027767,0.138987,-0.865614,-0.055695,1.807932,0.269260,-0.269260
16.950000,0.003791,-0.038238,0.131094,-0.985388,-0.121676,1.945423,0.274735,-0.274735
16.960000,0.004761,-0.048254,0.146085,-0.893017,-0.184205,2.353823,0.279099,-0.279099
16.970000,0.006223,-0.054889,0.152955,-0.815913,-0.241139,2.845240,0.282341,-0.282341
16.980000,0.007476,-0.069721,0.140758,-0.854979,-0.270873,2.905027,0.284454,-0.284454
16.990000,0.008995,-0.078228,0.132280,-0.756862,-0.347162,3.606966,0.285434,-0.285434
17.000000,0.010145,-0.077983,0.132362,-0.805399,-0.381799,3.397589,0.285285,-0.285285
17.010000,0.011663,-0.084818,0.131156,-0.718215,-0.502629,3.758915,0.284011,-0.284011
17.020000,0.012399,-0.092175,0.121073,-0.642072,-0.548202,3.756280,0.281623,-0.281623
17.030000,0.013348,-0.095097,0.122395,-0.618045,-0.516076,4.086585,0.278138,-0.278138
17.040000,0.015260,-0.103427,0.117246,-0.598209,-0.598383,4.162081,0.273572,-0.273572
17.050000,0.018095,-0.112747,0.107053,-0.520338,-0.640280,4.318298,0.267951,-0.267951
17.060000,0.016623,-0.128266,0.107222,-0.479851,-0.659726,4.598712,0.261302,-0.261302
17.070000,0.017107,-0.120930,0.090317,-0.418196,-0.658172,4.674781,0.253655,-0.253655
17.080000,0.019337,-0.122961,0.089738,-0.413997,-0.766922,5.242712,0.245047,-0.245047
17.090000,0.020775,-0.130270,0.068853,-0.353266,-0.865835,5.786256,0.235515,-0.235515
17.100000,0.021321,-0.140884,0.063226,-0.312029,-0.791846,4.978400,0.225102,-0.225102
17.110000,0.020719,-0.144249,0.055694,-0.242588,-0.872833,5.932107,0.213853,-0.213853
17.120000,0.022913,-0.129967,0.048520,-0.196742,-0.925069,6.013474,0.201817,-0.201817
17.130000,0.021629,-0.133915,0.044450,-0.141763,-0.826948,5.651535,0.189046,-0.189046
17.140000,0.022096,-0.148138,0.034181,-0.071499,-0.959211,5.095214,0.175593,-0.175593
17.150000,0.022060,-0.151704,0.021685,-0.017748,-0.928244,5.085164,0.161514,-0.161514
17.160000,0.021705,-0.153596,0.015366,0.037445,-0.880452,5.596547,0.146869,-0.146869
17.170000,0.025010,-0.152837,0.004869,0.094777,-0.888489,5.917458,0.131718,-0.131718
17.180000,0.026004,-0.154891,-0.005199,0.138492,-0.955136,5.235043,0.116123,-0.116123
17.190000,0.024824,-0.151431,-0.015004,0.193385,-0.864965,5.133106,0.100148,-0.100148
17.200000,0.025721,-0.123972,-0.023766,0.271557,-0.952508,5.222227,0.083858,-0.083858
17.210000,0.024664,-0.137871,-0.031512,0.303809,-0.979256,4.917258,0.067319,-0.067319
17.220000,0.020810,-0.124810,-0.047294,0.367746,-0.887324,4.986511,0.050596,-0.050596
17.230000,0.023374,-0.131314,-0.056116,0.375477,-0.940815,5.237845,0.033758,-0.033758
17.240000,0.023867,-0.115293,-0.061918,0.413708,-0.820444,4.963121,0.016870,-0.016870
17.250000,0.020927,-0.124496,-0.069811,0.477841,-0.794610,4.780255,0.000000,-0.000000
17.260000,0.022118,-0.106897,-0.084491,0.569152,-0.919574,3.844704,-0.016786,0.016786
17.270000,0.021481,-0.117154,-0.089206,0.563063,-0.748679,3.769440,-0.033422,0.033422
17.280000,0.020002,-0.105644,-0.094538,0.590937,-0.836446,3.647825,-0.049843,0.049843
17.290000,0.018496,-0.100172,-0.098779,0.650495,-0.705079,3.167789,-0.065986,0.065986
17.300000,0.017836,-0.095272,-0.113075,0.684173,-0.705421,3.349167,-0.081788,0.081788
17.310000,0.014536,-0.082877,-0.106299,0.706298,-0.649637,2.789893,-0.097189,0.097189
17.320000,0.012989,-0.069856,-0.117127,0.688694,-0.566766,2.751275,-0.112129,0.112129
17.330000,0.012515,-0.061264,-0.120620,0.752172,-0.567915,2.004705,-0.126554,0.126554
17.340000,0.011488,-0.063389,-0.125211,0.788469,-0.505961,1.812599,-0.140407,0.140407
17.350000,0.010837,-0.053018,-0.131477,0.866014,-0.444954,1.593790,-0.153637,0.153637
17.360000,0.009257,-0.045381,-0.136624,0.844963,-0.400206,1.152363,-0.166196,0.166196
17.370000,0.007563,-0.030655,-0.152465,0.802729,-0.320242,0.809495,-0.178037,0.178037
17.380000,0.006364,-0.023122,-0.136919,0.903038,-0.271909,0.514632,-0.189116,0.189116
17.390000,0.004155,-0.015745,-0.164788,0.920972,-0.200786,0.158418,-0.199395,0.199395
17.400000,0.002969,-0.008105,-0.143020,0.929085,-0.169755,-0.195408,-0.208837,0.208837
17.410000,0.001469,0.000329,-0.155939,0.795630,-0.095690,-0.540761,-0.217407,0.217407
17.420000,-0.000199,0.007871,-0.141651,0.900944,-0.032064,-0.911812,-0.225078,0.225078
17.430000,-0.001631,0.016971,-0.171403,0.772855,0.027277,-1.224330,-0.231823,0.231823
17.440000,-0.003620,0.026915,-0.155924,0.801762,0.077045,-1.624547,-0.237621,0.237621
17.450000,-0.004876,0.030785,-0.164093,0.823115,0.143941,-1.640850,-0.242452,0.242452
17.460000,-0.006036,0.037066,-0.151780,0.748453,0.210976,-2.146985,-0.246304,0.246304
17.470000,-0.008497,0.047623,-0.152571,0.745559,0.264856,-2.172902,-0.249165,0.249165
17.480000,-0.008991,0.058204,-0.146387,0.672477,0.335110,-2.724710,-0.251030,0.251030
17.490000,-0.011222,0.065060,-0.135643,0.635541,0.358721,-3.149329,-0.251895,0.251895
17.500000,-0.013080,0.065958,-0.133390,0.731810,0.389610,-3.155373,-0.251763,0.251763
17.510000,-0.014665,0.082084,-0.124136,0.658347,0.499901,-3.563018,-0.250639,0.250639
17.520000,-0.015559,0.082243,-0.119914,0.608039,0.476348,-3.844516,-0.248532,0.248532
17.530000,-0.015474,0.087205,-0.116141,0.578392,0.524480,-3.708536,-0.245456,0.245456
17.540000,-0.016461,0.086425,-0.126569,0.566468,0.578187,-4.214796,-0.241427,0.241427
17.550000,-0.017650,0.098667,-0.120554,0.446440,0.691678,-4.602057,-0.236466,0.236466
17.560000,-0.017883,0.099590,-0.114399,0.425870,0.707168,-4.272777,-0.230598,0.230598
17.570000,-0.022209,0.108363,-0.089636,0.387749,0.781267,-4.415698,-0.223850,0.223850
17.580000,-0.022747,0.108035,-0.098278,0.344913,0.832375,-4.776091,-0.216253,0.216253
17.590000,-0.023736,0.113496,-0.076218,0.308695,0.742816,-4.601600,-0.207841,0.207841
17.600000,-0.025667,0.112303,-0.078181,0.259881,0.789510,-4.540998,-0.198652,0.198652
17.610000,-0.024432,0.121462,-0.070023,0.201298,0.811500,-5.116467,-0.188725,0.188725
17.620000,-0.022760,0.130779,-0.059977,0.149074,0.959578,-4.503480,-0.178103,0.178103
17.630000,-0.026688,0.134104,-0.046166,0.118757,0.952243,-4.569916,-0.166832,0.166832
17.640000,-0.025926,0.134350,-0.037072,0.057169,0.988751,-5.217980,-0.154960,0.154960
17.650000,-0.024411,0.136327,-0.034279,0.010833,0.966562,-4.929926,-0.142536,0.142536
17.660000,-0.024579,0.130264,-0.021153,-0.036707,0.987371,-4.793132,-0.129612,0.129612
17.670000,-0.025881,0.128572,-0.013724,-0.095238,0.927449,-4.904009,-0.116241,0.116241
17.680000,-0.027095,0.123990,-0.002974,-0.147919,1.033300,-4.585544,-0.102479,0.102479
17.690000,-0.027533,0.111139,0.005918,-0.194344,0.887291,-4.652843,-0.088381,0.088381
17.700000,-0.025382,0.115715,0.016225,-0.227768,0.911019,-4.480524,-0.074005,0.074005
17.710000,-0.023929,0.122155,0.026900,-0.275466,0.890196,-4.068020,-0.059409,0.059409
17.720000,-0.025906,0.109772,0.037422,-0.315871,0.992410,-4.629773,-0.044651,0.044651
17.730000,-0.027762,0.111535,0.041083,-0.386885,0.837307,-3.873640,-0.029791,0.029791
17.740000,-0.024678,0.112064,0.052640,-0.407779,0.822233,-3.998544,-0.014888,0.014888
17.750000,-0.022787,0.110963,0.057401,-0.485372,0.814082,-3.969424,0.000000,-0.000000
17.760000,-0.021709,0.092081,0.064891,-0.513516,0.821154,-3.442223,0.014813,-0.014813
17.770000,-0.023988,0.101172,0.072181,-0.536865,0.748650,-3.338776,0.029495,-0.029495
17.780000,-0.020622,0.083454,0.093876,-0.582171,0.814118,-3.333958,0.043986,-0.043986
17.790000,-0.021416,0.079514,0.091471,-0.628885,0.722860,-3.014991,0.058232,-0.058232
17.800000,-0.020015,0.081351,0.105969,-0.644534,0.786267,-2.742262,0.072178,-0.072178
17.810000,-0.020551,0.064475,0.110485,-0.603316,0.688169,-2.602805,0.085769,-0.085769
17.820000,-0.016613,0.057951,0.108372,-0.693707,0.577012,-2.115459,0.098954,-0.098954
17.830000,-0.016358,0.052996,0.118309,-0.653720,0.529319,-1.718771,0.111683,-0.111683
17.840000,-0.014338,0.045680,0.139348,-0.717089,0.498366,-1.543572,0.123908,-0.123908
17.850000,-0.013595,0.038690,0.140645,-0.657730,0.488765,-1.426552,0.135584,-0.135584
17.860000,-0.013150,0.035773,0.126286,-0.655653,0.476832,-1.109357,0.146667,-0.146667
17.870000,-0.011722,0.027477,0.151935,-0.709681,0.392366,-0.770507,0.157117,-0.157117
17.880000,-0.010201,0.020605,0.140251,-0.720976,0.342510,-0.411930,0.166895,-0.166895
17.890000,-0.008718,0.013291,0.134978,-0.753920,0.261287,-0.118732,0.175966,-0.175966
17.900000,-0.007917,0.005554,0.154809,-0.675763,0.206396,0.198222,0.184298,-0.184298
17.910000,-0.005561,-0.002279,0.148228,-0.726071,0.177149,0.522105,0.191861,-0.191861
17.920000,-0.004774,-0.008899,0.160156,-0.700418,0.103688,0.735268,0.198631,-0.198631
17.930000,-0.003067,-0.015313,0.138958,-0.783346,0.053153,1.145091,0.204583,-0.204583
17.940000,-0.001467,-0.025913,0.160454,-0.697059,-0.007881,1.216022,0.209700,-0.209700
17.950000,0.000178,-0.032396,0.143002,-0.720192,-0.062627,1.697110,0.213964,-0.213964
17.960000,0.001541,-0.040627,0.160726,-0.617857,-0.127153,1.888729,0.217363,-0.217363
17.970000,0.002960,-0.044196,0.147760,-0.698917,-0.174108,2.136159,0.219888,-0.219888
17.980000,0.005120,-0.052732,0.147120,-0.648107,-0.218592,2.261532,0.221533,-0.221533
17.990000,0.005628,-0.057873,0.140129,-0.556945,-0.249315,2.603538,0.222297,-0.222297
18.000000,0.007617,-0.057532,0.145063,-0.572848,-0.331732,2.639206,0.222180,-0.222180
18.010000,0.009294,-0.067561,0.150788,-0.549131,-0.397418,2.818361,0.221188,-0.221188
18.020000,0.010314,-0.076230,0.127865,-0.544262,-0.461140,3.205178,0.219329,-0.219329
18.030000,0.012673,-0.078592,0.122282,-0.495411,-0.431053,3.350800,0.216614,-0.216614
18.040000,0.012469,-0.075754,0.115511,-0.447388,-0.557321,3.521574,0.213058,-0.213058
18.050000,0.014876,-0.085878,0.110712,-0.419623,-0.527390,3.382944,0.208681,-0.208681
18.060000,0.016212,-0.088748,0.104800,-0.396336,-0.615163,3.800608,0.203502,-0.203502
18.070000,0.016133,-0.091745,0.115763,-0.357337,-0.596768,4.225396,0.197547,-0.197547
18.080000,0.017902,-0.095298,0.113415,-0.288046,-0.713472,4.221526,0.190842,-0.190842
18.090000,0.019282,-0.100100,0.104178,-0.263259,-0.732254,3.974849,0.183419,-0.183419
18.100000,0.021407,-0.106820,0.089729,-0.225413,-0.712101,4.631004,0.175309,-0.175309
18.110000,0.022148,-0.108443,0.089625,-0.188391,-0.781604,3.998427,0.166549,-0.166549
18.120000,0.022532,-0.101887,0.078980,-0.126993,-0.705328,4.615528,0.157175,-0.157175
18.130000,0.023808,-0.102370,0.069477,-0.080859,-0.794263,4.233514,0.147229,-0.147229
18.140000,0.023391,-0.111018,0.052733,-0.043681,-0.798297,4.393925,0.136752,-0.136752
18.150000,0.020913,-0.103859,0.046786,-0.000422,-0.802321,4.300585,0.125787,-0.125787
18.160000,0.024290,-0.101896,0.040020,0.045915,-0.880103,4.573868,0.114382,-0.114382
18.170000,0.022957,-0.102243,0.032533,0.082452,-0.856951,3.976940,0.102582,-0.102582
18.180000,0.022657,-0.109797,0.024711,0.120573,-0.882340,3.955274,0.090437,-0.090437
18.190000,0.024256,-0.105935,0.015985,0.154181,-0.858466,3.970546,0.077996,-0.077996
18.200000,0.026555,-0.106672,0.007715,0.201213,-0.839847,4.319880,0.065309,-0.065309
18.210000,0.024975,-0.108533,-0.001515,0.271351,-0.897275,3.888670,0.052428,-0.052428
18.220000,0.022317,-0.099274,-0.010497,0.315722,-0.834642,4.159230,0.039404,-0.039404
18.230000,0.025939,-0.092404,-0.019527,0.331993,-0.891400,3.712656,0.026291,-0.026291
18.240000,0.022027,-0.098759,-0.029598,0.388230,-0.909408,3.397064,0.013138,-0.013138
18.250000,0.024534,-0.090171,-0.037369,0.437833,-0.738540,3.126282,0.000000,-0.000000
18.260000,0.021582,-0.081409,-0.041892,0.426560,-0.826147,3.037478,-0.013073,0.013073
18.270000,0.023102,-0.087669,-0.048950,0.507126,-0.855167,2.974621,-0.026029,0.026029
18.280000,0.022899,-0.076674,-0.057465,0.456730,-0.751575,3.025517,-0.038818,0.038818
18.290000,0.023888,-0.071895,-0.067020,0.491662,-0.678643,2.813228,-0.051390,0.051390
18.300000,0.022515,-0.064602,-0.067862,0.578825,-0.692660,2.130850,-0.063696,0.063696
18.310000,0.020148,-0.061005,-0.073060,0.558550,-0.610955,2.041817,-0.075691,0.075691
18.320000,0.018334,-0.055979,-0.088687,0.579025,-0.656947,1.937902,-0.087326,0.087326
18.330000,0.020430,-0.046902,-0.099327,0.654713,-0.588924,1.541023,-0.098560,0.098560
18.340000,0.018688,-0.044181,-0.105730,0.676797,-0.507410,1.263766,-0.109349,0.109349
18.350000,0.018259,-0.036220,-0.105884,0.595785,-0.525553,1.117125,-0.119653,0.119653
18.360000,0.016235,-0.027720,-0.111432,0.603968,-0.504553,0.847460,-0.129434,0.129434
18.370000,0.015309,-0.021453,-0.119665,0.653671,-0.449991,0.561845,-0.138655,0.138655
18.380000,0.012691,-0.014965,-0.122536,0.658585,-0.381082,0.349202,-0.147284,0.147284
18.390000,0.012223,-0.008602,-0.128811,0.715576,-0.332432,0.068197,-0.155289,0.155289
18.400000,0.011266,-0.003025,-0.118219,0.698184,-0.265398,-0.197326,-0.162642,0.162642
18.410000,0.009921,0.003716,-0.134101,0.591559,-0.223755,-0.414270,-0.169317,0.169317
18.420000,0.008068,0.011021,-0.117694,0.629214,-0.187119,-0.750809,-0.175291,0.175291
18.430000,0.007601,0.017989,-0.116838,0.581088,-0.127628,-1.034186,-0.180544,0.180544
18.440000,0.005305,0.024391,-0.134086,0.647430,-0.073994,-1.270933,-0.185059,0.185059
18.450000,0.004398,0.029730,-0.126604,0.608246,-0.033904,-1.581897,-0.188822,0.188822
18.460000,0.002996,0.037164,-0.127489,0.627427,0.017952,-1.806000,-0.191822,0.191822
18.470000,0.002109,0.043209,-0.139806,0.525843,0.060675,-2.038257,-0.194050,0.194050
18.480000,0.000581,0.048035,-0.124468,0.516632,0.101591,-2.287371,-0.195502,0.195502
18.490000,-0.000668,0.057029,-0.136904,0.575794,0.160059,-2.101741,-0.196176,0.196176
18.500000,-0.001964,0.052405,-0.131210,0.522887,0.183239,-2.443314,-0.196073,0.196073
18.510000,-0.003459,0.068042,-0.117830,0.468530,0.237840,-2.710788,-0.195198,0.195198
18.520000,-0.004721,0.061915,-0.128196,0.486248,0.262950,-3.065570,-0.193557,0.193557
18.530000,-0.005589,0.064911,-0.115564,0.403722,0.323429,-2.750131,-0.191161,0.191161
18.540000,-0.006459,0.073433,-0.110536,0.381446,0.393406,-3.449240,-0.188023,0.188023
18.550000,-0.007145,0.074526,-0.117277,0.343953,0.370675,-3.529298,-0.184160,0.184160
18.560000,-0.009584,0.089014,-0.103283,0.364167,0.470841,-3.282899,-0.179590,0.179590
18.570000,-0.009585,0.083003,-0.098069,0.313644,0.462815,-3.199501,-0.174335,0.174335
18.580000,-0.010982,0.082786,-0.106114,0.245262,0.494423,-3.683685,-0.168418,0.168418
18.590000,-0.012550,0.082795,-0.100620,0.242399,0.577423,-3.404314,-0.161867,0.161867
18.600000,-0.012708,0.089991,-0.089198,0.197960,0.590315,-3.564014,-0.154710,0.154710
18.610000,-0.014282,0.095717,-0.079484,0.138306,0.609435,-3.952510,-0.146979,0.146979
18.620000,-0.015466,0.101878,-0.069026,0.107239,0.575802,-4.110665,-0.138707,0.138707
18.630000,-0.015139,0.091297,-0.065263,0.066896,0.678726,-3.561002,-0.129929,0.129929
18.640000,-0.015710,0.103273,-0.061667,0.035272,0.677052,-3.677295,-0.120683,0.120683
18.650000,-0.017162,0.097222,-0.058824,-0.003820,0.709545,-3.939520,-0.111007,0.111007
18.660000,-0.016547,0.104793,-0.047879,-0.044246,0.727321,-3.953356,-0.100942,0.100942
18.670000,-0.017041,0.098791,-0.042592,-0.077775,0.655661,-3.820065,-0.090529,0.090529
18.680000,-0.019234,0.103584,-0.031470,-0.120234,0.715788,-3.594794,-0.079810,0.079810
18.690000,-0.019045,0.094592,-0.029179,-0.157959,0.688351,-3.863958,-0.068831,0.068831
18.700000,-0.018631,0.088186,-0.020912,-0.179417,0.724250,-3.322189,-0.057635,0.057635
18.710000,-0.017829,0.098749,-0.012678,-0.234878,0.658943,-3.639598,-0.046267,0.046267
18.720000,-0.018842,0.092115,-0.006087,-0.265242,0.759742,-3.471729,-0.034774,0.034774
18.730000,-0.017065,0.080677,0.001356,-0.316681,0.654902,-3.530813,-0.023201,0.023201
18.740000,-0.018876,0.078255,0.009077,-0.360263,0.764286,-3.437476,-0.011595,0.011595
18.750000,-0.018064,0.085246,0.013913,-0.350935,0.620906,-3.202225,-0.000000,0.000000
18.760000,-0.019890,0.076704,0.020815,-0.389492,0.706499,-2.693193,0.011537,-0.011537
18.770000,-0.016418,0.066787,0.029913,-0.396980,0.657459,-2.776616,0.022970,-0.022970
18.780000,-0.018962,0.062191,0.036213,-0.447399,0.659517,-2.580064,0.034257,-0.034257
18.790000,-0.016338,0.066952,0.044136,-0.432290,0.587596,-2.368003,0.045351,-0.045351
18.800000,-0.017086,0.057376,0.045950,-0.528384,0.557541,-1.914755,0.056212,-0.056212
18.810000,-0.017466,0.049165,0.050587,-0.541039,0.574482,-1.813042,0.066797,-0.066797
18.820000,-0.014865,0.046194,0.060139,-0.500047,0.538113,-1.546086,0.077065,-0.077065
18.830000,-0.016279,0.043971,0.062727,-0.571025,0.505035,-1.381652,0.086979,-0.086979
18.840000,-0.013177,0.036105,0.072016,-0.601401,0.489975,-1.335993,0.096500,-0.096500
18.850000,-0.013450,0.030413,0.067402,-0.527116,0.456632,-0.899959,0.105593,-0.105593
18.860000,-0.013822,0.023773,0.071957,-0.604963,0.426016,-0.700967,0.114225,-0.114225
18.870000,-0.012375,0.021532,0.076293,-0.628369,0.360337,-0.520670,0.122363,-0.122363
18.880000,-0.011094,0.014577,0.084100,-0.599700,0.349246,-0.325304,0.129978,-0.129978
18.890000,-0.011623,0.009178,0.090703,-0.549343,0.301550,-0.064587,0.137042,-0.137042
18.900000,-0.009684,0.002718,0.094790,-0.590141,0.275908,0.165385,0.143531,-0.143531
18.910000,-0.008194,-0.003340,0.090011,-0.593465,0.231637,0.370196,0.149422,-0.149422
18.920000,-0.007960,-0.008599,0.094632,-0.630182,0.170085,0.682461,0.154694,-0.154694
18.930000,-0.006636,-0.014059,0.088010,-0.556487,0.124352,0.932131,0.159330,-0.159330
18.940000,-0.005643,-0.020996,0.102126,-0.557995,0.089747,1.038894,0.163314,-0.163314
18.950000,-0.004678,-0.026185,0.107373,-0.506434,0.049937,1.214067,0.166635,-0.166635
18.960000,-0.004181,-0.032904,0.093414,-0.541944,0.014443,1.499049,0.169282,-0.169282
18.970000,-0.002800,-0.038760,0.095019,-0.474236,-0.024135,1.532657,0.171249,-0.171249
18.980000,-0.002021,-0.038780,0.091941,-0.489688,-0.064192,1.781275,0.172530,-0.172530
18.990000,-0.001043,-0.042437,0.091522,-0.486882,-0.104441,1.927781,0.173125,-0.173125
19.000000,-0.000023,-0.049063,0.096752,-0.472249,-0.146538,2.429629,0.173034,-0.173034
19.010000,0.000910,-0.056945,0.097130,-0.466083,-0.163577,2.449970,0.172261,-0.172261
19.020000,0.001882,-0.063720,0.095471,-0.375114,-0.206236,2.424073,0.170813,-0.170813
19.030000,0.002607,-0.064717,0.082693,-0.404082,-0.250665,2.851843,0.168699,-0.168699
19.040000,0.003910,-0.063532,0.091467,-0.369893,-0.282250,2.610809,0.165930,-0.165930
19.050000,0.004685,-0.066403,0.086148,-0.332595,-0.337062,2.690407,0.162521,-0.162521
19.060000,0.005083,-0.078027,0.077406,-0.277175,-0.371450,2.942478,0.158488,-0.158488
19.070000,0.006146,-0.081456,0.085529,-0.277515,-0.383787,3.321863,0.153850,-0.153850
19.080000,0.006763,-0.078252,0.068728,-0.245460,-0.407629,3.551078,0.148628,-0.148628
19.090000,0.008317,-0.086168,0.066413,-0.201112,-0.421949,3.348692,0.142847,-0.142847
19.100000,0.007647,-0.078288,0.069121,-0.187614,-0.412123,3.679453,0.136531,-0.136531
19.110000,0.009044,-0.080860,0.056777,-0.125890,-0.497024,3.270570,0.129708,-0.129708
19.120000,0.010422,-0.090605,0.052432,-0.104886,-0.495495,3.362818,0.122408,-0.122408
19.130000,0.011041,-0.095410,0.046847,-0.066766,-0.551040,3.739698,0.114662,-0.114662
19.140000,0.011227,-0.096111,0.043603,-0.037344,-0.561431,3.258717,0.106502,-0.106502
19.150000,0.011517,-0.086541,0.043399,0.000350,-0.500031,3.175910,0.097963,-0.097963
19.160000,0.012486,-0.091069,0.033290,0.031985,-0.510860,3.133235,0.089081,-0.089081
19.170000,0.011435,-0.094597,0.029768,0.068427,-0.541163,3.170973,0.079891,-0.079891
19.180000,0.013126,-0.086819,0.026822,0.098759,-0.540703,3.134931,0.070432,-0.070432
19.190000,0.012823,-0.083450,0.019747,0.149115,-0.542202,3.085626,0.060743,-0.060743
19.200000,0.013229,-0.091324,0.012511,0.165304,-0.583373,3.357956,0.050863,-0.050863
19.210000,0.012427,-0.079873,0.008735,0.205415,-0.569024,3.108630,0.040831,-0.040831
19.220000,0.011881,-0.080136,0.002564,0.227359,-0.594691,3.058200,0.030688,-0.030688
19.230000,0.011397,-0.073008,-0.003048,0.244306,-0.562176,2.870459,0.020475,-0.020475
19.240000,0.012142,-0.067499,-0.008911,0.306780,-0.499245,2.883057,0.010232,-0.010232
19.250000,0.012246,-0.075802,-0.012930,0.335178,-0.579316,2.847412,0.000000,-0.000000
19.260000,0.013370,-0.066811,-0.019442,0.361160,-0.504651,2.415887,-0.010181,0.010181
19.270000,0.012843,-0.062407,-0.022338,0.354589,-0.493541,2.345373,-0.020271,0.020271
19.280000,0.012765,-0.058135,-0.030717,0.366585,-0.532518,2.020175,-0.030231,0.030231
19.290000,0.012413,-0.058323,-0.032059,0.375942,-0.449926,1.853734,-0.040022,0.040022
19.300000,0.010654,-0.048630,-0.036321,0.430633,-0.463891,2.009377,-0.049607,0.049607
19.310000,0.010096,-0.049834,-0.042561,0.410158,-0.448848,1.638692,-0.058948,0.058948
19.320000,0.009489,-0.045938,-0.044311,0.508017,-0.443971,1.448615,-0.068010,0.068010
19.330000,0.009858,-0.041357,-0.052425,0.477863,-0.415140,1.395198,-0.076759,0.076759
19.340000,0.010036,-0.031089,-0.056354,0.463865,-0.380460,1.069062,-0.085161,0.085161
19.350000,0.009118,-0.029897,-0.055156,0.549955,-0.344651,0.840264,-0.093186,0.093186
19.360000,0.007873,-0.023603,-0.056031,0.556156,-0.303657,0.639881,-0.100803,0.100803
19.370000,0.007556,-0.019705,-0.064720,0.532080,-0.275579,0.527983,-0.107985,0.107985
19.380000,0.007164,-0.015316,-0.062546,0.564362,-0.257847,0.307543,-0.114705,0.114705
19.390000,0.006598,-0.008343,-0.062910,0.550253,-0.190955,0.073076,-0.120939,0.120939
19.400000,0.005761,-0.003796,-0.071854,0.563512,-0.176870,-0.127219,-0.126666,0.126666
19.410000,0.004354,0.001487,-0.073209,0.545052,-0.145631,-0.349447,-0.131864,0.131864
19.420000,0.004177,0.007029,-0.077585,0.537463,-0.097514,-0.582934,-0.136517,0.136517
19.430000,0.003096,0.011806,-0.074236,0.471507,-0.069391,-0.702232,-0.140608,0.140608
19.440000,0.002489,0.016948,-0.076871,0.536826,-0.043691,-1.011075,-0.144124,0.144124
19.450000,0.001479,0.020308,-0.072460,0.459401,-0.006012,-1.137784,-0.147055,0.147055
19.460000,0.000804,0.025467,-0.083069,0.451256,0.026852,-1.342918,-0.149391,0.149391
19.470000,0.000104,0.031632,-0.082182,0.423237,0.061175,-1.545824,-0.151126,0.151126
19.480000,-0.000693,0.038091,-0.071707,0.425945,0.098292,-1.515502,-0.152257,0.152257
19.490000,-0.001443,0.037751,-0.066142,0.442062,0.126583,-1.703948,-0.152782,0.152782
19.500000,-0.001913,0.042799,-0.076209,0.424896,0.147038,-2.070775,-0.152702,0.152702
19.510000,-0.002673,0.048454,-0.064777,0.420664,0.169717,-1.965911,-0.152020,0.152020
19.520000,-0.003780,0.054960,-0.065272,0.359907,0.229866,-2.256501,-0.150742,0.150742
19.530000,-0.003952,0.058238,-0.064788,0.359793,0.260148,-2.288140,-0.148876,0.148876
19.540000,-0.005037,0.064808,-0.059667,0.344471,0.251341,-2.554221,-0.146433,0.146433
19.550000,-0.005776,0.056134,-0.065958,0.281503,0.268779,-2.820415,-0.143424,0.143424
19.560000,-0.005795,0.060842,-0.058899,0.253916,0.293223,-2.600236,-0.139865,0.139865
19.570000,-0.005976,0.061399,-0.057802,0.228957,0.337981,-2.779632,-0.135772,0.135772
19.580000,-0.006995,0.070841,-0.046772,0.212176,0.386837,-2.864297,-0.131164,0.131164
19.590000,-0.007403,0.068502,-0.047777,0.194307,0.373675,-3.020104,-0.126062,0.126062
19.600000,-0.008715,0.080891,-0.040701,0.151950,0.431922,-2.747206,-0.120488,0.120488
19.610000,-0.008807,0.080982,-0.041679,0.138598,0.421072,-2.777467,-0.114467,0.114467
19.620000,-0.008125,0.082178,-0.035059,0.091876,0.454117,-3.131158,-0.108025,0.108025
19.630000,-0.009108,0.084000,-0.031478,0.067668,0.411542,-3.153457,-0.101189,0.101189
19.640000,-0.008789,0.072006,-0.024159,0.032006,0.474146,-2.770101,-0.093988,0.093988
19.650000,-0.010330,0.084334,-0.022427,0.004548,0.440182,-3.190982,-0.086452,0.086452
19.660000,-0.009845,0.084926,-0.018002,-0.023430,0.446882,-2.978376,-0.078613,0.078613
19.670000,-0.010682,0.075471,-0.011334,-0.050884,0.470066,-2.853669,-0.070504,0.070504
19.680000,-0.010075,0.080538,-0.007390,-0.089057,0.493352,-2.963354,-0.062156,0.062156
19.690000,-0.010879,0.081559,-0.002720,-0.110963,0.518320,-2.983345,-0.053606,0.053606
19.700000,-0.009633,0.072700,0.001819,-0.153918,0.448809,-2.758795,-0.044886,0.044886
19.710000,-0.010200,0.071505,0.006802,-0.171350,0.495428,-2.984989,-0.036033,0.036033
19.720000,-0.011005,0.065413,0.011199,-0.200917,0.444900,-2.450218,-0.027082,0.027082
19.730000,-0.009498,0.066631,0.015696,-0.246454,0.470062,-2.785478,-0.018069,0.018069
19.740000,-0.010385,0.060677,0.019202,-0.259726,0.425499,-2.507354,-0.009030,0.009030
19.750000,-0.008622,0.066493,0.026008,-0.257291,0.446007,-2.460271,0.000000,-0.000000
19.760000,-0.009864,0.064040,0.026615,-0.285001,0.390341,-2.431939,0.008985,-0.008985
19.770000,-0.008841,0.053108,0.032648,-0.344014,0.445703,-2.296058,0.017889,-0.017889
19.780000,-0.008679,0.059763,0.039731,-0.354028,0.359041,-2.098674,0.026679,-0.026679
19.790000,-0.007962,0.050842,0.041438,-0.358689,0.408559,-1.720997,0.035320,-0.035320
19.800000,-0.008412,0.045933,0.044271,-0.339085,0.365918,-1.703585,0.043778,-0.043778
19.810000,-0.007462,0.041023,0.051187,-0.413586,0.336026,-1.462368,0.052021,-0.052021
19.820000,-0.006921,0.035653,0.046622,-0.438070,0.286334,-1.219549,0.060019,-0.060019
19.830000,-0.005889,0.033929,0.050474,-0.454265,0.289991,-1.148891,0.067739,-0.067739
19.840000,-0.006249,0.028904,0.060907,-0.426789,0.245545,-1.037113,0.075154,-0.075154
19.850000,-0.005532,0.028004,0.063757,-0.404312,0.246785,-0.734220,0.082236,-0.082236
19.860000,-0.004704,0.020636,0.064383,-0.477451,0.231083,-0.681066,0.088958,-0.088958
19.870000,-0.004121,0.016609,0.068742,-0.449110,0.177692,-0.438331,0.095296,-0.095296
19.880000,-0.003387,0.014205,0.070638,-0.414361,0.165102,-0.254098,0.101227,-0.101227
19.890000,-0.002802,0.008219,0.070342,-0.488158,0.119139,-0.092839,0.106729,-0.106729
19.900000,-0.001882,0.004137,0.066613,-0.476547,0.095183,0.095859,0.111782,-0.111782
19.910000,-0.001298,-0.000377,0.071366,-0.422565,0.074891,0.271138,0.116370,-0.116370
19.920000,-0.000466,-0.004906,0.076112,-0.466788,0.043307,0.479219,0.120476,-0.120476
19.930000,0.000205,-0.010258,0.066499,-0.423908,0.011399,0.653546,0.124086,-0.124086
19.940000,0.000929,-0.013864,0.063889,-0.430175,-0.020581,0.827664,0.127189,-0.127189
19.950000,0.001671,-0.016325,0.063981,-0.462427,-0.052389,0.952804,0.129775,-0.129775
19.960000,0.002367,-0.021399,0.064719,-0.442105,-0.085712,1.028556,0.131837,-0.131837
19.970000,0.002887,-0.027124,0.066170,-0.445211,-0.111011,1.180614,0.133369,-0.133369
19.980000,0.003890,-0.033369,0.071356,-0.399989,-0.143902,1.336738,0.134366,-0.134366
19.990000,0.004231,-0.031332,0.066018,-0.403701,-0.170386,1.467028,0.134830,-0.134830
20.000000,0.004502,-0.041861,0.060881,-0.359109,-0.186099,1.813481,0.000000,0.000000
